:1000000090340120192B010001AE0300052B0100E3
:10001000052B0100052B0100052B0100052B01001C
:10002000000000000000000000000000B92C0100EA
:10003000052B010000000000152C0100052B01001C
:10004000052F0100052F0100052F0100052F0100DC
:10005000052F0100052F0100052F0100052F0100CC
:10006000052F0100052F0100052F0100052F0100BC
:10007000052F0100052F0100052F0100052F0100AC
:10008000052F0100052F0100052F0100052F01009C
:10009000052F0100052F0100052F0100052F01008C
:1000A000052F0100052F0100052F0100052F01007C
:1000B000052F0100052F0100052F0100052F01006C
:1000C000052F0100052F0100052F0100052F01005C
:1000D000052F0100052F0100052F0100052F01004C
:1000E000052F0100052F0100052F0100052F01003C
:1000F000052F0100052F0100052F0100052F01002C
:10010000052F0100052F0100052F0100052F01001B
:10011000052F0100052F0100052F0100052F01000B
:10012000052F0100052F0100052F0100052F0100FB
:10013000052F0100052F0100052F0100052F0100EB
:10014000052F0100052F0100052F0100052F0100DB
:10015000052F0100052F0100052F0100052F0100CB
:10016000052F0100052F0100052F0100052F0100BB
:10017000052F0100052F0100052F0100052F0100AB
:10018000052F0100052F0100052F0100052F01009B
:10019000052F0100052F0100052F0100052F01008B
:1001A000052F0100052F0100052F0100052F01007B
:1001B000052F0100052F0100052F0100052F01006B
:1001C000052F0100052F0100052F0100052F01005B
:1001D000052F0100052F0100052F0100052F01004B
:1001E000052F0100052F0100052F0100052F01003B
:1001F000052F0100052F0100052F0100052F01002B
:10020000052F0100052F0100052F0100052F01001A
:10021000052F0100052F0100052F0100052F01000A
:10022000052F0100052F0100052F0100052F0100FA
:10023000052F0100052F0100052F0100052F0100EA
:10024000052F0100052F0100052F0100052F0100DA
:10025000052F01007FDE0300052F0100052F01009F
:10026000052F0100052F010069DE0300052F0100A5
:10027000052F0100052F0100052F0100052F0100AA
:10028000052F0100052F0100052F0100052F01009A
:10029000052F0100052F0100052F0100052F01008A
:1002A000052F0100052F0100052F0100052F01007A
:1002B000052F0100052F0100052F0100052F01006A
:1002C000052F0100052F0100052F0100052F01005A
:1002D000052F0100052F0100052F0100052F01004A
:1002E000052F0100052F0100052F0100052F01003A
:1002F000052F0100052F0100052F0100052F01002A
:10030000052F0100052F0100052F0100052F010019
:10031000052F0100052F0100052F0100052F010009
:10032000052F0100052F0100052F0100052F0100F9
:10033000052F0100052F0100052F0100052F0100E9
:10034000052F0100052F0100052F0100052F0100D9
:10035000052F0100052F0100052F0100052F0100C9
:10036000052F0100052F0100052F0100052F0100B9
:10037000052F0100052F0100052F0100052F0100A9
:10038000052F0100052F0100052F0100052F010099
:10039000052F0100052F0100052F0100052F010089
:1003A000052F0100052F0100052F0100052F010079
:1003B000052F0100052F0100052F0100052F010069
:1003C000052F0100052F0100052F0100052F010059
:1003D000052F010053DE0300052F0100052F01004A
:1003E000052F0100052F0100052F0100052F010039
:1003F000052F0100052F0100052F0100052F010029
:10040000052F0100052F0100052F0100052F010018
:10041000052F0100052F0100052F0100052F010008
:10042000052F0100052F0100052F0100052F0100F8
:10043000052F0100052F0100052F0100052F0100E8
:10044000052F0100052F0100052F0100052F0100D8
:10045000052F0100052F0100052F0100052F0100C8
:10046000052F0100052F0100052F0100052F0100B8
:0C047000052F0100052F0100052F0100E1
:10048000064A074B5B7802604FF41A72C37100236F
:100490008280082203728271704700BFCBD30000B4
:1004A00028110020064A074B9B7802604FF4907297
:1004B000C371FF238280082203728271704700BFDC
:1004C0005DCF000028110020F8B5C41D00280546A6
:1004D00024F007040CBF0020204600F037FB061E66
:1004E00002DA6FF00B00F8BD0DB9F442F9D4294FD0
:1004F0003989F8880331FB7A0330BA7A89B280B23D
:100500000AF0FBFA0028ECDB264439787B78002DD2
:1005100006F10306194426F0030600FB01F10CBFA7
:100520000020304600F09CFC30440DB90028D8DB98
:10053000BA780346B2B1F97CFB7811441944FF291B
:10054000CFDC0330002DFA89C9B220F003040CBFC0
:100550000020204600F0F4FC031EC2DB23440DB94A
:10056000002BBEDB397C81B1BA7872B10733002D24
:1005700023F007040CBF0020204604F093F8031E6C
:10058000AFDB23440DB9002BABDB002D0CBF1846AD
:100590000020A8E7281100201FB572B6194BDD6AAC
:1005A000E5B9BFF34F8F1849184BCA6802F4E062EF
:1005B0001343CB60BFF34F8F00BFFDE7B4FBF6F4EE
:1005C000D3B20132002CF9D103F110026A4402F8CF
:1005D0000C4C0A2233B901A8A847E2E704460022DE
:1005E0000A26EDE7013BDBB203F110040DEB040634
:1005F000B0FBF2F402FB1400303006F80C0C20467D
:10060000E8E700BF2811002000ED00E00400FA0533
:100610000C4B07B5DA7A68468DF801209A7A8DF886
:1006200000201A89DB88ADF80420ADF8023002F012
:10063000CDFA18B1E8219C20FFF7AEFF03B05DF8BA
:1006400004FB00BF2811002038B5054668B309F047
:10065000DBF910B94FF0FF3038BD07F007FEB0F5F9
:10066000FA7FF7D8134C1448E562002500F0E8F94A
:100670002A222946204684F830500DF084FB0123BD
:100680006370A3701B23E380238140F20323638103
:100690001F23E38108232374EFF3108472B600F064
:1006A00025FD2CB962B62046D6E76FF01500D3E7DA
:1006B0002846D1E7281100201106000010B50028B7
:1006C00042D1244C94F83030032B3AD059B1002A4F
:1006D0003DD00239052937D8DFE801F00314283668
:1006E0002B2E137863700020FFF7EEFE0028B7BFB3
:1006F000012302236FF00B0084F83030A8BF84F888
:10070000303010BD137913B3537903B31188FB292B
:100710001DD81A2953881AD91B3BE02B17D8136808
:100720009288C4F806300C4B9A80DCE71378A370EB
:10073000D9E71388E381D6E71388FF2B07D8237402
:10074000D1E74FF0FF30DCE76FF02C00D9E76FF016
:100750001500D6E7281100202E110020F8B50D460F
:10076000064630B329B311F0070422D1124F97F88F
:100770003030012B02D16FF00B00F8BD032B02D1FA
:100780004FF0FF30F9E700F09DF80028F8D0284638
:10079000FFF79AFE0028EEDB0CF07CFE3046214687
:1007A00002F0A8FAFFF734FF0323204687F8303021
:1007B000E3E76FF01500E0E72811002010B5074CC3
:1007C00094F83030032B03D102F0ACFA03F06EFA48
:1007D0000AF087FA002084F8300010BD28110020AC
:1007E00050B1074B03F1140253F8041B934240F835
:1007F000041BF9D1002070476FF01500704700BF4F
:100800006C180400074B10B593F830403CB902F067
:100810003BFA0120044900F091F9204610BD4FF049
:10082000FF30FBE728110020A5040000074B10B59E
:1008300093F830403CB902F03BFA2046044900F0FE
:100840007DF9204610BD4FF0FF30FBE72811002056
:1008500081040000054B10B593F830401CB902F03C
:10086000DFF9204610BD4FF0FF30FBE728110020D4
:10087000054B10B593F830401CB90BF03DFB2046FA
:1008800010BD4FF0FF30FBE728110020054B10B5DD
:1008900093F830401CB90BF032FB204610BD4FF0EE
:1008A000FF30FBE72811002002680020014B1A608E
:1008B000704700BF5C110020014B1B68184700BF48
:1008C0005C110020024B1868003818BF01207047E7
:1008D0005C1100202DE9F7430446264E071D2548EC
:1008E000376003F0FBF90228054607D1214920466D
:1008F00009F096FC284603B0BDE8F0830428F9D13E
:100900003378072B18D13E2000F04AF878B9F378F5
:1009100001A93279684643EA0223ADF8003009F0B4
:10092000CCFE0028DBD053210820FFF735FE052040
:1009300000F076F80028EAD03146204609F0A8FCFD
:10094000B0F5817F01D37221EEE70028C7D094F87B
:10095000008094F80290404600F022F80028BED0B3
:10096000B8F13E0FC6D1484600F05AF80028C1D170
:10097000B5E700BF60110020074B4FF0FF3141F693
:10098000FF72C3E9001205490022C1E900221F21BC
:10099000C3E90212704700BF00050020A411002027
:1009A0003F280CD801380B4BC0F3421200F01F0057
:1009B00053F8223023FA00F000F001007047FF28BE
:1009C00006D04038044BC0F3421200F01F00EFE79E
:1009D0000120704700050020A4110020074B0146AC
:1009E000006849681A4603C240F48C221A6041F03C
:1009F000107242F4FF625A60704700BF0005002089
:100A00000246024B0068516803C37047A4110020DE
:100A10000246024B0068516803C370470805002076
:100A20000138064BC0F3421200F01F0003EB8203B3
:100A30009B6823FA00F000F00100704700050020D9
:100A4000014B1860704700BFAC11002007B5FFF7DD
:100A500093FF0AF01BFE044B1B6813B101909847EB
:100A6000019803B05DF804FBAC11002070B50C8850
:100A7000C27CA6B2C4F30E04931C058804F11802CC
:100A80001D44825AADB21A4443882A44013AB2FB4B
:100A9000F5F202FB054292B29342044B8BBF334006
:100AA000B34313439BB20B8070BD00BF0080FFFFB8
:100AB00008B54B1E062B04D84FF4D1711520FFF753
:100AC0006BFD0A4B994202D940F2A311F6E719B91E
:100AD00000B10160084608BD28B103680022C3E9DF
:100AE00001211A1D1A600431F4E700BFFAFFFF7FED
:100AF00010B5114B00EB41041A786389B3FBF2F394
:100B000003FB0223013A1A44B2F5706F027928BF41
:100B100000231A448378B2FBF3F0194403FB10203E
:100B2000091AB1FBF3F003FB101313446FEA4343BC
:100B30006FEA5343638110BDB0110020024B03EBF9
:100B400080004160704700BFB01100202DE9F04FD8
:100B500010F0070A85B0054604D040F26111172055
:100B6000FFF71AFD544F04464FF0010B07F10C0636
:100B7000B146B04657F8043B8DF80BA03BB101A835
:100B800098479DF80A30082B01D9E821E7E79DF83E
:100B90000B1081BB05B13160B94506F10406E9D1FE
:100BA0002DB30023DFF814E102221E468EF8003038
:100BB00058F82200013A60B190F804A08178BAF1A7
:100BC000FF0F64D14FF000078E4207713CBFCEB2D9
:100BD0000123511CECD10BB18EF80060022640F6C7
:100BE000FF6A58F82670002F63D1013EF9D2601BCE
:100BF00005B0BDE8F08F9DF80AC04A1DBCF1020F98
:100C0000E64604EB420438BF4FF0020E53000EF1EB
:100C1000FF300444CEF100002040BDF80840644499
:100C2000CCF1000C013C04EA0C04B4F5803F01D384
:100C3000F82194E775B1C31A336099701C8083F86A
:100C400003B09DF80C201A71019A4FEA124C1A81D8
:100C5000A3F806C004FB01049EE758F82C90B9F1F4
:100C6000000F06D099F804B0D34504BF99F802905C
:100C70004F440CF1FF3CBCF1000FEEDA3944FF2980
:100C8000A2D90BB18EF8006040F2271167E79446B5
:100C90000027F0E707EB410309F101093846A3F803
:100CA0000AA0FFF725FF5FFA89F1BB788B42F1D8E4
:100CB0009BE74FF00009F6E7B4110020B0110020C7
:100CC000F8B54FF6FF7305460380184B03EB81011F
:100CD0000869B8B186780379B3FBF6F206FB1233E4
:100CE000DBB219460A1D00EB4202B2F902705488C9
:100CF000002F09DB0131B1FBF6F206FB1211C9B27C
:100D00008B42EFD10020F8BDFF29FBD0C4F30E03C6
:100D1000C4782B8024B94FF4D5711720FFF73CFC21
:100D20005380BDE8F84009F0C7BE00BFB0110020F5
:100D30001D4B03EB810170B50C69054644B30304F8
:100D400004D54FF4DC711720FFF726FC014620463E
:100D500009F095FEFF28014604D02046BDE870400A
:100D600009F0AABEA078B5FBF0F300FB1353DBB289
:100D700019460A1D04EB4206B6F90260002E09DB93
:100D80000131B1FBF0F200FB1211C9B28B42F0D17C
:100D9000002070BDFF29FBD08B4204EB42021CBF38
:100DA0000023E3705580D8E7B0110020094B03EB16
:100DB000810110B50C690146204609F060FEFF284C
:100DC000014604D02046BDE8104009F075BE002061
:100DD00010BD00BFB0110020F8B5104B074603EB63
:100DE00081010C690146204609F049FEFF280546AD
:100DF00011D0E688238953EA064606D001462046EC
:100E000009F05AFE01463846B04720462946FFF70A
:100E10006FFE0020F8BD0520FCE700BFB0110020E8
:100E200038B50E4B0446827903EB8203186908B982
:100E3000052038BD8278E1799142F9D24B1CE371EB
:100E400000EB41035D89B3F90A30002BF3DBA58089
:100E500009F032FE20600020EBE700BFB011002057
:100E600070B5044610F003000E4603D04E21182042
:100E7000FFF792FBFFF71CFE054624B103483146FD
:100E80000460FFF715FE284670BD00BFCC1100209E
:100E90002DE9F3471C4C90461E46074622680D4636
:100EA0009DF828309DF82CA01AB960211820FFF772
:100EB00073FB1A4609214046019309F062FC524631
:100EC0001FFA80F90921304609F05BFC80B209EB7A
:100ED0000001206809F0A8FD019B386018B928605E
:100EE00002B0BDE8F08700EB0904414609222C60FE
:100EF000386809F00AFC534609223146286802B0D6
:100F0000BDE8F04709F001BCCC11002070B50E46D9
:100F1000044609F049FC0546304609F045FC044BFF
:100F20002A1821461868BDE8704009F0A1BD00BF2D
:100F3000CC110020014B186809F06ABDCC110020CB
:100F40001F2AF8B504460ED89200033222F003039C
:100F5000B3F5803F2ED2194DB4B1A00711D05F2157
:100F60000920FFF719FBFF2A4FEA420304D9FF3299
:100F70009A42A8BF1A46E8E77C2BB8BF7C231A46E2
:100F8000E3E729706C602B8122F0030228230127FC
:100F9000120403FB01F06B680025120CEEB28E42C6
:100FA00000D3F8BD14B126181F705E6010440135DF
:100FB0002833F3E74FF0FF30F3E700BFD0110020F4
:100FC000144A002138B553681478C8B2844203D853
:100FD000AB210920FFF7E0FA1846013128330578E4
:100FE000002DF2D000218170012412898161051D3C
:100FF00044709208C16100F12001446821F8022B7D
:10100000994245F8044B1444F8D10023436103701E
:1010100038BD00BFD01100202DE9F8434B78804641
:101020000C4602F0040602F0FB07D3B1DFB12E4BF1
:10103000D4F804901D89B7BB0123AD084A46211D91
:10104000637004F1280004F12003A761E76123F82D
:10105000025B984241F8042B2A44F8D100236361D3
:1010600001E0002FE3D0FF23A370002E18BF02265B
:10107000A3191B7D032B03D1022F1CBF0136F6B22F
:10108000A31901221A7506F10C02002304EB86064F
:1010900024F812307268A3704046C8F80020A8F8FF
:1010A0000430BDE8F883002114226170A0180CF010
:1010B0006AFEB5F5FF7F0FD26B08ED1AADB209EBF2
:1010C0000502C4F804902584A2606384C4F80C90DF
:1010D000A5842261E384C6E7B5F5EE6F4FF0FF0308
:1010E000EBD940F27265EAE7D01100201E4B0122D5
:1010F0004FF0FF3000211B685A60C3F80803C3F8A3
:101100000015C3F80425194B1B685A60C3F808037F
:10111000C3F8001540F6FE71154B1648C3F80815C4
:1011200001680BB2002B0BDB01F01F015B098A4049
:101130002033114941F82320BFF34F8FBFF36F8F46
:10114000026813B2002B09DB01215B0902F01F02C8
:10115000603301FA02F2084941F82320044B40F6BB
:10116000FE72C3F8082570476C1D0020681D002022
:1011700000200850801D002000E100E00A460648DB
:10118000192302F8033BC368C1F8033003695360B5
:1011900043699360704700BFE0110020024B5A8CF6
:1011A00002435A845B6A1847E0110020014B00217A
:1011B0005B6A1847E011002010B5154C05F02AFFB6
:1011C00005F01CFB208DFFF7F1FF237E63B1224663
:1011D000104904F1190052F80C3BE3606368536056
:1011E000A36893600BF099FA0B4B228D93E80300F0
:1011F00003F0E0FA236B188803F008FAA36B94F865
:10120000341094F835009847002384F83C3010BD22
:10121000E01100207D1100000C120020034B93F818
:101220003C300BB1FFF7C8BF704700BFE011002092
:1012300070B51D4C0646636C256B236495F88C30A5
:1012400094F848000BB1031DD8B295F869102EB977
:10125000FF2803D195F868308B4201D005F09CFD42
:1012600095F88C30D3B1E06C05F08CFF0123E16C74
:1012700084F87030206CD5E93A23C4E9182305F0CE
:10128000D5F916B9304605F0BFFF95F86810002073
:1012900006F004F8022384F83C3070BD206C05F0A1
:1012A00071FF05F0ABFAECE7E011002008B5094B3F
:1012B00093F83C20022A04D040F231212720FFF786
:1012C0006BF9DA7A42F00102DA72BDE80840FFF702
:1012D00073BF00BFE011002003280B4B10B504467C
:1012E00005D19A6FD278022A01D1002010BDD86FA3
:1012F00009F0D9FA0028F9D1032CF6D001F0E8FE64
:1013000080F00100C0B2F1E7E01100202DE9F043C8
:10131000464C87B006460F4694F83C30012B5FFAE6
:1013200083F904D040F2DC412720FFF735F9256B23
:1013300004A8A16F09F0D7FC95F87C309DF81080C7
:101340003BB10021042085F87C10FFF727FF85F8CA
:101350007E90B8F1030F62D195F882301BB9A16F6E
:101360000220FFF71BFF032300E0012385F88230F2
:1013700095F88C30B3B10121236B94F8482084F8A0
:1013800070100392D5E93A01C4E9180193F8690095
:1013900009F0BAFC00210346039A00910220244977
:1013A00005F0EEF826B107B0BDE8F043FFF704BF43
:1013B000002FF8D0D4F88030304698470028F2D07B
:1013C00094F83430002BEED194F88430DD06C3F36A
:1013D000001005D5A36F187800F00300FFF77CFF1D
:1013E000636CD4F888201B78C3F300132AB9B4F8CF
:1013F0008C2013B1B2FA82F35B09628C910709D594
:10140000A36FDB78022BCED1002007B0BDE8F043FC
:10141000FFF70EBF002AC6D10343F5D1C3E79DF8FD
:101420001430002BA1D00223A0E700BFE011002060
:101430003012002010B5094CD4F8883023B940F29E
:10144000CE412720FFF7A8F8B4F88C201846216C6D
:10145000033208F0ADFC206410BD00BFE011002095
:10146000064B10B593F83C2002F0FF0422B91C761D
:1014700003F098F9204610BD0C24FBE7E011002092
:101480000A4B0B4A70B506460D461A60FFF7E8FF97
:1014900018B1ED212720FFF77FF8064C012104F158
:1014A0008E000BF0AAF86664E56470BD4805002064
:1014B000C01C0000E0110020024B012283F8B02084
:1014C000704700BFE0110020F0B585B0794C02AE46
:1014D0000A9F86E8030094F83C1001F0FF0511B95B
:1014E0000AB103B127B94FF4BE712720FFF754F8B2
:1014F00096E8030004F12C0C84F8B05084F83450C2
:1015000004F1500684F8B15084F8355084F8B25094
:1015100084F8B35065842585C4F880306262A7637F
:101520008CE80300256B05F069FC05F067F995F977
:10153000700005F5807705F0BBFC686A05F014FEC5
:10154000E86905F0BBFC95F89C0005F0C1FC95F836
:101550006920C421012005F049FD574B186805F0AA
:1015600009FE2B69E3676B69C4F8B43005F1F00339
:101570001868083353F8041C3246BB4203C21646AF
:10158000F6D159684D4A236BD5F8000103C293F890
:101590008620A2F12501012993F868100E4603D98F
:1015A00093F8870025285DD193F83E322BB1012EA8
:1015B00003D0012B14BF0226012605F13007314666
:1015C00038460BF03AF931460AF082FEAB8F95F8B7
:1015D0006910984228BF184684F8B80038460BF0C6
:1015E00015F995F8691095F88C700429B5F84460E0
:1015F00008BF03210AF06CFE0FB9043080B2B0427C
:1016000095F88C3028BF3046C6B284F8B96084F8AB
:10161000486093B1012395F8690084F87030D5E9EA
:101620003A23C4E9182309F06FFB0022034624493A
:1016300000920220324604F0A3FF0120FFF7F8FDDC
:10164000002323606360A360B5F8803063802B883B
:10165000238095F89C302371EB6E0BB101221A6048
:1016600005B0F0BD203A012A0CD8232893F8262192
:101670000AD012F0010319D192079ED5012918BF93
:1016800002269AE723280DD193F8262193F861309A
:10169000134013F001020BD19B078ED5012908BF1F
:1016A0000E46ECE7032908BF042686E71E4684E7BA
:1016B000164682E7E011002048050020481200206D
:1016C0003012002008B50C4B93F83C201AB9BDE845
:1016D0000840FFF771BD93F83C20022A04D040F285
:1016E00013212720FEF758FF1B6BD3F8B001BDE88C
:1016F000084005F061BD00BFE0110020014B1876E5
:10170000704700BFE0110020014B93F8B200704712
:10171000E0110020024B188DC0F3C020704700BFBD
:10172000E0110020014B93F8B1007047E011002058
:101730002DE9FF41324C03460E4602A8216C256B71
:1017400009F0D1FA13F001089DF80C7003F00200C3
:101750002BD0002384F8BA3090B1FFF76BFE0DF167
:10176000020201A9D4F8B40009F048F9019809F07F
:101770002BF9012230603946D4F8B40009F0D3F8CF
:10178000B8F1000F0ED0D5E93A32013342F1000230
:10179000C5E93A3295F88430012B0CBF00230123B0
:1017A00085F8843004B0BDE8F08194F8BA30032B9A
:1017B00020D801A252F823F059170000C9170000E1
:1017C000E3170000E31700000028EBD0FFF732FE1C
:1017D00000223946D4F8B40004B0BDE8F04109F065
:1017E000A2B80028DED0D4F8B40004B0BDE8F041BF
:1017F00009F000B940F27A412720FEF7CDFE00BF84
:10180000E01100202DE9F04F0023A84C89B080465C
:101810008A46276BCDE9043394F83C30022B04D080
:1018200040F25F512720FEF7B7FE238D590606D4FC
:101830004020FFF7BBFC238D43F040032385216C40
:1018400006A809F050FA97F88C30B8F1000F00F0B4
:10185000C9809DF819B09DF81C507BB104F0DCFFE5
:1018600060B95DB197F884305B4507D1012384F8F6
:101870003530FFF7A1FC09B0BDE8F08FA9B2A4F89C
:101880008C10F1B1D4F8B40009F02EF8C4F8880037
:10189000238D9DF81A2043F40073238597F8833035
:1018A0009A4277D0266B96F88230002B3ED0022BDE
:1018B00011D104A9E06F08F0C0FF28B940F214412B
:1018C000B0E7C4F88810E3E7D6E93832013342F1D3
:1018D0000002C6E93832002196F87E3086F8821080
:1018E00023B1102086F87E10FFF758FC96F87D3063
:1018F000A3B14FF0000986F87D9001F0D3FB10B939
:1019000040F22B418EE749460820FFF747FCD6E915
:101910003832013342F10002C6E9383296F883309A
:10192000012B0CBF0023012386F88330238D4FF059
:10193000000943F40063238597F884305B4527D181
:101940009DF81830266B022B26D88BB385B3238DD8
:1019500096F88C6043F48053238505F0D3F904286E
:1019600094F8B93006D1002E14BF1B221F229342D7
:1019700028BF1346AB422BD3D4F88850002D3FD05C
:1019800094F8B030002B00F08E802020FFF70EFC82
:10199000002535E0C146CFE7032B09D1238D012077
:1019A000216C43F4805386F87C002385FFF7F6FB17
:1019B00096F88430013B18BF012386F88430FDB1CE
:1019C000D6E93A32013342F10002C6E93A32DFE7A2
:1019D00094F83430012043F0100384F8343006F0DA
:1019E00071FDD5E70BB104F02BFF94F8B130002561
:1019F0000133A94684F8B130238D43F480632385F5
:101A000097F88B308BB1002697F86800D7E9382318
:101A100084F87060C4E9182309F076F9FB220346C4
:101A200023490420009604F0ABFDBAF1000F41D128
:101A3000628C94F8B130120703D5A26FD278022AD3
:101A400038D0012B36D8D4F880300120984788B39D
:101A500094F834A0BAF1000F2CD11DB105A90120D2
:101A6000FFF766FE266B002396F88C208DF80D306C
:101A700094F848300AB10433DBB2FF2B96F86810B3
:101A800003D196F869308B4202D0FF2005F084F92B
:101A900096F88230032B00F2F780DFE813F0550050
:101AA0008500DC00ED004546AAE700BFE0110020FC
:101AB0003012002005F012FC002D00F0F18005A985
:101AC0000320FFF735FEB9F1000F0DD0B4F8072061
:101AD000B4F805301343B7F8802013431EBFB4F8A1
:101AE00009300133A4F80930B8F1000F00F0DA80B2
:101AF000B4F805300133A4F80530002384F8B13080
:101B00006B4802F071FD049830B108F05DFF216B65
:101B10000022027202F026F9059B33B1216B0022EC
:101B20001A720C22059802F0EBF8002D7FF4A1AE9A
:101B3000238D1B063FF59FAE8020FFF737FB238DDB
:101B400043F08003238596E694F8B8305948ADF801
:101B50000E30A6F8583001F095FA50B1A16F4FF44D
:101B60008070FFF71BFB012386F87D3084F8B330CB
:101B70001CE00DF10D020DF10E01E06F08F03BFECF
:101B8000A06788B196F8C73073B99DF80D302BB9AE
:101B9000038001218370A06F0AF02FFDA36FBDF8B1
:101BA0000E205A700123E1E7434BA367A16F96F81B
:101BB00083300878DB0003F0080200F0F30300F044
:101BC0000300134396F88420920002F004021343AA
:101BD00023F010030B70FFF77FFB0028A06F18BFE6
:101BE0004FF0100A03784AEA030A80F800A096F83A
:101BF0008B30002B4BD04378002B48D0E06C05F0A5
:101C0000C1FA0022D6E9380184F87020C4E918012D
:101C1000E16CA06F05F098FC18B9A16FE06C04F0BE
:101C200005FD96F86910012005F038FBA26F01232D
:101C3000118884F8B230A4F8841091781F4A84F88F
:101C40003C309170002D3FF43EAF05A902200025E5
:101C5000FFF76EFD37E7B6F858300DF10D020DF1C4
:101C60000E01E06FADF80E3008F0C5FDA06700284A
:101C700098D140F2D121D5E50E4801F003FA0028B1
:101C800090D140F2DB21CDE540F2E921CAE505F033
:101C900079FA04F0B3FD0021A06F0BF022FCC0E73D
:101CA000012510E7B4F807300133A4F8073027E71F
:101CB0000C120020581200206E1200206412002026
:101CC000AD120000051800000D1300001D120000E9
:101CD0002DE9F04F04468BB01F460E46904690F813
:101CE00069900AF053F994F89F310B2B04D940F214
:101CF000FB310620FEF750FCCF4A32F8135094F81F
:101D000087300544039388F00103ADB20493B8F122
:101D1000000F30D194F8DC31032B2CD1039B0D2B19
:101D200029D1B4F83C32B34225D1D4F8E43120466D
:101D3000B4F8B421C4F8D031A369C4F8D431B4F8EC
:101D40002A321344C4F8D83104F0E2FAD4E99023DB
:101D5000A262B4F83E22A361A285D4F8482222628E
:101D600041F64B5293428CBF0023012384F872301A
:101D7000022384F8DC31B4F8280204F5FC7AB4F8C4
:101D800080B0301ADFF8B482A6EB0B0B00B20FFA6A
:101D90008BFB0028BBBFD4E9842358463A46C4E9EC
:101DA000882394F8DC31B8BF0122032B00F2748140
:101DB000DFE813F00400FD0054001C0101210020A5
:101DC0000AF0ADFA8146A06A2946484406F002FAB4
:101DD0002946C4F8E001A06906F0FCF907A9C4F897
:101DE000E40108A805F082FA079BD4E98801009372
:101DF000DDE908230BF0A7FE0546204608F0A8FF02
:101E0000A26AD4F82C3294F8690002EB030B05F0B7
:101E100095FBD4F8E01100F52240ABF1BB0BA38D8C
:101E2000B130ABEB010B3031D94403EB4101A9EBED
:101E300005094FF47A75B0FBF5F0A9EB000594F8AD
:101E4000690008F071FFD4F82C32C8F80000EB1AD2
:101E5000CC2B5AD840F2DE4130204BE7A36A29460A
:101E6000D4F8D401184406F0B5F92946C4F8E001C5
:101E7000A06906F0AFF9C4F8E401204608F068FF55
:101E8000B4F8B431A56AD4F8D491002B40F08A801C
:101E9000002F00F08780A94494F8690005F04EFBFC
:101EA000D4F8E051A9F1BB09834694F86900A9EB85
:101EB0000509D4F81852D4E98423A944A9EB0209EE
:101EC00005F03CFB4FF47A7300F2E730B0FBF3F51A
:101ED0000BF52240A944B130B0FBF3F0A9EB0005AB
:101EE000D4F8E011D4F8D031D4F8D821303194F8B6
:101EF000690002FB0311A38D03EB410108F014FFFD
:101F00000123C8F8000084F8DC31A3694FF0000910
:101F1000D4F8E42104F13000A3F5A27384F8F89119
:101F20009B1AD8F80020934228BF13469846C4F85D
:101F3000B031D4E988325B1942F10002C4E982323F
:101F40000AF062FCB4F8A011A4F8286240448E1B89
:101F500084F80092C4F8FC0136B2D4E982234E45DD
:101F6000C4E98823C4BF022384F80032039B0D2BED
:101F700000F09580002F40F0938094F8DC31002B26
:101F800000F0AB80A1695046D4F8E431C91A0AF0D8
:101F90006EF980B2002800F0A080149B03B1188075
:101FA0000120A9E04D44D4F8E0012D1A98E7D4F8B7
:101FB000D811B4F8B431D4F8E421A5699B44CB43DB
:101FC000AD1A9B44D4F8E0314543D4F8D001303306
:101FD00000FB0133A18D94F8690002FB0B3301EB88
:101FE000430108F0A1FEC8F800008EE7D4F8E43100
:101FF000A569ED1A94F88630252B00FB05F503D072
:1020000094F88730252B09D1B4F83C32F31A1B041D
:1020100004D494F83F32002B18BF994672B3B4F839
:10202000B4315BBBD4E98423D4E9860182428B417D
:1020300006D340F232510FE7801804009C120020B2
:1020400094F8690005F07AFAD4F818220590BB3AA2
:10205000D4E98401101A054494F8690005F06EFA79
:102060004FF47A7200F2E730059BB0FBF2F00544C2
:1020700003F52240B130B0FBF2F02D1AB4F8B411E0
:102080004846D4F8E431594459433031490008F006
:102090004BFE1B4B186038E740F24A51DCE6E7B1D3
:1020A000B4F8C81111B3B4F8CA2194F8CC31501C5B
:1020B000A4F8CA2102FB033399420EDD94F80032E2
:1020C0005BB10023A4F8CA0184F8003201F0E0FEFD
:1020D00000F00700013084F8CC01514694F8F30178
:1020E00007F07CF820B940F29351B5E60A46DCE7E8
:1020F000049B84F8F03100200BB0BDE8F08F00BFE6
:102100009C1200202DE9F04104460D46164690F839
:10211000F03003F0FF071BB10C273846BDE8F08113
:102120000146454806F0BCFF20288046F4D05822DE
:10213000394604F1C8000BF026FE84F8C880C4F8C4
:10214000CC50FF2384F8F03035B101F0B9FE00F037
:102150000700013085F8CC0102234FF00008A4F8F5
:10216000003184F8F88006F08BF8493085B22046BB
:102170000AF0DAFF014670B309F008FF00F5CD6000
:1021800081B2304606F026F83044AE3EC4F8FC007A
:102190000BF06AFC2818A4F8268041F10001C4E97C
:1021A0004201012084F8D0000BF074F8361AC4F80C
:1021B000D4604FF0FF326FF00043C4E9442304F1D0
:1021C000F80194F8C80007F009F848BB40F2CD11B7
:1021D0003020FEF7E1F92046DFF860800AF0C8FE03
:1021E000AE30C4F8FC00B8F8040048B1E08C38B157
:1021F00001F066FEB8F80430B0FBF3F202FB130006
:1022000005440BF031FC2D1841F10001C4E94251A5
:10221000002ECED0751941F10001C4E94451CEE73A
:10222000D4E9422300212046C4E93823C4E93A23F3
:102230000AF097FF71E700BFEFAF00009C1200208B
:10224000F0B5002385B0CDE9003301238DF80630C9
:102250006846FEF7E5FD70B11D4E01230027B371FE
:10226000CDE9027702A8FEF7DBFD0546C8B10023E1
:10227000B37105B0F0BD009808F073FFE8E790F87F
:10228000F30107F09FF894F8F30107F08DFA94F842
:10229000F30184F8DC5106F029FF202384F8F331A0
:1022A000DEE7029B002BDDD093F8F321202AD9D062
:1022B00018884FF6FF739842D9D02946FEF776FD6D
:1022C00004460028DBD14FF49B713020FEF764F9FF
:1022D0009C120020044B0022DA719A7142F21072B3
:1022E0009A80FFF7ADBF00BF9C120020014BD87150
:1022F000704700BF9C12002008B504F009FD044B94
:102300009A6882422ABF9879002080F0010008BDB7
:102310009C1200202DE9F3410446062972D8DFE81B
:1023200001F0042815252C316C00384B9B7903F003
:10233000FF025BB900920123B0F8A411FFF7C8FCBB
:1023400038B140F2DC613020FEF726F9042384F82E
:10235000DC3104F0B5FE06F0BBFD0023B4F88020AC
:10236000A4F82A32A4F8EE2184F8F13102B0BDE8D5
:10237000F081032380F8DC31F8E70BF0A8F8C4E91A
:102380008601F3E78569D0F8E431DFF880809D426B
:1023900088BFED1A98F8073098BF00251BB9036B6A
:1023A0009D4228BF1D46D4F8B07104F130000AF0F8
:1023B0002BFA0744022007F053F90221EE1B26EA0C
:1023C000E676864228BF0646304607F08FF900B908
:1023D000374401234FF48072394620460AF06AFAE6
:1023E000D4F8B031C8F80800A069184407F00AF919
:1023F0000028BBD140F28A31A5E702B0BDE8F04128
:1024000008F0A6BC4FF4F3619DE700BF9C120020CA
:102410002DE9F84306460C4615467ABB04F078FCD5
:1024200084F8D0500746D4E9428984F8F05001215D
:10243000D4F8CC0001F0B0F9D4F8CC00C0E984891C
:1024400094F8C820C0F82C7280F8F321C0E988897C
:1024500008F07FFD20B140F21C713020FEF79CF89F
:1024600004F02EFE06F034FD3246074994F8C80009
:1024700006F018F828B940F2AB71EEE740F2C271ED
:10248000EBE7BDE8F88300BF79AD0000014B988011
:10249000704700BF9C120020304BF0B55A8885B0C1
:1024A000B0F85C700C46B0F85A6097429D8828BF1F
:1024B0001746964228BF16461B2E2ED0B5F5A47F90
:1024C0002DD040F6480301A99D4228BF1D4608F0C3
:1024D000ABFFBDF80A309F4228BF1F46BDF80C3045
:1024E000AB42E78028BF2B462381BDF806309E42D1
:1024F00028BF1E46BDF808309D42668028BF1D4695
:10250000A580FF232370E3881B3B9BB2E02B08D9F7
:1025100040F277613920FEF73FF81B2FCED105B08E
:10252000F0BD63881B3B9BB2E02B02D940F279617E
:10253000F0E72389A3F5A4739BB2B3F5E06F02D94A
:1025400040F27B61E6E7A388A3F5A4739BB2B3F5E1
:10255000E06FE4D940F27D61DCE700BFA812002003
:1025600010B501210020FEF721FC044670B90121BD
:10257000FEF7DEFB044620B940F291313920FEF728
:102580000BF8034B93F906100AF0BAFC204610BD75
:10259000A812002008B509F002FE00F03DFF00F08F
:1025A000F1FB0AF092F801F089F902F08DF80022AF
:1025B000084B1B214FF4A4701A60074B98801A80B7
:1025C00059800648064B186099805A745A829A823C
:1025D0009A7508BD4C050020A812002003021B00BC
:1025E000D4160020044B41F64C52C3E902221B22B0
:1025F0001A74FFF7CFBF00BFD41600202DE9FF41AA
:10260000344D0446AB680363334B836108F0E0FD4F
:10261000064600F0A7FB2B7C10F0200F668784F89D
:1026200038302E4B0EBF1B22AA8869881B6814BF46
:10263000A4F85A10A4F85A20A4F85C201BB194F90D
:10264000701020889847AE7CEF7CB5F8148016B9DE
:1026500000F08EFB064687BB00F08AFB074676B388
:1026600068B303A920468DF80C608DF80D70ADF8A5
:102670000E8009F050FE012369786A8804F1100089
:10268000E385AB88033201910333297892B29BB280
:10269000009104F11401FEF7FBFB236913B940F22A
:1026A0004E6114E0636913B940F24F610FE00020FE
:1026B00004B0BDE8F0810920FAE7002ED1D1002155
:1026C0002088FEF789FB0028F5D040F224613920EC
:1026D000FDF762FFD416002000093D0050050020E0
:1026E000F7B505460E460AF03EFC002874D0284691
:1026F0000AF01AFD40B1B6F80130013B7F2B03D937
:102700001224204603B0F0BD28460AF011FD08B996
:102710000C24F6E7284608F010FE0028F8D12846D9
:102720000AF0DFFB04460028F2D1284602F096FCAE
:102730000028E5D042F21072B6F80170F178284610
:1027400057430AF0DDFC28460AF0E6FC014658B97A
:102750003A462846FFF7D6FC04460028D1D041F679
:102760009F313920FDF718FF21460DF10600FEF7D5
:10277000A7FA064670B3214601F00EF8BDF8063000
:102780002846314633800AF0DDFC28460AF0D6FCA4
:10279000A0B9296A28460AF0D3FC01463046FFF763
:1027A0002DFF04460028ACD13A4631462846FFF7B3
:1027B000A9FC044620B141F6C231D2E70121EDE780
:1027C000064B9B68002B9CD0024606F58D71304667
:1027D000984796E70D2494E7422492E7A812002038
:1027E000024B1B6803B118470C2070474C050020B2
:1027F000034B5A8802801B7883700020704700BF0B
:10280000D416002037B5837805461A2B09D8042B37
:1028100005D9012202FA03F3134A134205D1122407
:102820001AE0292B01D03B2BF9D12888B0F5706F25
:10283000F5D2694609F002FD88B9019B93F8182189
:1028400002F0FF046AB9AA7883F81921FF2283F8FD
:102850001821684609F014FF204603B030BD022459
:10286000FAE70C24F8E700BF200038040188A1F142
:102870001B039BB2E02B0CD8428844F24810A2F50F
:10288000A4739BB2834204D8034B002059809A80E2
:1028900070471220704700BFA8120020034B5A88CF
:1028A0009B88028043800020704700BFA812002050
:1028B00038B50478427804F00103857804F0020406
:1028C00052EA030101D1112038BDBCB9002DFAD064
:1028D000002B08BF144601E000242546204608F0DE
:1028E0006EFD0028EFD0284608F069FD0028EAD0E8
:1028F000054B00209C74DD749882E5E7002BEBD13A
:1029000014461D46EAE700BFD416002013B5008820
:10291000694609F093FC18B10224204602B010BDAC
:10292000019A92F8DC31DBB292F8A820002AF3D1A8
:1029300013F0FB0FF0D0019890F82A310BB13A2434
:10294000EBE790F8D23003F0FF04002BF7D190F8BA
:10295000C9309B0706D1FF2380F82A31684609F069
:102960008FFEDAE70249CA3009F0D7FED5E700BF8B
:10297000E1CD0000F0B5077885B004460D46EF2F95
:1029800003D91225284605B0F0BDB0F80130ADF8E6
:102990000C309DF90C209DF80C30002AF1DB9DF8DD
:1029A0000D209207EDD1DE063FD4980603F0030216
:1029B00038D5002AE5D11907E3D463781A0711D472
:1029C0002179E278E07942EA0122617942EA014222
:1029D000A17941EA0021207A41EA00418A42D0D817
:1029E0001F2ACED9627A013A062ACAD8A27A032AC5
:1029F000C7D813F0040102D1023A012A03D8E27ABF
:102A0000012ABED811B9A27C032ABAD813F010014A
:102A1000227D19D0012AB4D1227E012AB1D8B1B9C0
:102A20001125AFE7032AC6D1ABE713F0600FA8D199
:102A300003F00F0203F00703052BBED0931E012BFA
:102A4000BBD9002A9DD1B8E7022AE5D199E7DB0777
:102A500013D46378227D03F01803082B12D1022AC5
:102A6000DED1BFB201213846FEF7A0F9064678B1A3
:102A700008F063FCB8B10C2584E700F035F90028B4
:102A8000E7D1CDE7022AECD0237F002BE9D0C7E7BE
:102A900001213846FEF74CF9064650B3164B93F920
:102AA00006100AF02DFA30460AF033FB2146287052
:102AB000E07430460AF078FAE37E0546002B3FF4D6
:102AC00061AF00287FF45EAF0246316B6846FEF7C7
:102AD000A3FA2A46306B012108F057F8316B68469B
:102AE0000422FEF799FA2A462946306B08F04DF881
:102AF00048E7072546E700BFA812002070B5057912
:102B00008AB00346042D5CD84488B4F5804F58D869
:102B10002D480021465D2844ADF800104279857AA1
:102B200042F01002C07B8DF8081042EA46028DF890
:102B30001D1042EA850242EAC00202F01F028DF82F
:102B40000020BDF80020ADF809201A888DF80E404D
:102B5000240A8DF80B20120A8DF80D108DF8101034
:102B60008DF80C208DF80F405A7BD3F807008DF8B4
:102B700011205A79059002A88DF812209A798DF8C3
:102B80001320B3F80B209B7BADF818208DF81A307A
:102B90007F238DF81B3001238DF81C308DF81E30FB
:102BA0008DF81F108DF820108DF823108DF824104B
:102BB0008DF821108DF822106946FFF7DBFE0AB070
:102BC00070BD1220FBE700BF98180400027803468E
:102BD00072B1427862B142881A2A09D982881A2AC7
:102BE00006D90068034A106000209B8893807047D4
:102BF00012207047D416002002680020014B9A6012
:102C0000704700BFD41600200378A3F10A02112AEE
:102C10009BBF024A0020122013747047D416002074
:102C200008B5052000F090F803F0A2FB014B024A22
:102C30009A6008BDA81200209924000008B502F08F
:102C4000F5F9FFF747FB0248BDE8084002F0D8B9A4
:102C5000B412002010B501230A4C84F8023102F0AE
:102C6000EDF90AF0D5FB09F098FA04F203112046B9
:102C7000FEF706FC002007F027FFBDE8104001F03A
:102C800025B800BFB412002010B5064C064904F563
:102C9000027009F040F904F503700449BDE81040E2
:102CA00009F039B9B4120020540500205C05002059
:102CB00010B5094C094904F5027009F02CF904F526
:102CC0000370074909F027F904F504700549BDE8C8
:102CD000104009F020B900BFB412002064050020A4
:102CE0006C05002074050020014B93F80201704729
:102CF000B412002010B5074C00F0C4FFD4F808024D
:102D000009F001F9FFF76EFC01F0F2F8012384F8F5
:102D1000143210BDB4120020014B93F81402704716
:102D2000B412002010B5074CD4F80C0209F0EBF8EF
:102D3000D4F8100209F0E7F8FFF72CFC002384F820
:102D4000143210BDB4120020C2080549012300F05E
:102D5000070003FA00F08B5C18438854704700BFEB
:102D600010050020014BD3E9000170471005002039
:102D7000034B1868C0F30020400040F0010070478A
:102D80001005002008B505F071FA0023074A32F853
:102D90002310814205D302EB83039B78044A13700E
:102DA00008BD01330C2BF2D10023F7E7AC18040067
:102DB000C914002010B54468238884F86711A4F86A
:102DC000683194F86830012B06D0022B04D040F211
:102DD00049310620FDF7E0FB84F86A3194F8693048
:102DE000012B01D0022BF2D184F86B3104F5AF70C6
:102DF000034909F092FC002384F8243110BD00BF80
:102E000091BF000040680749038800F25110A0F804
:102E1000093010F8F13CC37210F8F03C037309F06C
:102E200076BC00BFA7BF00002DE9FF4188460979A5
:102E3000054698F8052001F007016C6802F00702CA
:102E40004B1E94F88670501E0B401040034394F8BC
:102E5000870023282FD104F18706002B47D1104685
:102E600009F0F0F888B394F8683098422DD094F8BF
:102E700024C1BCF1010F0CBF94F826C194F864C0C2
:102E800012EA0C0F33D0212F1FD094F861C012EA40
:102E90000C0F1AD10138C0B2032807D8013BDFF864
:102EA0004CC1DBB21CF80000032B0AD940F21F21F1
:102EB0000620FDF771FB212F40F0948004F1860677
:102EC000CBE71CF80330834211D8084609F0BAF862
:102ED000A8B394F86930834231D094F82431012B9F
:102EE0000CBF94F8273194F86530194227D194F833
:102EF0002431012B13D11E212846FFF75BFF212F20
:102F000011D16B68182283F80921092283F88620E1
:102F100093F8C230C3BB40F2B321AE20C9E700230F
:102F200084F82431EBE700232846337009F00AFDCA
:102F30001821284604B0BDE8F04109F02BBDB8F8CF
:102F4000067003AB204600933B4609F085F86A689B
:102F50000446F0B992F82431012B17D101462846D6
:102F6000FFF728FF34706B6803F18702964202D1A5
:102F7000002283F887206B68002403F187029642C1
:102F80002DD1284609F0DEFC00202CE082F8240137
:102F9000E9E7B2F88030A2F83C72DB431F4447F601
:102FA000FD73BFB29F4206D92823284682F8A93074
:102FB00001F022F9DFE792F887300D2B02D00A3BAF
:102FC000012B01D82A23F0E79DF80C3082F83E321D
:102FD0009DF80D3082F83F3225233370CBE783F81C
:102FE000C240D1E7022004B0BDE8F081DC18040043
:102FF000044B002283F822204FF6FF729A84DA8471
:103000001A857047CA140020054B9A8C824201BF72
:10301000002283F822204FF6FF729A84704700BF87
:10302000CA140020014BD884704700BFCA14002086
:10303000084B4FF6FF72998C914206D193F82220EB
:10304000012A04D0036001207047002303600020A0
:10305000704700BFCA140020064B93F82220012AB3
:103060001BBF0120DA8C002083F8220018BF9A844D
:10307000704700BFCA140020014B1885704700BF7D
:10308000CA140020064A918C138D994205D192F8FA
:10309000223013B10260012070470020704700BF4A
:1030A000CA140020094B998C1A8D914201D000203E
:1030B00070474FF6FF729A8493F82220002AF6D0C8
:1030C0000022012083F82220704700BFCA1400208C
:1030D000054B998C1A8D914203BF93F82200B0FAE8
:1030E00080F0400901207047CA14002050B90A4AF4
:1030F0000120134603F8010B0868C2F801008A8812
:103100009A807047012805D1034B0A68D8719A60EC
:103110008A889A81704700BFF414002048B90A4B8E
:10312000187880B1D3F80120B3F805300A608B809D
:103130007047012806D1044BD87920B19A689B8941
:103140000A60F4E700207047F414002020B9054B12
:10315000187800F00100704701280ABF014B0020D9
:10316000D879F6E7F4140020F7B58B8800228DF8A3
:103170000600ADF8043008680B4B8DF807200146B7
:103180001C7803F5AC73019DD0B2844201D80820AD
:1031900007E0D3E9007601320833AE4208BF8F4220
:1031A000F2D103B0F0BD00BF08150020084B014666
:1031B000002230B55C7803F58173D0B2844201D827
:1031C000082004E013F8015B01328D42F5D130BDD7
:1031D00008150020F8B52D4C63782218013B92F8B1
:1031E0000251DBB28342637030D01A010101961C98
:1031F0008F1C2644274406F1100C56F804EB664554
:1032000047F804EBF9D1823282312244214402F1A1
:10321000100652F8047BB24241F8047BF9D1E11860
:10322000221891F8026182F8026106267343704306
:1032300003F5857300F58570E618E35827182350C9
:10324000B388BB8091F83A3182F83A312846FFF7CB
:10325000ADFF082818D12378013BDBB29D422370D3
:1032600012D02B3305F12B0204EBC30304EBC20293
:1032700093E8030082E803002078FFF797FF08280F
:103280001CBF241884F80251F8BD00BF08150020A7
:10329000F0B5254D89B095F8984105F29911684629
:1032A000224606F085FD2146684608F097FF044651
:1032B000B8B300EB400102A8C9B2FDF7FDFA601EE9
:1032C00095F8A1610124C0B295F8982105E0731C1E
:1032D000B3FBF2F102FB1133DEB206F120030DEB7A
:1032E000030111F8203C002BF1D100EB400201F862
:1032F000204C06EB460320322B446A4412F8187C1B
:1033000083F8A27112F8177C12F8162C83F8A371B7
:1033100083F8A4210138AB19C0B283F89941FF2882
:10332000D2D109B0F0BD00BF0815002070B5064627
:1033300088B00C46002A4ED0294A92F8A131D01804
:1033400090F8991119B9FF212820FDF725F903EB11
:1033500043010133114491F8A251E57091F8A35152
:1033600091F8A41125716171002180F8991192F8EA
:103370009811B3FBF1F001FB103382F8A13192F800
:10338000C23123B9174902F5DD7009F0C3F9657937
:103390000D220021684605F03F0545F040056571A6
:1033A0000AF0F1FCE37804AA69468DF80F30304644
:1033B00023798DF80D508DF80E3004230AF02FFC80
:1033C0009DF81F3023709DF81E3063709DF81D30EE
:1033D000A37008B070BD03216018FDF76DFAD6E741
:1033E0000815002091320000044B5A78824286BFB3
:1033F0001B1893F84A010020704700BF08150020F1
:10340000044B5A78824286BF1B1893F84201002071
:10341000704700BF08150020064B00224FF4617171
:103420001A8083F8C32183F8C421A3F8C61183F856
:10343000C221704708150020014B83F8C401704772
:10344000081500202DE9F34782468946174698461D
:10345000FFF78AFE08280546064603D0FFF7A6FEBA
:10346000082864D1344C6378072B62D8082D18D112
:103470002678731C072E237003D96C212820FDF7B2
:103480008BF806F12B03D9F80000DAB204EBC30382
:1034900044F8320004EBC201B9F804208A8083F8B2
:1034A00006A0657807F110026B1C290163704B1CA4
:1034B000234412F8010DBA4203F8010FF9D181310A
:1034C00008F11003214413F8012D984501F8012F4C
:1034D000F9D125441021404608F0BDFE102185F8A1
:1034E0004201384608F0B7FE0023617885F84A01AA
:1034F00085F83A3185F802611048019108F06EFEB6
:10350000054601990E4808F069FE012D03D80028F0
:1035100018BF0135EDB284F898510025284684F88B
:10352000A151FFF7B5FE284602B0BDE8F087122092
:10353000FAE70720F8E700BF081500204A16002028
:1035400052160020064B10B55878013840B20028BA
:1035500000DA10BDC4B22046FFF73CFE601EF5E75E
:1035600008150020014B83F8C3017047081500209F
:10357000014B93F8C301704708150020431E4AF21F
:10358000B7129BB293429DBF024BA3F8C601012024
:103590000020704708150020014BB3F8C6017047A2
:1035A000081500200A4B30B55C7884420ED91844C7
:1035B00090F802012B3003EBC004A5790D7053F88D
:1035C000300010600120A388938030BD0020FCE70C
:1035D000081500200246074810B590F8C34124B1F1
:1035E000417821B1023002F0E9FE204610BD0C46C0
:1035F000FBE700BF081500202DE9F74F2F4C804650
:1036000000921A4663788946834254D9231893F866
:10361000425185F00105E9B193F84A31D3B945F03B
:1036200002070135C2B9F9070BD5062104EB0810D2
:10363000009201FB0841823001F58571FFF776FEAB
:10364000009ABB0733D504EB081049460230FFF758
:103650006DFE2CE02F46E5E794F8A1614FF0010ADA
:10366000002DE0D004EB060B9BF8991199B9009B53
:103670000192D3B100F00CFC019A06EB46018BF8E5
:1036800099A14FEA102C214481F8A201000C81F885
:10369000A3C181F8A401013694F89811013DB6FB4D
:1036A000F1F001FB1066F6B2DAE747F0040738469E
:1036B00003B0BDE8F08F0027F9E700BF0815002030
:1036C000074B5A78824209D91A1892F842212AB92E
:1036D000062202FB003000F585707047002070471D
:1036E00008150020064B5A78824281BF1B1893F8B8
:1036F0003A01B0FA80F0400998BF0020704700BF3F
:1037000008150020F8B50E46074606211546304636
:1037100008F0A1FD044640B10A482946427800F568
:103720009D700AF030FB2046F8BD3146384608F05F
:1037300071FD08281FBF034B0124C01880F83A51BF
:10374000F1E700BF0815002030B5002442F21075E3
:10375000A0F84040B0F844404C43B4FBF2F4A0F869
:103760004440541E05FB0343B3FBF2F3A0F8423080
:10377000084BB3FBF2F30133A0F84830838F05FB0D
:103780000344436B5943B4FBF2F4B1FBF2F284639C
:10379000426330BD005A620270B504460D4659BB03
:1037A0004FF41A720AF0EFFA012384F8DE5084F81D
:1037B0008E306FF0360384F8D930042384F8DA3081
:1037C0006FF03B0384F8DB306F2384F8DC306FF05C
:1037D0003C0384F8DD306FF07F0384F8DF302B2367
:1037E00084F8D830FE2384F80E317F2384F88530A6
:1037F000202384F8F33170BD012917D10023A0F8EC
:10380000B43180F8AB310D4B826913441146B3FBE0
:10381000F2F3C0F8B03040F6B833A0F8B430438CBF
:1038200004F17800BDE87040FFF78EBF0229E2D1B5
:10383000B0F84A32D0F844228169F1E77FC3C90168
:10384000034B80F870101B680BB100881847704755
:103850007C050020074B93F900301844142804DC41
:1038600010F17F0F03DB40B27047142070476FF0F8
:103870007E007047D01600207F2307B50DF10700AA
:103880008DF8073003F0FEFC9DF9073068B10A4A55
:103890005078404240B21844142808DC10F17F0FE1
:1038A00007DB40B203B05DF804FB1846FAE71420CA
:1038B000F8E76FF07E00F5E7D0160020024B0022FB
:1038C0001A705A70704700BFD0160020437893B129
:1038D000C2783F2A05D80A49885CC31A5842584121
:1038E000704702F11401C9B2022906D804490A44FA
:1038F00012F8AC0CF1E7184670470120704700BF82
:10390000E01804003F2908B5C17003D80B4B5B5C7D
:10391000437008BD01F11403DBB2022B04D8074B3E
:10392000194411F8AC3CF3E7FF2904D04FF48A6145
:103930002A20FCF731FE0123EAE700BFE01804006B
:103940002DE9F347894669461646984608F076FC05
:10395000054600283CD1019F36B9012487F88D40E7
:10396000204602B0BDE8F087D7F810A03146504697
:1039700006F0ECFE04460028F2D0174B5B88B342F9
:1039800028D30146504607F01BF897F88D300446BF
:103990000580002B85700CBF4946022108F02DFEE2
:1039A00032464146E01C06F003FA3146504606F026
:1039B00007FF044618B97E212B20FCF7EDFD684671
:1039C00008F05EFE019BA3F8A25187F88D50C7E76F
:1039D0000124C5E72C46C3E7D4160020024B987D8E
:1039E000C04300F001007047D4160020034B987DBF
:1039F00080F00200C0F34000704700BFD4160020E2
:103A000083230B70014B1B78CB707047EC160020A2
:103A10002DE9F347D0F804800D46D8F814603046FD
:103A200006F0C0FF044618B9FF211020FCF7B4FDD2
:103A30000146304606F0C4FFB4F800A081461FFAE4
:103A40008AF717B940F20311EFE71F4BC11C1B683F
:103A50008BB9B8F80030A5F806A0AB8000236B72D4
:103A600099F8003003F00303012B11D0022B0FD083
:103A700040F21D11D9E73A46B8F800000191984785
:103A8000019904460028E4D1204602B0BDE8F08741
:103A900030462B72019106F099FF0199044610B946
:103AA0004FF49371C1E7FB2F02D940F23511BCE707
:103AB000286810B94FF49B71B7E73A4606F078F9D9
:103AC000304606F0DFFEDFE7800500202DE9F347F2
:103AD0008246894605270025DFF84C81D9F8103049
:103AE00053B11B7A1BB980211020FCF755FDD9F882
:103AF0001040B4B9002070E0D9F80440237A012BBB
:103B0000F8D0EFF3108372B6D9F804201268C9F820
:103B1000042003B962B6C9F81040237A0BB9A62174
:103B2000E2E7267AF6B22772731E0B2B69D8DFE81C
:103B300003F065061C3362683C6868686857636810
:103B400013B94FF4D771CFE7204651469847042068
:103B5000EFF3108372B6227A052AD1B25BD12572B7
:103B6000C9F81050ABB962B613E0636813B940F2FC
:103B7000B711B9E75146204698470346ADF804000F
:103B8000C0B2C3F30723012B3ED0022BE0D1C9F80A
:103B900010500028A2D020E0636813B940F2BF1192
:103BA000A2E7204698470020D2E763680BB9B52109
:103BB0009AE70B2200248AF800200122198818694C
:103BC0008AF80220AAF803108AF805208AF806402D
:103BD00006F058FE0420C9F8104002B0BDE8F08796
:103BE000D8F80030514620469847034660B102207D
:103BF000C9F81050F1E74FF4FB7175E740F2F91185
:103C000072E74FF4FE716FE726720028E5D1002BB2
:103C10007FF464AF6EE711B940F21D2164E7002B19
:103C20007FF45CAF62B659E78405002038B5134CC9
:103C300014220021231D18460AF0A5F80346012589
:103C4000257404331422002104F11800C4E901335F
:103C50000AF099F884F8245004F11C03084AC4E9D6
:103C600006330023E362236384F83430C4F835302C
:103C7000C4F8393084F83D30136038BDEC160020AC
:103C80008005002010B5084C2378FF2B04D04FF49A
:103C9000A0711020FCF780FC05F092FF2070BDE8B9
:103CA0001040FFF7C3BF00BF1D05002010B5034C37
:103CB000207805F0A1FFFF23237010BD1D05002013
:103CC000014B187805F0A8BF1D050020014B024AE2
:103CD0001A60704784050020113A000010B50649AB
:103CE0000446FFF7F3FE28B920460449BDE810401A
:103CF000FFF7ECBE10BD00BF04170020F016002037
:103D0000134610B5027A22B140F299211020FCF737
:103D100043FC0A4601460248BDE8104008F0D7BC03
:103D2000F0160020044890F834301BB903492C30B9
:103D300008F0EABC704700BFEC160020C1C60000C6
:103D40000346064890F83E203AB190F83D2022B94B
:103D5000034900F8353B08F0D7BC7047EC1600204B
:103D6000013A00000A4610B5037A23B140F2A121BE
:103D70001020FCF711FC014607230248BDE8104063
:103D800008F0A5BC041700201346027A0AB103729A
:103D900070470A460146014808F099BCF016002019
:103DA0001B234FF01B128384038482618382C260D1
:103DB000038539B94FF4A473034AC3844384C261B1
:103DC000C3820261704700BF4801480103460846AC
:103DD000F0B4B3F85420B3F84840B3F85610944206
:103DE000B3F84460DF8F28BF1446B3F84C20B3F813
:103DF00042508A42DC8728BF0A46B3F846109142F7
:103E0000A3F8422038BF1146A64238BF2646A74233
:103E1000A3F84610A3F844601FD1AA1A18BF0122C4
:103E2000B3F84A50B3F85040B3F85270A5429E8F91
:103E3000B3F8401028BF2546B3F84E40BC429D87DA
:103E400028BF3C46AE42A3F8404002D1A14200D177
:103E50002AB10449F0BC08F060BC0122E0E7F0BCE4
:103E6000704700BF21C700000B8BA2F80900104665
:103E7000A2F80B304B8BA2F80D308B8BA2F80F30D1
:103E8000CB8B0249A2F8113008F041BC71C7000089
:103E9000094AD2E90003434083EAB01181EA432191
:103EA0004FEAF34311605360044B58434FEAF0600C
:103EB00000EB8000704700BF2C170020BB79379EB5
:103EC000094AD2E90003434083EAB01181EA432161
:103ED0004FEAF34311605360044B58434FEAF060DC
:103EE00000EB8000704700BF20050020BB79379EA3
:103EF00010B50A4C08210948FCF7DEFCD4E9002380
:103F00001343F7D0064CFFF7DBFF2060FFF7D8FF25
:103F1000236860600343F6D010BD00BF2005002079
:103F20002C170020174B184A9A60184A5A60184AF2
:103F30001A60184A9A62184ADA62184ADA60184A0D
:103F40009A61184A1A63184A1A62184ADA64184AB7
:103F50009A64184A5A62184B184A9A60184A5A6268
:103F6000184ADA62184A1A61184A5A61184A9A615C
:103F7000184A1A63184A9A64184ADA64184A9A6303
:103F8000704700BF8805002023CA000053CA000004
:103F9000BFCA000025CC000079CC000021430000FE
:103FA0008FCC000059450000054400005DCD0000A5
:103FB00079CD00004D440000940600203FCA000067
:103FC0002FCD0000B1CC000055CC0000D5CC0000B6
:103FD000A5430000FFCD0000A7CD000099CD000053
:103FE00015CD0000044B054A5A65054B054A1A6574
:103FF000054A5A65704700BF8805002073CB000052
:104000009406002059CB0000D1CB0000054B064A96
:104010009A65064A1A66064B064A9A65064ADA65A2
:10402000704700BF88050020D9C00000292E00007D
:10403000940600202BC000007BC10000252A034607
:10404000084610B518D8012A19D9023A232A16D8D9
:10405000DFE802F01A1524232330153415233A45DE
:104060004915154D23236060767D15151515151519
:10407000151515151588939BFF2A00F08E8040F2C8
:10408000D4415120FCF788FA5A681B78012B0CBFE9
:1040900092F8103192F81931037110BD5968D1F8B6
:1040A000BE214260D1F8C22182605B68D3F804313E
:1040B000C360F2E75B6893F81031EDE701461846FC
:1040C000BDE8104000F012BA0F2303715923437169
:1040D000002383716923C37130230372DDE75B68BA
:1040E00093F80A31D8E7BDE8104000F0EFB95A68FC
:1040F0001B784BB992F8103133B192F80D3103713E
:1041000092F80C314371C8E792F80B31037192F8C1
:104110000A31F7E75B68B3F854200271120A427162
:10412000B3F812218271120AC271B3F850200272E0
:10413000120A4272B3F8103183721B0AC372ACE7E1
:104140005B6893F82621027193F82731DAE75B6800
:1041500093F82421012AF4D093F86420027193F893
:104160006530CFE7114A1468002C96D001461A46F4
:1041700023202346BDE8104018470C4A1468002C41
:104180008BD001461A462420F3E7084A1468002C15
:1041900083D001461A462520EBE75B68BDE8104056
:1041A00093F83722D3F8381208F02FBAA00700206E
:1041B0003F2803D8064B53F82000704700F1140342
:1041C000DBB2022B01D8AC38F4E70020704700BF07
:1041D000880500203F2803D8064B53F8200070477D
:1041E00000F11403DBB2022B01D8AC38F4E7002055
:1041F000704700BF94060020F7B5456804464FF6A7
:10420000FF772E690DF102010DF101023046ADF884
:10421000027006F0F0FA01A9304606F00EFB40B13C
:10422000019806F0D1FB616800220272FFF79AFD47
:10423000E8E7044905F1A00003B0BDE8F04008F04C
:1042400066BA00BFB7C90000F0B5044685B00D4698
:10425000FF2600F8896C10F88A3CF3B1184F3B78C0
:104260001BB148211F20FCF797F90C21381DFCF7E2
:1042700023FB3E70002304F8893C07232A4602F8FA
:10428000033BD4F80930C5F80330D4F80D3053603F
:10429000D4F81130936005B0F0BD01A80C21FCF7F3
:1042A0000BFBA4F51473039AC3F8042101AB03CBF1
:1042B00044F8920C44F88E1C04F88A6CDAE700BFCC
:1042C0003417002010B5054C23782BB90C21201D84
:1042D000FCF7F2FAFF23237010BD00BF3417002053
:1042E000024690F8C631BBB990F8C73103F0FF0120
:1042F0000BB100207047094B18780028F9D01970CD
:10430000D9680433C2F8041103CBC2F8BE01C2F865
:10431000C211FF2382F8C6310120704734170020F4
:10432000426838B592F8873004460D463BB1132BEE
:1043300005D0113B0B2B94BF0820012038BD92F80B
:10434000C83013B9204608F0F3FA6268D5F80E3089
:10435000C2F8B631D5F81230C2F8BA316368D5F870
:104360001620C3F800211A88A3F859226A68C3F8F6
:104370005B22AA68C3F85F226368AA89A3F8632254
:104380006368002583F8C6516068054900F514701C
:1043900008F0BAF963681522284683F88720CDE72C
:1043A0004942000038B54368044693F887201C2A28
:1043B00004D04FF4DE711F20FCF7EEF8002293F8D2
:1043C000C8101D8803F5C97083F8C72069B10B496F
:1043D00083F8C820A3F89C5183F89B2108F094F936
:1043E0006368002283F8872038BD012283F89B117F
:1043F000A3F89C51024983F89E21EFE711CC0000FD
:1044000003CC000038B54568AB6F13F0010417D139
:104410004A680C4B896813400B4AC5F8D830C3F37F
:1044200007630A4043F00803C5F8DC2085F8DB3059
:1044300008F07EFAAB6F204643F00103AB6738BD4E
:104440000120FCE72FC904F76FDB0080406810B53E
:1044500090F88630042B23D14B688A68C0F8D83096
:10446000C3F30763C0F8DC2043F0080380F8DB30B7
:10447000002380F8C23080F8863090F8742102F072
:10448000FF047AB9038800F5B670447243814B6823
:10449000C3608B680449036108F036F9204610BDFB
:1044A0000124FBE71C46F9E7F3CC0000406890F8D4
:1044B000743143B9038800F5B670034943811A2368
:1044C000437208F021B97047F3CC000010B50446E0
:1044D000FEF748FC034A044B02400B406260A360B5
:1044E00010BD00BF2FC904F76FDB008037B50C4645
:1044F0004568FEF737FC084B084A03400A4095F828
:10450000D81000930B4001928DF800306B4603CB1E
:104510006060A16003B030BD2FC904F76FDB00807D
:10452000DB0410B5144604D5037D13B100234363A7
:1045300010BD436B0133436308F042FCD0E90D2307
:104540009A42F5D30023034943632046BDE8104057
:1045500008F0E3B84FCD000038B54468054694F83C
:104560008630012B02D0A36F980739D494F8C93054
:104570009A0715D40A79D80784F8D320B1F8052012
:10458000A4F8D420B1F80720A4F8D62043F0020202
:1045900084F8C9200FD5134904F1CA0008F0BDF80A
:1045A00094F8C930D90711D4A36F9A0708D55521BB
:1045B0004020FBF7F1FF94F82A31002BEBD1EFE715
:1045C00043F002032846A36708F0B2F994F8863056
:1045D0000020012B03D184F8860084F8C20038BD86
:1045E0000120FCE7E1CD000070B545680446FFF707
:1045F00043F9054B014685F885001B681BB1204631
:10460000BDE87040184770BDA8070020024B1B682A
:1046100003B11847704700BFA4070020F0B5204D34
:1046200000242B781470CBB3013B6F68DBB21D1BE9
:10463000012D0BDC07EBC40557F834606D688D4223
:1046400008BF864212D114700120F0BD1D196E10F2
:10465000C5F3470557F836C007EBC60E8445DEF8AC
:1046600004608E412CBF2B462C46E0E7B04271EB34
:10467000050502D214700020E7E707EBC30457F8E2
:10468000335064688C4208BF854201D11370DBE768
:10469000A842A14128BF01331370ECE71846D4E7C4
:1046A0005417002010F0070208B503D063214820FA
:1046B000FBF772FF18B1034B197258601A70C800EB
:1046C00008BD00BF54170020014B00221A7070472C
:1046D00054170020014B187A704700BF5417002070
:1046E0002DE9F74308F0ADFB0DF1070206460D4634
:1046F000FFF794FF98B910490A780B7A93420ED0CD
:104700004C6813466FF060479DF80700984209D344
:1047100004EBC003013201200A70C3E9006503B055
:10472000BDE8F083D819013B04EBC000DBB2D0E94F
:104730000089C0E90289E7E75417002037B508F07F
:1047400080FB0DF10702FFF769FF0446A0B10C4A98
:104750009DF8070013785568411C013B05EBC1012A
:10476000DBB213701A1AD2B2D200834238BF0022D1
:1047700005EBC00009F0EFFA204603B030BD00BFE2
:10478000541700200A460648822302F8033B0368B8
:10479000C1F803304368536083689360704700BF7B
:1047A0005D17002016220021014809F0ECBA00BF75
:1047B0005D17002082B002AB03E903000D48437D82
:1047C000B3B1530614D50A880C30B1F8803020F804
:1047D0000C2CD1F8182220F80A3C40F8082CD1F80B
:1047E0001C22054940F8042C022202B0FFF7CCBA83
:1047F00002B070475D17002085470000074BD0F8D6
:1048000051201B68C3F80320B0F85520A3F80720F7
:1048100090F85010184607F074BE00BF7C170020B7
:1048200070B504460E461346407F6588324615F043
:1048300004050CBF294604F15F01FEF7DDFE4207C7
:10484000054623D4C3070BD50123607F84F850307D
:10485000FEF736FF0368C4F851308388A4F855305A
:1048600015F0020F4FF001050ED0094B294684F8D0
:104870005E501868D4F85F30C0F80930B4F863307F
:10488000A0F80D3007F046FE284600E0002070BD7D
:104890007C17002038B5C38D04460F4D0133C3F398
:1048A0000E03C385AB7C2BB102F0DEFC01F0E4FD0E
:1048B0000023AB7400232B7194F871302BB10121CC
:1048C0002046BDE8384006F0F8BC637C13B1E28DA9
:1048D0009A42F4D20021F3E77C17002010B5094C6E
:1048E0002379012B02D02379022B05D1A37C1BB1A4
:1048F00002F0BAFC01F0C0FDE069BDE81040FFF72E
:10490000C9BF00BF7C17002070B5294C2379012B4B
:1049100007D02379022B04D040F657412D20FBF716
:104920003BFEA0B90125A37C1BB102F09DFC01F068
:10493000A3FD002D3AD0E06906F038FC002830D005
:1049400002F068FB236ABDE870409B681847216845
:10495000E26911F8095B02F1510392F85020E8096D
:1049600007F01EFC0028DDD00021206807F0F7FDCD
:104970000028D7D02379E069012B05D02379022BB9
:1049800002D04FF44361C9E7237905F00F01226A91
:1049900003F180435269013B52F8233098470546A2
:1049A000C1E7E069BDE87040FFF774BF70BD00BFAC
:1049B0007C1700200346074AD06903B909B9FFF7FD
:1049C00069BF1379126A03F180431269033B52F8FD
:1049D000233018477C17002003292DE9F0430546B2
:1049E00085B090467BD090F870300529DBB202D1BB
:1049F0004288D0075FD5002B5DD10127DFF8E89012
:104A000099F81260B6B107F00FFC082888F800008A
:104A100014D002AA0DF10701FEF7C4FD20B940F63B
:104A2000CF612D20FBF7B8FD02A99DF8070008F023
:104A300014FA064698F80030082B08D1D9F800106F
:104A400011F8030BC0F3801008F007FA0646D9F8F6
:104A5000001005F1580395F8572011F8030BC0F327
:104A6000801007F09DFBD9F80010044611F8030BE5
:104A7000C0F3801007F0CEFB8146FEF733FE40B155
:104A8000B9F1080F1CD04846FEF7AEFC80F00100DB
:104A9000C0B298F80020082A16D09CB96B7F991AEA
:104AA0004B424B416A88520706D420B99EB9EB7C31
:104AB0009BB1BB4211D00023184605B0BDE8F0837E
:104AC0000020E6E70123EDE714B180F00104E4B231
:104AD00004F00103E6E73346EEE70123ECE7438801
:104AE0009B07E8D5022789E77C1700202DE9F04FC6
:104AF00085B00823052104460DF107028DF8073023
:104B0000FFF76AFF064620B90026304605B0BDE82B
:104B1000F08F744F396807F11403FA7C11F8030B16
:104B2000C0F3801007F03CFB80460028ECD13B68C6
:104B300040F2E249216A184691F88E2010F8035B92
:104B400002EA551202F0010281F88E20D3F8032008
:104B5000C1F803208288A1F807201946226A11F8BB
:104B60001F0BC0F3801090700979D3F81F008DF8E7
:104B70000C10D3F80F100290D161597D187D0904F3
:104B800041EA0021D87C01435162B3F8191082F840
:104B9000728009FB01F191619D7DC5EB451105EB2B
:104BA000810505EB85056D009585B3F8171009FBA8
:104BB00001F19162B3F81B101184B3F81D105184F8
:104BC00093F8243003F01F015B0982F89A1002A9C0
:104BD00082F89F31256A94F912B005F18E0007F032
:104BE000E7FB40F20113A5F868304FF0FF0A85F8A3
:104BF0006AA0414605F13000FFF7D2F85946284631
:104C0000FEF71EFE236A84F87B8004F186011A8871
:104C100084F899A0A4F87C204FF6FF729DF8070055
:104C2000A4F89A209A69B2FBF9F2A4F892201A8C9F
:104C3000A4F894205A8CA4F8962093F89F2184F825
:104C40009820227F5AB394F85020012A27D194F853
:104C5000562002F0C002402A21D1D4F85120C4F8D5
:104C60008620B4F855208A8008289A7803F1030535
:104C700004F18C0184F87F2004F18002D3F8033022
:104C800027D0C4F88C30AB888B8004F17F01FEF70D
:104C900089FC40B940F6B6312D20FBF77DFC00229F
:104CA000C4F88620DFE794F87F3043F0020384F8ED
:104CB0007F3004F172000C4907F026FD0B4B0022F7
:104CC000206A1B683A71002B3FF41FAF21469847BA
:104CD0001BE7C4F88030AB8893800023C4F88C3085
:104CE0008B80E6E77C17002087CE0000B00700200D
:104CF000032973B5044604D0052956D0012002B01B
:104D000070BD08230DF107028DF80730FFF764FE30
:104D10000028F3D0237C2A4D03B39DF8070094F8B4
:104D2000BE30DBB92378082804F1C10284F8BF3013
:104D30002CD004F1C001FEF735FC20B940F64571D6
:104D40002D20FBF729FC94F8C03043F0020384F8CF
:104D5000C0301C4904F1B60007F0D6FC2B680622CF
:104D6000042620465A701E70FFF748FD94F8402034
:104D7000E16B286807F0E4FB28682E7102F002FA64
:104D80002868002108F0ADFB0020B8E7286803463A
:104D900013F8031BC1F3801184F8C010D0F803107E
:104DA000C4F8C1109B889380D3E7074B1B6823B1DD
:104DB000984780F00100C0B2A1E718469FE700BF06
:104DC0007C1700206FCE0000AC070020F8B5044629
:104DD0000F4619B300F12805284608F038FAA0B9A3
:104DE00063881A072ED5284608F046FA0646284654
:104DF00008F02DFA301AC0B208F04CFA494A93680C
:104E000018449060284608F001FA284608F003FA92
:104E100002F05EF82179252001F0BEFF414E00230B
:104E200094F85E203068037043706388103B0D2B4C
:104E300068D8DFE803F063675F0C674467676767FC
:104E4000676767442046BDE8F840FFF723BD0623A7
:104E50004370202303702046FFF7D0FC638823F0C3
:104E600008039BB2152B05D094F83820616B30688D
:104E700007F057FB306802F085F90021306808F030
:104E800030FB032321790020337102F04DF80546F1
:104E900007B9F06063881B0704D508F0F8F92844C7
:104EA000C4F8D8006388103B0D2B36D8DFE803F038
:104EB00038352F2F352F353535353535352F0C23F2
:104EC00021214370034603F8091B52B1D4F85F2037
:104ED0000121C0F80920B4F863209A8007F01AFB7A
:104EE000B9E7A26DC0F80920B4F85C209A8094F864
:104EF0005710F3E7062303704370ACE702230370F7
:104F00000623F9E740F234612D20FBF745FB2179B8
:104F10000120BDE8F84002F0C1B940F6CA41F3E70C
:104F2000F8BD00BF7C17002038B543880446102B1D
:104F300004D10121BDE83840FFF748BF0B4DAB7CE1
:104F400023B101F06DFA402002F082F9286802F0E6
:104F500019F9608810F0040002D1217902F09EF95D
:104F6000002002F051F901232B7138BD7C1700207D
:104F7000024B0121D869FFF729BF00BF7C17002031
:104F800010B5134CA37C1BB102F06EF901F074FA5A
:104F9000E06906F00BF970B12379E069012B0FD1BC
:104FA0002379226A03F18043D268013BBDE81040B7
:104FB00052F823301847E069BDE81040FFF76ABC9B
:104FC0002379022BECD040F658312D20FBF7E4FA80
:104FD0007C170020094810B5037903F0FF0453B98A
:104FE00018222146043008F0CEFE02F03DF901F00F
:104FF00043FA204610BD0C24FBE700BF7C170020BD
:1050000010B50023084C23712060FFF7E3FF20B1A7
:1050100040F2EF212D20FBF7BFFA236A13B940F2CB
:10502000F221F7E710BD00BF7C170020014B024AB8
:105030001A6270477C17002014530000034B044A87
:105040001A60044B044A1A60704700BFAC07002086
:10505000ED4A0000B0070020112400002DE9F041C6
:10506000067D0446B31EDBB2012B8CBF4FF0000857
:105070004FF001087EB3B71E18BF0127012B36D8A9
:1050800000F1580190F8570007F0C4F808280546C9
:105090002DD0FEF7B5F958BB657784F81C8084F8ED
:1050A0005070FEF779FA054608F0DEFC174B002237
:1050B000A5FB033584F85E20181845EB0105114661
:1050C000C4E912052046FFF7ABFB70B940F27A4104
:1050D0002D20FBF761FA3746082504F15101002025
:1050E000FEF71CF80028D7D10020BDE8F081082584
:1050F000022EF2D0E37E002BF6D0D4F81530C4F89F
:105100005130B4F81930A4F85530C5E740420F00CB
:10511000F0B5484E87B00446327902F0FF0312B969
:105120000278FF2A04D140F6B7112D20FBF734FA9C
:105130003382B3607371B37180F871303E4B02A853
:1051400002933E4B03933E4B0493336A5B68059393
:1051500002F010F801F052FE02F086F801F08CF92E
:10516000384801F0ABFE384801F0FEFF04F128009A
:10517000019008F04BF8019808F04DF801F0A8FEF6
:105180002179252001F008FE94F9120001F090FE2B
:1051900004F13401206B05F015FD074604F13C01D4
:1051A000206B05F034FD0546E7B194F82430CBB10F
:1051B000B4F92E50ED43ED0F237F13B963885B07DD
:1051C00009D56FF00043D4E912129A4208BFB1F139
:1051D000FF3F0ED1ADB930680330FEF7FBF9B07474
:1051E00007B0F0BD002DE7D094F82550002DDFD199
:1051F000E2E708F039FCD4E91223904271EB030393
:10520000E8D3012229462046FFF70AFB68B1FEF7E2
:10521000C3F9054608F028FC0C4AA5FB0232181811
:1052200042EB0102C4E91202D5E7002DD3D040F6CB
:10523000F4117AE77C170020814F00000949000033
:10524000B5490000D6BE898E5555550040420F0025
:10525000F7B50446FFF75CFF00212046FFF7B6FDD7
:10526000A36E0BB101221A606388DB0721D50023EE
:10527000256A114E05F10A07CDE90033FF23F374C7
:105280006846FBF7CDFDA0B9009CA542F8D03B468F
:105290006A7A04F10A01607A06F082FF0028EFD0F2
:1052A000A378F374D4F80300044B7061B4F80720BA
:1052B0009A8003B0F0BD00BF7C170020901700203B
:1052C000024BD8611B6A1B68184700BF7C1700207F
:1052D00043881B0710B504460ED5036A3C220849D3
:1052E000723042721B884381FF2380F827304FF6CB
:1052F000FF73038507F008FAFF2384F8713010BDAF
:1053000087CE0000D9CE0000294F0000DFCE00007C
:10531000F14C000051520000DD480000714F0000C8
:105320000453000008530000105300000138022805
:1053300008B503D9C3212F20FBF72EF913290A4BF7
:1053400005D811290CD8102907D0D121F3E7152948
:10535000FBD103EB4003D88801E033F8100008BD0F
:1053600003EB40039889FAE77C190400F8B52F4B4A
:1053700040281A8842EA00021A8005D10421986860
:10538000BDE8F840FCF7C6BF802801D10521F6E74B
:1053900000F00302032A04D140F696213120FBF7E6
:1053A000FBF810F0020418BFD960C50705D5CA780C
:1053B0001961062A0DD00B2A18D02CB1DA68D278E0
:1053C000052A1FD00B2A2AD0820644BF08221A754C
:1053D000F8BD9A6892F887101829EED100260027A8
:1053E0000121C2E9386782F88B10E6E79A6892F8E3
:1053F0008710122901BF002182F88B10012182F849
:10540000C810DAE79A6892F887101629DCD10024D0
:1054100000250121C2E93A4582F88C10D4E79A6848
:1054200092F887101129CFD10021F5E7A0170020AD
:1054300013B5044601A8FDF7FBFD20B940F687012E
:105440003120FBF7A9F822220021019808F09BFCEB
:105450000321019807F0D1F801982146037823F041
:1054600010030370FEF74EFA224601990548FEF735
:10547000E5FDFDF7F1FD10B940F69101E0E702B05E
:1054800010BD00BFA417002070B5274CA36893F887
:105490003E6293F83F52002E3FD193F86810002DE2
:1054A0003DD193F8692083F8681083F86920FF22C2
:1054B00083F86A201D4B1B680BB1A0689847A3684E
:1054C00093F82431012B02D056EA050303D00021C2
:1054D0001748FDF76FFCA068303007F095F90546D6
:1054E000A06800F23511FEF771FCA0680621FCF7F8
:1054F00011FFA068303007F087F98542044610D2CA
:1055000002F0F0FF0146601B192838BF192004F093
:10551000EDF8B0FA80F0400970BD3146BFE72A4689
:10552000C1E70120F8E700BFA0170020C007002056
:10553000A41700200029034608BF1F21172810B513
:105540000BD80D280DD90E3809280AD8DFE800F04D
:105550000B0909090B090B09110BA0F12303022BFD
:1055600023D9002010BD00211846BDE8104007F0E7
:1055700095BE114CA36893F88620212A09D1201DDD
:10558000FDF718FCA368002283F8862083F8C22068
:10559000E7E72E2AE5D193F88730A3F12002062A07
:1055A000F0D92E2BEED02A21E9E7044B1B68002B03
:1055B000D7D0BDE810401847A0170020B80700203A
:1055C000114B02460979986890F88630212B11D04A
:1055D0002E2B0FD0282B0FD0042B0FD00F2B0FD03A
:1055E0001D2B0FD090F88730232B14BFFE201720DF
:1055F000FFF7A0BF1620FBE72320F9E70E20F7E70F
:105600001220F5E71420F3E7A017002073B5044635
:105610004068836F13F0300F48D10D891A2D0AD9D5
:105620004B89B3F5A47F06D38A881A2A03D9CE887A
:10563000B6F5A47F06D2C978204602B0BDE8704016
:1056400007F0A8B929463030009607F0EFF8184B5C
:105650001A8892070ED5DA68D278142A0AD16268BD
:10566000936F43F010039367204607F061F9002021
:1056700002B070BD626892F886101D29EFD092F8D2
:105680001B21002AEBD1626892F81A21002AE6D188
:1056900061688A6F42F020028A679A68114602F5B3
:1056A0009F7231F8300BFEF7DFFBDDE70120DFE70B
:1056B000A017002008B50C4B9B6893F80E21FE2A1A
:1056C00004D040F696013120FAF766FF83F80E0108
:1056D00011B9A3F8C41008BD0022A3F8BE2001220E
:1056E00083F8C220F7E700BFA01700200D4B1A7DFA
:1056F0009AB940B99B68B3F858109A8F91420FD865
:105700001846FCF7F9BD1A88120708D59B6893F86C
:105710008800073818BF012070470020704701201B
:10572000704700BFA0170020154BDB6810B5197932
:10573000436893F88620092A09D193F809218A42FF
:1057400005D1002283F8862083F8C22010BD9A6F0D
:1057500012F0080406D022F00802BDE810409A6753
:1057600007F0F0B8FF2905D1332283F8344283F8DB
:105770008620EBE740F242513120FAF70DFF00BFDF
:10578000A017002010B50B7904464268172B92F839
:1057900086200CD80D2B0CD9A3F10E01092908D8AD
:1057A000DFE801F009070707090709071009232B9C
:1057B00026D0002010BD224601211846BDE8104029
:1057C00007F06CBD212A01D02E2AF2D1204607F025
:1057D000A6F8636893F88720222AEAD093F8D920A4
:1057E0001A21204622F0010283F8D920626892F83B
:1057F000D93023F0080382F8D930FDF7DBFAD8E777
:10580000282AD6D1024B1B68002BD2D09847D0E76C
:10581000BC070020F7B505467E4C002840F0AC8060
:1058200023881F0727D5A36893F80E21FE2A04D1E9
:1058300040F2BE513120FAF7AFFEFE2283F80E216E
:1058400093F887201A2A07D183F8C700201D07F094
:1058500079F8A36883F88750A36893F88620202AF4
:1058600032D0332A3ED093F88820072A02BF022282
:10587000627583F80E212388DE073CD423885807FD
:1058800000F1A980990713D5E368DE780D2E00F0AA
:10589000AA80112E00F0A980072E00F0A8803046C3
:1058A000FEF798FC0346002800F0A3805A4898476A
:1058B0002388DA0660D5A36893F887200A2A5BD18B
:1058C0000B2283F8872057E093F88720A2F120016C
:1058D000062901D92E2A03D12E2283F88620C2E779
:1058E0002122FAE7012283F83522002283F886205C
:1058F00083F8C220B7E7A368276993F88730113B84
:105900000B2B0BD8FB78023BDBB2092B7DD8012295
:1059100002FA03F340F23332134276D03846FDF7F1
:10592000D5FFFE7820B931463B4807F033F845E013
:10593000012E01D9162E0FD1A36893F8860007F027
:1059400016F848B1A36893F88620202A04D0212AAB
:105950000ED12E2283F88620112E34D026D8072E81
:1059600033D00D2E33D03046FEF722FC034621E023
:10597000162E0CBF20250225237D1B0713D5A368F7
:1059800093F88730113B0B2B41D9002601A9032046
:105990000196FBF7CDFE019B2BB11E720C22A16874
:1059A0000198FEF7ADF9284603B0F0BD142EDAD108
:1059B0001A4B1B686BB121691748984700283FF4C0
:1059C0005DAF0546D8E7164BF5E7164BF3E7164BE8
:1059D000F1E7F978A8E7A26892F88820062A04BFC0
:1059E000012262754EE7114B60E7114B5EE7114BE8
:1059F0005CE7FF2E06D1A268332182F8340282F8D8
:105A0000861055E740F2B25114E70825B4E708259F
:105A1000C9E700BFA0170020A4170020B40700208A
:105A2000B1D3000085570000C155000041D30000EC
:105A30005FD30000295700002DE9F041A44C0E4629
:105A40000746B4F80080A16818F4007F01F17805DA
:105A50000CBFB1F8B820002328460DBF0132A1F8D1
:105A6000B83081F8AF31A1F8B82007F090FC28B128
:105A7000434601F596722846FEF752FD238803F44B
:105A8000C06333B1A06890F88A30002B4AD0032B52
:105A90004ED0A168238891F88A20012A04D11D05DF
:105AA00044BF022281F88A20002F40F0AC805806C3
:105AB00057BFB1F8C8213A46013292B2A1F8C821C5
:105AC00003F00A020A2A0DD1E268D278022A09D12B
:105AD00023F0080330462380FFF79CFE3043082361
:105AE000C6B223803046FFF795FEA368304393F893
:105AF0000E21C6B2FE2A4ED1002E4CD193F888203A
:105B0000063A012A47D993F81831B3B1A3680121A5
:105B1000022093F81921A3F8BC6083F81021FFF745
:105B2000C9FD38E0012180F88A10FCF7F3FBB0E7EB
:105B30000223012180F88A30F7E7A06890F88730C7
:105B4000A3F11005EDB20C2D11D8113B0B2B00F277
:105B50005181DFE813F007014F014F014F010A01A6
:105B600012014F014F014F014F014F013D01836F62
:105B7000D90702D531460920D1E79A0740F19A802A
:105B800031460C20FFF796FDA26892F8C93043F029
:105B9000010382F8C930A568B5F8A83195F8AC8141
:105BA0000133A5F8A831B8F1000F00F0E181FBF74F
:105BB000B1FD10B10023A5F8A831A16891F88A8041
:105BC000B8F1010F40F20A8291F88830072B40F0BB
:105BD000E781B1F8B830022B40F20082B1F8BA5038
:105BE0000135ADB2B1F880302B44A1F8A03191F865
:105BF000AD31002B00F0F6810123A268B2F88010CD
:105C00000B44A2F8A4312288A368550657BFB3F805
:105C1000B4210022B3F8A6115218A3F8B42193F8C6
:105C200018312BB9A36893F88830063B012B07D8AD
:105C3000A368B3F8BC20B3F8A6110A44A3F8BC20AB
:105C4000A36893F8C20030B1B3F8BE20B3F8A61130
:105C50000A44A3F8BE2093F9C6100029C1BFB3F8C7
:105C6000C420B3F8A6515219A3F8C42093F8A92070
:105C70005AB9002F40F04B82627D022A40F0008228
:105C800093F81021062A18BF1622A36893F8A830AB
:105C90002BB9A3680F4883F8A920FEF7ADFAA068D6
:105CA00007F0BFFBA368002283F8AB21BDE8F041F9
:105CB000FDF7F8B9590702D5314613202FE71A0727
:105CC0000AD590F80831314680F81031072026E7D0
:105CD000A0170020A417002013F0300F3CD090F83C
:105CE0001B31002B40F01982A36893F81A31E3B1FD
:105CF000A06890F8873000F58D7100F23E22252BC8
:105D000028D090F88630A3F1250CDCF1000343EB9A
:105D10000C0306F07DFDA268936F23F0200343F08F
:105D200010039367002382F81A31A068836FDA06A4
:105D300040F1F38100F23511FEF748F8A368002125
:105D40001520B3F85220A3F81021B3F85620A3F879
:105D50001221E4E60123DCE75B0640F1DE8100214D
:105D60002420DCE600210B20D9E6FEF7B9FA002852
:105D70003FF411AF00210420D1E690F83032012B1E
:105D800008D100210520FFF795FCA368002283F8C5
:105D9000302200E7A36893F83032022BD8B27FF4A8
:105DA000FAAEA368062293F8C8501DB1002183F80B
:105DB0001021E8E7B048032106F0D3FDA368294687
:105DC00093F8D83013F0040F14BF11200D20DAE738
:105DD00000210620A3E693F82421022A02D1002103
:105DE00017209CE693F82421012A03D193F825314A
:105DF000002BF4D0A36893F886206AB993F8872023
:105E0000103A0C2A40F2998193F8B620002A00F04B
:105E100094810121122082E6092A40F08A8193F8B8
:105E20000921012183F8102150E7A36893F82A3152
:105E30009BB1A36893F8C93013F003050DD101217C
:105E40000C20FFF737FCA36893F8C92042F0010249
:105E500083F8C92083F82A519BE7A36893F81A3185
:105E600053B3A36893F81B3133BBA06890F8873015
:105E700000F58D7100F23E22252B1BD090F8863064
:105E8000A3F1250CDCF1000343EB0C0306F0C0FC8E
:105E9000A368002283F81A2101211420FFF70AFCCD
:105EA000A368B3F85220A3F81021B3F85620A3F842
:105EB000122170E60123E9E7A36893F82421012A5F
:105EC0004CD193F82531002B48D1A16891F8873047
:105ED000A3F12002062A41D92E2B3FD091F8685019
:105EE000012D06D0022D04D040F249310620FAF7E8
:105EF00053FB91F86900012801D00228F4D1022D4A
:105F000091F826210AD0012A14BF002201223AB9B1
:105F10000A3B042B12D90121162000E6022AF3E7DE
:105F2000022891F8272117D0012A14BF002201224C
:105F3000002AEDD000215048FCF73CFFA36893F8FD
:105F40008620002A7FF427AE93F83432002B3FF4EA
:105F500022AE0121FF20E2E5022AE6E7474B1B685B
:105F6000002BEBD044489847FE28E7D00121D6E526
:105F7000FBF7CAFB08B1A5F8A881FBF7D3FB002803
:105F80003FF41BAE95F8AF310133DBB2022B85F83D
:105F9000AF3182BF0023A5F8A83185F8AF310CE6F8
:105FA00091F8B6301BB191F886300F2B16D1B1F8AD
:105FB000BA5001F17800B1F8B830ED1A033D07F09E
:105FC000E6F968B1D1F8B030D1F8AC20033B9B1AA8
:105FD0009D42A8BF1D46012D3FF703AE012501E6F6
:105FE0002B46F5E7012D7FF607AE91F8873013B108
:105FF0000B2B7FF401AE91F88630002B7FF4FCADC3
:1060000091F88830002B7FF4F7ADB8F1020F7FF4E0
:10601000F3AD91F8AF31002B7FF4EEAD0869B1F824
:106020002E8004F039FC00283FF4E6ADA26892F817
:106030000E31FE2B7FF4E0ADB2F8A231012B7FF6DA
:10604000DBADB2F8A811138C9942BFF4D5AD013D78
:106050005B1AADB29BB2B5FBF8F59D4228BF1D4659
:1060600005FB08F3003D03F1010318BF01259BB2B6
:1060700082F8AA51C1E500BFA4170020C407002080
:10608000012A09D193F88920002A7FF4FEAD00216E
:10609000A068FCF73FF905E65EB1F00635D431079C
:1060A00035D4B20635D4B30735D140F618213120A6
:1060B0001DE738B1B3F8BE00B3F8C020904201D359
:1060C0002222E2E5002905DDB3F8C410B3F8C020B0
:1060D0009142F5D2B3F8BC10B3F8BA2091420BD27A
:1060E000A36893F88A10B3F8B82051B1B3F8BA3066
:1060F0009342CCD80822C8E593F81831002BDFD1A1
:10610000EEE7052AC3D93E22BFE51E22BDE53D22AA
:10611000BBE52322B9E52A22B7E5A36893F88720D7
:10612000222A3FF458AE312A7FF464AE00211120B8
:10613000F5E40C2D3FF602AF2DE50C2D7FF62BADCF
:1061400093F82B31002B3FF470AE01210E20FFF7A6
:10615000B1FAA368002283F82B211AE673B5674DC4
:1061600000240126A8602E712C802C756C75FF23ED
:1061700080F8AB31AB681888FCF754FFAB6818881F
:10618000FCF77AFFAB68B3F8A221EAB193F80E21CD
:10619000FE2A19D193F81831B3B1AB6893F888206F
:1061A000063AB24210D993F819210220A3F8BC4054
:1061B000314683F81021FFF77DFAAB68022083F89F
:1061C000AA41FFF735F904E0AB6893F80E01FE2809
:1061D000F7D1AC68B4F8A61104F17800E38D013969
:1061E000B4F8A82189B2B1FBF3F31344A4F8A831A1
:1061F000B4F8B8300B44A4F8B83007F0C8F820B1B0
:10620000D4F8AC300B44C4F8AC30B4F8A23100265A
:10621000012B9CBF0133A4F8A23109B184F8AF610E
:1062200094F8873084F8AA61A3F10A02012A1FD8E2
:10623000B4F88030B4F83C229B1A190432D404F22A
:106240003E2104F18E0006F0B3F8AB6883F8876056
:10625000FF2283F8C320A968B1F8A62101F17800D4
:1062600006F0EDF8A0B340F6A3113120FAF794F947
:10627000252B17D1B4F83C22B4F880309B1A1A04AD
:1062800010D484F88760FFF7FFF8AB68014630B997
:1062900083F8240102B0BDE87040FFF7CDBB83F85E
:1062A0002461D8E794F8863003F0FD03252BD2D182
:1062B000B4F88030B4F83C229B1A1B04CBD40023E2
:1062C00084F88630FFF7E0F801460028C3D1E1E703
:1062D0000B4B0C4900930C4A0C4B03C9FBF7F4F829
:1062E000AB6893F88730113B0B2B04D802B0BDE8A4
:1062F0007040FBF7E1B802B070BD00BFA0170020EE
:10630000395A0000A41700206D530000ED5600001C
:10631000D0F844328269934210B5044604D1D0F8D3
:106320004812026A914215D0228804F5C0700F49C4
:10633000A4F88A2140F2E242B3FBF2F3A4F88C31D4
:10634000B4F84832A4F88E31B4F84A32A4F8903147
:1063500006F0E3F902212046FDF71EFA002384F837
:106360008730032384F88A3010BD00BF9FCA000025
:1063700008B5FDF737FE024B024A1A6008BD00BFA0
:10638000B40700200D560000064B1B68D3F800012F
:1063900038B1D3F8040120B1D3F80801B0FA80F085
:1063A00040097047681D0020034B00221A705A7084
:1063B00010229A70704700BFB8170020F8B5064643
:1063C000022014460D4600F071FA114B114A0127C4
:1063D000191D5C609A6002F1807203342D011F70F8
:1063E000DC601D83C3E904260022243303F80A2C51
:1063F0000D2203F8092C084A1268C2F83015074923
:10640000C2F80875C2F8383503C983E80300F8BD3F
:10641000B81700200300000B681D00209C19040021
:1064200008B5022000F042FA0D4B01221A7000223A
:106430000C4B1B68C3F80021C3F80421C3F80821E2
:10644000094AC3F88020094BC3F88C20084B1B680D
:10645000C3F88C210822074BC3F8042508BD00BFF0
:10646000B8170020681D002003000080003008508D
:10647000741D002000200450144A08B5137803B39B
:10648000134B19680023C1F880301249C1F88C30D1
:1064900011490968C1F88C310821104BC3F808155F
:1064A000FFF772FF40B101235370938EFF2B05D984
:1064B000BA213B20FAF770F8102350709370002334
:1064C00013700020BDE8084000F0F0B9B8170020B4
:1064D000681D002000300850741D0020002004506A
:1064E0000A4B1A7872B10A4B1B68D3F800215AB1D3
:1064F000D3F8040120B1D3F80801B0FA80F04009C4
:10650000C0B270475878704702207047B817002013
:10651000681D0020064A08B513782BB1FFF734FF39
:1065200020B192F8340008BD9078FCE71020FAE71B
:10653000B81700200A4B02211A680023C2F88030E5
:10654000084AC2F88430084A1268C2F88431074AFF
:10655000C2F8081502F58022C2F80835704700BF5E
:106560006C1D002000300850741D002000200450D5
:10657000024B00221A705A709A707047F017002070
:106580002DE9F041054601200C461E46904600F0DC
:106590008DF905F00301234F234841EA06433A6889
:1065A000067143F08073C2F80435FFF7C3FFE36858
:1065B0003A681FBAA36880F805801EBA6368C57080
:1065C00019BA2368C2F810751BBAC2F81465C2F86C
:1065D0001815C2F81C35D4E9043619061B0A09BA85
:1065E00043EA066394F82060002E23F00043E66936
:1065F00014BF4FF000470027A46936BA3B43022D71
:1066000024BAC2F820651BBAC2F82445C2F828355E
:106610004FF00103C2F82C15437098BF0370BDE81A
:10662000F08100BF6C1D0020F0170020694B2DE9A0
:10663000F74F5A7805460C4622B940F20E213C200D
:10664000F9F7AAFF93F803C0C21C01F1030A00F195
:1066500001091CF0FB0E019203F1080703F1380653
:106660005D4A4FD1497803F1400BC3F8109003F114
:1066700018098846A3F868100191A3F8548008F11E
:1066800004089C6492E80300C3E916EE86E8030060
:10669000D2E902018BE803000021DFF85CB183F846
:1066A0005610D2E90401C3E913BA87E803004B4945
:1066B0004FF00E0A596183F857A0D2E90601EA1C8F
:1066C0009A620022C3E9085B89E80300A3F82C80E2
:1066D00083F82E2083F82FA0C3E90CEEA378AB70CB
:1066E0003F4B1B68C3F83065C3F83875394B01223E
:1066F0003B499A70BCF1000F4AD11B78002B40D166
:10670000D5219CE792E8030003F1180EDFF8CC8056
:106710001C62C3F8148087E80300611C1961D2E988
:106720000801C3E910988EE80300DFF8CCE003F11C
:1067300048082C49C3E909EA4FF0000AC3E90B1ADB
:10674000D2E90401C3F834A083F85EA086E8030010
:10675000D2E90601EA1C9A655A79A3F85C200E2258
:10676000C3E9145E88E8030083F85F20C3E918AA30
:10677000A378AB701A4B1B68C3F83075C3F8386543
:10678000B4E70B68C3F804C11A6003B0BDE8F08F2A
:10679000BCF1040F05D11A700B680021C3F8041175
:1067A000F2E71B7813B940F2011148E70A680023A9
:1067B000C2F804310C4BC2F880300C4AC2F8843065
:1067C0000B4A1268C2F8843102220A4BC3F804252E
:1067D000DBE700BFF0170020A41904000100000C43
:1067E0006C1D0020E803000E0100008000300850FE
:1067F000741D0020002004500100000D054808B55C
:1068000003781BB1FFF796FE00230370002343704B
:10681000837008BDF017002008B5084B1B68D3F83B
:10682000042122B940F27B213C20F9F7B5FED3F8D0
:106830000004003818BF012008BD00BF6C1D0020F7
:10684000024B01221B685A60704700BF6C1D00207C
:1068500038B5074B0024074D1B68C3F800452B686B
:10686000C3F80045FFF7CAFF2B68C3F8804038BD66
:106870006C1D0020681D00200A4B1A6813B2002B03
:106880000DDB01215B0902F01F02203301FA02F245
:10689000054941F82320BFF34F8FBFF36F8FFFF7F8
:1068A000D7BF00BF801D002000E100E010B5044606
:1068B000FFF7CEFF012C03D0022C07D084B910BD06
:1068C000094B02221B68C3F80025F8E7074B032297
:1068D0001B68C3F8002502F10042C3F88020EEE7F0
:1068E00087213D20F9F758FE6C1D0020681D00200F
:1068F000024BD3F8A00300F00100704700C0FF0076
:10690000084BD3F8A423D3F8A833511C9BB203D16E
:106910004FF6FF718B4203D00260838001207047E5
:106920000020704700C0FF000B4B30B5D3F89053E8
:10693000D3F89443D3F89813D3F89C2305EA0403BF
:106940000B401340013317BF056000204460816095
:106950001CBFC260012030BD00C0FF000B4B30B532
:10696000D3F88053D3F88443D3F88813D3F88C2317
:1069700005EA04030B401340013317BF05600020F4
:10698000446081601CBFC260012030BD00C0FF00B8
:10699000024B00221A809A701A717047601800200A
:1069A00038B5144D0346084695F83D2022B940F607
:1069B00087013E20F9F7F0FD6BB9012AAC6B95F821
:1069C0003C1005D100F04CFE20442B6BC01A38BDA2
:1069D00006F08DFDF8E7012B0AD1012AAC6B95F882
:1069E0003C1002D100F02EFEEEE706F08BFDEBE747
:1069F0000020EAE76018002008B50128084B83F85A
:106A00002400084B06D0022808D040F63D513E2015
:106A1000F9F7C2FD0322C3F8002508BD0422FAE7F6
:106A20006018002000A0085008B5144B93F84A30B5
:106A3000D90720D59A070ED5114BD3F8002442F080
:106A40000102C3F80024D3F8200500F0F600023854
:106A500018BF012008BD5B070DD5094B094AC3F8D3
:106A60000821A3F5A043D3F8403123B140F2766169
:106A70003E20F9F791FD0120ECE700BF60180020EF
:106A800000A008500B00008007B50B4A01AB92F93B
:106A9000252000F029FE9DF9040000F071FD9DF80D
:106AA000050000F099FE20B140F23F613E20F9F769
:106AB00073FD03B05DF804FB6018002008B50346C1
:106AC0000F4863B92831C1600E4900F06DFE0130F6
:106AD000012814D94FF4EB613E20F9F75DFD012B3D
:106AE0000AD12931C160074900F064FE0130012854
:106AF00005D940F26271EFE740F26671ECE708BD3C
:106B00002C050020CC19040008B50C4B9B78012BF8
:106B100009D100F055FE013001280ED940F6D80108
:106B20003E20F9F739FD022B07D100F04FFE01306E
:106B3000012802D940F6DE01F2E708BD6018002006
:106B40000A4B40F409000A4A1B8D40F04000B3F59F
:106B5000166F36BFA3F63813A3F5166343F480739C
:106B6000C2F80837C2F84005704700BF601800201F
:106B700000A0085010B50C46FFF73EFF2046FFF777
:106B8000DFFF0C4B5A78012A03D12146D878FFF752
:106B90007BFF094BD3F8002442F01002C3F8002415
:106BA00040F20312C3F8442E40F25B62C3F8482E51
:106BB00010BD00BF6018002000A008502DE9F04172
:106BC0000D46164607463F4C00284BD194F82680C8
:106BD0001046FFF711FF40464146FFF7B1FF304630
:106BE000FFF752FF384940F20313384AC1F8443ED8
:106BF00040F25B63C1F8483E01232078A3709842BD
:106C000020D102EB4602938A4FF47A7203F5FA73AD
:106C1000B3FBF2F3ED1A216B2D4B0D442D4AC3F853
:106C20004055C3F8C0212378ABBB94F84A3043F0F9
:106C3000020384F84A30FFF7F7FE044690BB4FF496
:106C4000D16125E002EB8602D3694FF47A7203F535
:106C5000FA73B3FBF2F3ED1A0028DCD11D4BC1F837
:106C60000031D8E7012811D194F826101046FFF71B
:106C700081FF0223A3702378012BCCD0293D002B68
:106C8000C9D1114B134AC3F80421C4E740F60901E6
:106C90003E20F9F781FC012BCDD194F84A3043F026
:106CA0000403C6E70A4B0122DA64D3F84C359D424F
:106CB00006D929463846FFF701FF2046BDE8F08196
:106CC0000024FAE76018002000A00850CC19040046
:106CD000005008500B00008008B5602200210348D6
:106CE00007F051F8BDE80840FFF752BE60180020D9
:106CF000034B184490F8280000F51660704700BF59
:106D0000CC190400014B93F83C0070476018002038
:106D1000024B986B1B6BC01A704700BF60180020B5
:106D2000094AD2E90C3092F83C10C01A074B03EB29
:106D300081031A6DDB6D801A4FF47A7203F2F3133C
:106D4000B3FBF2F3C01A704760180020CC1904009E
:106D50000F4A08B592F83C10012906D0022914D038
:106D600040F2A6213E20F9F717FC40F61C40D2E97C
:106D70000C239B1A074A02EB8102126D9B1A4FF4F7
:106D80007A72B0FBF2F0184408BD4FF4AF60EEE742
:106D900060180020CC190400FF2808B504D940F27F
:106DA000C2213E20F9F7F8FB124B0129A3F8480055
:106DB00004D0022919D040F20731F2E7002343F44E
:106DC000801340F000700C4A43F4847340F4403068
:106DD000C2F8203EC2F8280ED2F8203503F0F7039F
:106DE000032B05D140F21D31DBE74FF08073E6E75E
:106DF00008BD00BF6018002000A00850F8B5234E61
:106E00004FF48067C6F89070BFF34F8FBFF36F8F5A
:106E10001F4C01231F4DC4F8A430C4F8403E85F830
:106E200024300323C4F800354FF40023C4F80034A1
:106E3000194B187C00F0E2FC02F090FF174B184A47
:106E4000C4F83833174BC3F8C820013AC3F8C4203C
:106E500040F6FE72144BC4F81433144BC3F80425E7
:106E60000023AB87AB6385F84A3006F06AFE4FF427
:106E700080732863C6F89071C4F888342B6E37612C
:106E800003B19847BDE8F84000F082BC00E100E0A3
:106E900000A00850601800202C050020030000808E
:106EA00006000080005008500100008000200850BB
:106EB000014B83F82500704760180020020E034B39
:106EC0000002C3F8342EC3F82C0E704700A00850FF
:106ED000054A064B82F82600184490F8283003F53E
:106EE00016631385704700BF60180020CC1904009A
:106EF00010B504460068FFF7E1FF094B6268C3F86C
:106F00004C2E207AFFF7E4FF617A6089FFF744FF97
:106F1000607AFFF771FD227B024B83F8252010BDBC
:106F200000A00850601800202DE9F0412B4E0546C6
:106F30000F4696F84A30DA0704D440F29D713E209D
:106F4000F9F72AFB264C43F00203D4F8002442F060
:106F50000102C4F8002486F84A3078BB96F82680EF
:106F60000846FFF749FD40464146FFF7E9FD384630
:106F7000FFF78AFD40F203131A4AC4F8443E40F278
:106F80005B63C4F8483E0123B370D3642360154BA0
:106F90002846D3F84C452146FFF790FD306B241A64
:106FA000CDB9114901EB87074FF47A71F86900F503
:106FB000FA70B0FBF1F02044BDE8F0810128E6D181
:106FC00096F826103846FFF7D5FD0223B370054B1F
:106FD000DD646560DBE704F12900EDE7601800205F
:106FE00000A0085000500850CC19040008B5FFF765
:106FF000E5FD58B9064B0122C3F8400503F5A0434F
:1070000002201A61BDE80840FCF79ABE08BD00BF27
:107010000050085013B5264B4FF48061254A4FF0BD
:10702000FF30D3F88844C3F89004C2F890114FF4AD
:107030000022214904F48074C3F80024002281F85E
:107040004A201E49C1F84025C3F80821C3F8002191
:10705000C3F80421D3F82015C9B2D1B18DF80700C7
:10706000C3F8202201221A619DF8072012B1D3F83B
:1070700020223AB19DF807305BB940F6C7013E20A7
:10708000F9F78AFA9DF80720013AD2B28DF8072065
:10709000EAE7FFF739FD06490023C1F82032FFF780
:1070A00077FC1CB14FF48073C1F8883402B010BD76
:1070B00000A0085000E100E06018002000500850D7
:1070C00070B50024234D244EC5F84845C5F8444505
:1070D000C5F84045C5F84C45FFF79CFF00F05EFB46
:1070E000C5F8C441C6F80841C6F80041C6F80441D5
:1070F000C5F8C840C5F8C44002F048FE174B40F63A
:10710000FE72C6F83843C6F81443C5F8C041C3F848
:1071100008254FF48062124B1C77C3E90D44114BD4
:10712000C5F84845C5F84445C5F84045C5F84C453F
:10713000C5F84841C5F84441C5F84041C5F84C413F
:10714000C3F89020BFF34F8FBFF36F8FC3F8902128
:1071500070BD00BF0050085000A00850002008502B
:107160006018002000E100E0014BC3F84C0E7047AE
:1071700000A008500FC810B5014C84E80F0010BDE6
:10718000C418002008B50A4BC3F8D00E094B93F879
:107190004A20586442F0010283F84A20FFF744FC79
:1071A00020B940F648113E20F9F7F6F908BD00BFB6
:1071B00000A008506018002008B5104B1A6B10444E
:1071C0009A6B824204D340F65B113E20F9F7E4F952
:1071D000012218621A770A4B5A64D3F84425904268
:1071E00002D840F66411F0E70022C3F84421054AB2
:1071F000C3F84405C3F8C42108BD00BF60180020CF
:10720000005008500900008010B50F4C03460222C0
:1072100094F83D002277012894F83C1094F824203B
:107220004FF096000CD100F029FA084A00232062A2
:10723000C2F84431A36B216A0B44C2F8443510BD37
:1072400000F036FAF1E700BF601800200050085047
:10725000044BC3F8940ED3F8002442F04002C3F864
:107260000024704700A00850054BD3F8002422F0FA
:107270004002C3F800240022C3F8942E704700BFD8
:1072800000A00850044BD3F8183703F07F035B428B
:1072900003700120704700BF00A0085008B50D4BD7
:1072A0000A46D9700021197088B90121597099785E
:1072B00002290ED193F826101046FFF7E5FB064A87
:1072C000D2F8003443F01003C2F8003401E0022287
:1072D0005A7008BD6018002000A00850024B002220
:1072E000C3F84025704700BF00500850044B30B52C
:1072F000D3E914459B6DC0E900450B6030BD00BF6C
:10730000601800202DE9F843834C0123834DB4F825
:107310004870EB64D5F84C25236BA2EB030806F00C
:10732000A3FBC4F85880C4E91401FFF7EDFB7C4AC5
:107330000023C2F80831C2F80031C2F80431D2F893
:10734000001421F01D01C2F8001484F84A30237F94
:1073500023B1D5F84431003B18BF0123A17801299E
:1073600034D1D2F81832002B0CBF0025082515F0B7
:107370000B0F6B4B04D1D3F820220AB145F0100556
:107380000022C3F80022C3F81822C3F82022C3F851
:107390000C22C3F8142205F01803102B03D1012985
:1073A00008BF45F020055D4B0229D3F84825A263AC
:1073B000D3F8443584F83D10636394F824301BD12E
:1073C000D3B940F246213E20F9F7E6F8022911D15F
:1073D000534AD2F81802D2F80C2E00280CBF002510
:1073E0000225D00758BF45F00405002BBFD045F05B
:1073F0000105BCE70025BAE7607884F83C3038B96D
:10740000FFF7C6FA2077E9074BD5636E984757E038
:1074100015F0110F22D1B0F101092379267818BF98
:107420004FF00109012B1DD0022B2ED093BB9621CA
:107430004846FFF7B5FA0146FFF7AAFA012E08D130
:1074400008F13B08884528D8344B00222670C3F841
:107450004021E2784846FFF7C9FD01E0FFF7DAFD79
:107460000020D0E72F48FFF743FD94F83D3013B9D3
:1074700040F29471A7E7012B04D1FFF769FCA169E1
:107480000144D9E7FFF74CFCF9E72648FFF730FD48
:10749000A169D1E740F6DE2195E7214B30461E6118
:1074A000B1E7AA071FD5636C01465B78BB42A36EA8
:1074B00088BF45F0040585F00405C5F380009847B2
:1074C000A378022B0DD1237F5BB1022B134A17D176
:1074D000A36B216A0B44C2F84435104B124AC3F81F
:1074E000C421BDE8F88315F0280F05D085F02001F0
:1074F000E36EC1F34011E2E7EB06E1D5236F85E7C8
:10750000012B02D040F607415DE7236AA16B8B4255
:10751000E1D840F6084156E76018002000500850B6
:1075200000A008506818002009000080024B03EBFF
:107530008000006D704700BFCC190400014B53F868
:1075400020007047281A0400F8B501230D4647783B
:1075500001464370044628461646FFF767F8074B76
:107560001A68D2F80431002BFBD0677016B9EB789B
:10757000A370AB707B1E58425841F8BD6C1D0020B3
:107580002E3008B5362852D8DFE800F04E51515160
:1075900051514B51515151515151515151514951E9
:1075A00051515151475147514551435141513F511B
:1075B0003D3B392D373533312F2D2B2927252321DD
:1075C000571C550039231E4AC2F8103708BD2D2319
:1075D000F9E72823F7E72323F5E71F23F3E71B2326
:1075E000F1E71823EFE71523EDE71323EBE711236A
:1075F000E9E70F23E7E70D23E5E70B23E3E709239B
:10760000E1E70823DFE70723DDE70623DBE70523C0
:10761000D9E70423D7E70323D5E70223D3E70123E0
:10762000D1E74FF49873CEE74FF48873CBE7C121CD
:107630003F20F8F7B1FF3F23C5E73323C3E700BF7F
:1076400000A00850054B4FF47A72023833F811301D
:1076500003F2E733B3FBF2F318447047401A040017
:10766000054B4FF47A7233F8113003F57A73B3FB9C
:10767000F2F31844704700BF401A040038B51D46A5
:107680000A4B33F8111003EB820305359C684FF465
:107690007A73214401F6B73103FB00141046B4FBA2
:1076A000F3F42C44FFF742FF204438BD401A040095
:1076B00070B5064608461546FFF740FF094A02EB3B
:1076C000850291684FF47A7201F6B73102FB061316
:1076D000181AB0FBF2F42846FFF728FF05302044C3
:1076E00070BD00BF401A04002DE9F04F264C87B052
:1076F000074698460D46164600F0A0F823788146C6
:10770000BB4211D16378AB420ED194F90230B3423F
:107710000AD1E378834207D1A388A8F8003094F90E
:10772000060007B0BDE8F08F7B1EDBB2032B0DD83F
:10773000164A294612F803A00DF1170332465046A7
:1077400000F082F838B13E21A92002E040F2C641A3
:107750000620F8F721FF039028469DF917B0FFF7A0
:10776000C7FA039A0346414658460092524600F033
:1077700039F8B8F80030A071A38027706570A67042
:1077800084F80390CBE700BF40050020541A0400A2
:10779000014B1B685B681847C8070020014B1B683A
:1077A0009B681847C8070020014B1B681B691847D6
:1077B000C8070020014B1B685B691847C8070020F9
:1077C000014B1B689B691847C8070020014B1B68C9
:1077D000DB691847C8070020014B1B689B6A1847E4
:1077E000C807002030B4044C9DF808502468029566
:1077F000E468A44630BC6047C807002000220E4958
:1078000038B50446134644FA02F0D5B20132C00737
:1078100042BF581CCD54C3B2042AF4D1C3F10402B0
:10782000042B054D4FF0FF01D2B288BF0022E818AB
:1078300006F0A9FA2C7138BDCC1D0020014B187D33
:10784000704700BFD8180020042810B511D883B1A4
:1078500004280CBF10242824A1420AD2064C54F854
:10786000200018B141568A42A8BF0A4600201A706B
:1078700010BD6FF01500FBE7D8180020072803465D
:1078800011DC10F12D0F10DB2E30094A40B2105CD4
:1078900002EBC00292F93C209A4207D0002918BF9F
:1078A0000130C0B270471B2070470020704700BFF6
:1078B000581A0400072808B507DCFFF7DFFF044B60
:1078C00003EBC00090F93C0008BD0820FCE700BFB6
:1078D000581A040038B510F0FF04094D05D0012CEA
:1078E00007D05121B52001F0FDFF0123AB602B60D3
:1078F00038BD02F0E1F90028F3D06C62F8E700BF70
:1079000000E0105038B510F0FF04194D05D0012CDF
:107910001FD08421B52001F0E5FF01236B60EB60EF
:10792000144BC5F800411C70114CD4F80834DA0728
:107930000ED402F0C1F9A8B1D4F86834DB0711D431
:107940000B4B0022C3F81021C3F81821C3F81421EF
:1079500038BD02F0B1F90028DBD00023AC62C5F8D5
:107960001C31E1E702F0A8F90028E9D0F0E700BFF8
:1079700000E01050ED180020014B01221A707047F2
:10798000ED18002010B50E4C28B101280DD0D021E3
:10799000B52001F0A7FFD4F8103123B9094B1878AE
:1079A00000F0010010BD0120FAE702F085F900287F
:1079B000EDD0D4F81C01003818BF0120F2E700BF59
:1079C00000E01050ED180020024BD3F8080400F03E
:1079D0000100704700E01050024BD3F8480400F05B
:1079E0000100704700E01050024BD3F84004C0B2D1
:1079F000704700BF00E01050084AD2F84C34D2F86B
:107A00004C2413F4803306D002F00303C0B21B1AD7
:107A10005842584170471846704700BF00E0105068
:107A200038B51A4BD3F80C34DA0304D440F267119A
:107A30006D2001F057FF164A0124164B106A536659
:107A400020F03F0094645464136CDB03FCD4136A8D
:107A5000116C03F03F03C1F30A01C1F5806181EAB3
:107A6000E1750B29A5EBE17509DD3F2B04D001334E
:107A700003431362172DE6DC0023936438BD0B31FA
:107A8000F8DA002BF8D0013BF2E700BF00E010501D
:107A9000000812500100008038B50B4C23781BB150
:107AA00000232370FFF7BCFFEFF3108572B66378F5
:107AB00003F0FF000BB9FFF725FF05B962B6034BD2
:107AC00000225A6638BD00BFF0180020000812508E
:107AD000002809DB4309012200F01F00603302FA8D
:107AE00000F0024A42F82300704700BF00E100E0C6
:107AF00070B5174D012204460E462B18DA7005F0BA
:107B00004FFDA0B934B1012C0FD04FF488716D2016
:107B100001F0E8FE11232A19012105EB84045171BB
:107B20000C4AA660C2F8043370BD8023F3E7002E30
:107B3000FAD034B90220B047002305EB8404A360D7
:107B4000F2E7012C01D12046F5E740F22B11DEE7E8
:107B5000F018002000E01050044B0022191803EB2D
:107B600080034A719A60CA70704700BFF018002005
:107B7000014B1882704700BFF0180020014B988A13
:107B8000704700BFF0180020014B188A704700BFF3
:107B9000F0180020034610B5EFF3108472B6074AC0
:107BA00013445A780132D2B25A705B78012B01D15A
:107BB000FFF790FE04B962B610BD00BFF0180020B8
:107BC000034610B5EFF3108472B611490B445A788E
:107BD00022B940F249216D2001F084FE5A78013A21
:107BE000D2B25A705B7883B98B7D43B1094BD3F81D
:107BF0000C34DB0306D44B7803F0FF002BB9FFF7FE
:107C000081FE02E0C87D02F007F804B962B610BD3B
:107C1000F018002000E0105010B505F0C4FC0C4C2A
:107C200005F0BEFC60B1237E3BB90A4B01229A618C
:107C3000042363760023A37610BD05F0B7FCF9E7B3
:107C4000032301226376034BC3F80423F2E700BF4A
:107C5000F018002000E01050014B01221A6270471A
:107C600000E01050044BD87E28B1044BD3F810012B
:107C7000B0FA80F040097047F018002000E0105082
:107C800038B50B4BDD7E3DB1FFF7ECFF78B140F22C
:107C900085216D2001F026FE0124DC7605F083FCB1
:107CA000044B1022C3F81051C3F80423DC6138BD23
:107CB000F018002000E01050024B587E003818BF2A
:107CC00001207047F018002038B5174CA37D23B968
:107CD0004FF43E716D2001F005FE01232370237ED9
:107CE000C3B9237FB3B1A27E013B9A4212DA05F0F9
:107CF00057FC054601F026FF237F012B82BFA37EA0
:107D00000133A37655B1236AC31A0133022B09D973
:107D100035B12062BDE83840FFF77EBF636AF3E704
:107D20006062F7E738BD00BFF018002037B5184C87
:107D3000237E63B9A06A00F00300FFF75DFE30B157
:107D4000EFF3108372B6627E1AB103B962B603B064
:107D500030BD0122627603B962B608230D4DC5F825
:107D600008334FF42073ADF80630BDF806309BB2EF
:107D70005A1E92B2ADF80620002BF6D1C5F80C3190
:107D800084F82C30FFF748FF0823C5F80433DEE7FA
:107D9000F018002000E010502DE9F74F534CA37D60
:107DA000002B00F0A0800023514E8DF805300323F6
:107DB0008DF80430D6F80051003D18BF012501F0C0
:107DC0007BFF38B1D6F81C3123B1012345F0800583
:107DD0008DF80530D6F80891D6F8143113B9D6F8D5
:107DE000183153B10023424AC2F81431C2F8183195
:107DF000C2F81031E37601F023FD3D4BD3F810318A
:107E00007BB1E37E1BB105F0D1FB0023E376637900
:107E100045F01005002B64D19DF804308DF8043036
:107E200000E0DDB1334E0027314B0DF1040BA6F11C
:107E30000308BA46C3F8085317F80B00032809D003
:107E400098F8003033B1336888F800A013B1984730
:107E5000C6F800A0043608F101084FB3B9F1000FCD
:107E600008D0234B0022C3F808210422C3F80823BA
:107E7000FFF75CFF94F82C60EA071D4BF6B2D3F8CD
:107E80000C7108D5627E032A05D1227E92B90422A4
:107E9000627601229A61B7B1154B0022C3F80C211A
:107EA000637E042B0BD040F25B316D2001F01AFD94
:107EB0000127C1E705F07AFB02236376EBE7022393
:107EC000637605F073FB76B1002384F82C30637E73
:107ED000022B01D1FFF7A0FE03B0BDE8F04F05F083
:107EE00065BB02239AE703B0BDE8F08FF0180020CD
:107EF00000E01050F818002010B5054CA06A00F002
:107F00000300FFF779FD0028F8D0002010BD00BF66
:107F1000F01800202DE9F041054650B10278022A00
:107F200007D843784AB9013B1F2B02D88378212B0D
:107F300008D96FF01500BDE8F081002BF9D18378E6
:107F4000002BF6D1794E326813B2002B0DDB0121E4
:107F50005B0902F01F02203301FA02F2744941F872
:107F60002320BFF34F8FBFF36F8FB6F90000FFF7E9
:107F7000AFFD704C4FF0FF33C4F8083301F09CFEA6
:107F8000002308B1C4F81C31C4F80031C4F808312A
:107F9000C4F80C31684C6370A370AB88A382FFF700
:107FA00013FD10B10123E3706370624F40F256334A
:107FB000D7F80C04238210F480302AD0FFF7DCFCC1
:107FC0005E4801F0FDFD5B4F6023E0750022C7F8BD
:107FD00004332B78A978012BE276A26223762177ED
:107FE000A2762ED0022B25D06BBBFFF7F5FC002824
:107FF00056D0FFF7F9FCA36A03F0030398424FD170
:10800000AB792BBBFFF778FF002825DA4FF4A3618B
:108010001BE0C7F81001FFF75DFCD7F81031002B0B
:10802000FBD0FFF7FDFC0020FFF76CFC444B002267
:108030005A66C5E705F0B7FAD7F80C34D903FBD573
:108040000223A362D1E740F20A516D2001F04AFCFD
:10805000384B0422C3F80423237F63B12B7853B930
:1080600005F09EFA054601F06DFD6FF00043002D0E
:1080700059D0C4E9080300210125B6F90000617652
:10808000A575FFF725FD326813B28B4206DB02F0BF
:108090001F025B099540264A42F8235008464AE7EA
:1080A000244B012200215A61C3F8081194F82810CA
:1080B000C3F840141A610422C3F80423AA79002AE1
:1080C000CAD1D3F80423520702D440F2BD41BCE721
:1080D0001C4A1769116907F0100741F0100111617E
:1080E000D3F808310BB905F0A6FDDFF8488001E0B0
:1080F00005F09FFDD8F80831002BF9D0FFF7FCFE02
:10810000002802DA40F2D7419FE727B90D4A1369E8
:1081100023F010031361074B0422C3F80823002245
:10812000C3F8082198E7C4E90830A4E77C1D0020C3
:1081300000E100E000E01050F0180020997A000003
:108140000008125000ED00E02DE9F041114E054607
:108150000F4634791CB18A216F2001F0C3FB05F072
:108160002CFA88B12E4496F80580B8F1000F0ED194
:10817000012328467371FFF70DFD28463946FFF7A6
:10818000B7FC4046BDE8F0816FF01500FAE72046E5
:10819000F8E700BF2019002070B50D4D04462E7978
:1081A0001EB1A1216F2001F09DFB05F006FA58B128
:1081B0002544687938B12046FFF7CEFC20466E7121
:1081C000FFF7FEFC304670BD6FF01500FBE700BF07
:1081D0002019002008B501B3F0B14FF0FF331A4663
:1081E000E0FB01320E498A4203D9E2216F2001F0FF
:1081F00079FB180D4FF22441C3F30F1340EA02300C
:10820000B0FBF1F203EB0040064B03FB1200B0FBA6
:10821000F1F040EA0240013008BD0846FCE700BF2B
:108220003F420F00000024F4014B9B68184700BF39
:1082300020190020014BDB68184700BF20190020DF
:10824000014B1B69184700BF2019002008B5064BD9
:108250001B7923B14FF49F716F2001F043FBBDE800
:108260000840FFF731BD00BF20190020034B1A79E9
:108270000AB9FFF783BC988D704700BF2019002012
:10828000034B1A790AB9FFF77FBC988A704700BF81
:1082900020190020024B1B790BB9FFF747BD70472F
:1082A00020190020014B9B69184700BF20190020AE
:1082B00038B51D4C237933B3FFF7C2FF50B91B4DBE
:1082C000C5F81001FFF7B0FFD5F81031002BFBD037
:1082D000FFF7B0FF154B6022C3F80423636A984789
:1082E000002806DB94F82E3023B10123002084F807
:1082F000303038BDFFF7D6FF0028F6DA4FF4D171E1
:108300006F2001F0EFFA0A4BA3610A4BE3610A4BBD
:1083100023620A4BA3600A4BE3600A4B2361FFF719
:10832000F9FD0028E1D0E4E72019002000E010501A
:10833000F97E0000B9D50000B97C0000A7D5000087
:10834000ADD50000B3D50000064B10B51C7924B1A3
:108350004FF4FB716F2001F0C5FAFFF709FC2046CE
:1083600010BD00BF20190020034610B3007888B963
:108370001A79012A1ED85A79012A1BD89A680E49FF
:10838000643A8A4216D8D8680C4B98422CBF002019
:108390000120704701280CD11A79012A09D85A798D
:1083A000012A06D8DA680449643A8A4201D89868F2
:1083B000EAE70020704700BF3C8601000040420F02
:1083C00010B5054C236813B1984700232360BDE81E
:1083D000104000F07DBD00BF541900202DE9F84386
:1083E0008846074680B300F037F84FF0000905468D
:1083F0005FFA89F6AE420AD2304609F1010900F06F
:1084000031F890F82640002CF2D1FF2E03D16FF006
:108410000B00BDE8F883304600F024F8054601461D
:10842000848480F8264080F828600A4800F038FEEE
:10843000202885F827000AD001232F62204685F8DE
:10844000263088F80060E4E76FF01500E1E76FF090
:108450002200DEE725D70000014B1879704700BFE6
:1084600058190020044B1A79824283BF1B683022BE
:1084700002FB0030002070475819002010B510F0A2
:1084800003040AD1064A1171106028B130224A4310
:10849000214605F078FC204610BD6FF00D00FBE78B
:1084A000581900201F2810B59BBF1824044B00202A
:1084B00060439FBF1C1819500120626010BD00BFAF
:1084C0006019002008B5064B93F80023202A03D139
:1084D0002D21022001F006FA83F8300308BD00BF09
:1084E0006019002008B5064B93F80023202A03D119
:1084F0003321022001F0F6F993F82D0308BD00BFE7
:1085000060190020094A10B592F80033202B03D1DE
:108510003E21022001F0E6F918214B430321D01837
:10852000D3584068BDE81040184700BF60190020CC
:108530000B2808B504D940F24371064801F0C8F988
:108540000001002300F1A04000F56220C0F82C35A6
:1085500008BD00BF6AEF040038B50B4C4FF4E06370
:1085600000250820C4F83833FFF7E2FF0920C4F8DB
:108570002051FFF7DDFF0A20C4F82451FFF7D8FF90
:10858000C4F8285138BD00BF00200E50084B2022EF
:10859000C3F89020BFF34F8FBFF36F8FC3F89021C4
:1085A0000122044B5A604FF0FF32C3F80823704792
:1085B00000E100E000500850054BD3F85007D3F815
:1085C000541711F0404FF8D1C1F31301704700BFA9
:1085D00000200E5002282DE9F04717461E469DF850
:1085E00020A004D94FF492716E2001F07BF91B4B4F
:1085F0004FF00108DFF8709000251C5C08FA04F8C1
:108600002046C9F83883FFF793FF154BA2009D5011
:10861000FFF7D2FF874276EB01031DD3BAF1000FBB
:1086200001D0C9F834830B2C04D940F2DB410D484A
:1086300001F04EF9B6F5801F02D340F2E141F6E7B2
:108640002401012004F1A04404F56224C4F820753B
:10865000C4F82465BDE8F0872846FBE7701B0400DA
:1086600000210E506AEF040000200E50022813B5BE
:1086700004D940F2AB116E2001F034F948B9084931
:108680004FF00044C1F8A04120240649C1F89041B0
:108690000C6101210091FFF79DFF02B010BD00BFEA
:1086A00000200E5000E100E0022810B504D94FF47C
:1086B000DC716E2001F016F9084A08B9C2F8A00171
:1086C000074B1C5C0123A3402046A400C2F83833AA
:1086D000FFF72EFF034B00221A5110BD00200E5051
:1086E000701B040000210E5008B5FFF735FF024B48
:1086F0000022C3F8A02108BD00200E5008B5FFF7E6
:1087000045FF114BD3F8042522F00302C3F80425DA
:10871000D3F8082542F00302C3F80825202292FA74
:10872000A2F2B2FA82F2092A04DD4FF4737107480B
:1087300001F0CEF8C3F810250122DA604FF00042B4
:10874000C3F8802008BD00BF005008506AEF040045
:1087500070B5194C2026194AD4F81035184D03F07D
:1087600001031370D4F8103543F00103C4F8103539
:10877000FFF7C4FFC5F89C60BFF34F8FBFF36F8F47
:10878000FFF7EAFE0023C5F89C610E4AC4F8A03149
:108790004FF00043C2F88030A2F58022C2F8803149
:1087A000012302F57832C2F80435A2F58022C2F81E
:1087B0000435EE6170BD00BF00200E50991C0020F2
:1087C00000E100E000400C500C4B10B41A5C012397
:1087D0000B4C9340D4F834130B420CD09100094A4F
:1087E0000A44116839B100211160C4F838335DF8CA
:1087F000044B00F059BE5DF8044B7047701B040039
:1088000000200E5000210E50034BD3F8043313B157
:10881000072000F049BE7047005008500028ADBF47
:1088200000F1604000F00F00044B00F56140B4BF60
:10883000185C90F800034009704700BF14ED00E099
:108840001822034B50431A181B585068184700BF92
:1088500060190020031F022B0B4B03F8110000D9F5
:10886000704793F8420083F84210C2B220284FF0BC
:10887000200016BF03EB420283F84110517003EB56
:1088800041025070704700BFA01C0020F8B50D4693
:1088900004780AB12021117020261B499C4208D07F
:1088A000202C01D10020F8BD01EB440726467C783E
:1088B000F4E7202CF6D0144B077803EB4401A742D1
:1088C00049781AD10170114F7DB127B1002140F2D2
:1088D0009A30AFF300802B78A34206D127B1002154
:1088E00040F29D30AFF300802E7027B1002140F29E
:1088F000A230AFF300800120D5E703EB46035970A7
:10890000002AE0D01670DEE7A01C00200000000066
:1089100010B5074C94F8583023B118F04DFA0023E5
:1089200084F85830034BE26D1B68C3F8182510BD5E
:10893000A01C0020781D002010B5074C94F858307A
:1089400023B918F033FA012384F85830034B01227D
:108950001B68C3F8182510BDA01C0020781D00203E
:1089600008B520B9024B0BB1AFF3008062B608BD69
:10897000000000002DE9F7431D4C4FF020081D4E6C
:1089800094F841501C4F202D02D103B0BDE8F08374
:1089900014F81530013BDBB2052B04D816F8039010
:1089A000B9F1080F04D140F24B61012000F09AFFA9
:1089B000EFF3108072B61FB10190AFF30080019801
:1089C00004EB45035B7884F8413094F84230AB42C5
:1089D00008BF84F84280FFF7C3FF012328464946B9
:1089E00004F81530FFF72CFF94F84150CBE700BF97
:1089F000A01C0020731B040000000000202A70B59A
:108A0000054604D140F2F911012000F06BFF202946
:108A1000144B14BF03EB410193F8404003EB4200B9
:108A200018BF4C7840780CBF83F84000487020464F
:108A30000146064603F8105003EB40008A42407896
:108A4000F6D193F8425003EB410183F84260EAB259
:108A5000202D16BF03EB420283F8414054702022C0
:108A60004A7070BDA01C00208A4238B505461346E6
:108A7000084C06D00520FFF7C1FF04EB45046070E9
:108A800038BD202A16BF04EB420394F84000587802
:108A9000F3E700BFA01C002010B5094CD4E9122355
:108AA000B3F1FF3F08BFB2F1FF3F07D0FFF7C2FBB2
:108AB0004FF0FF324FF0FF33C4E9122310BD00BF67
:108AC000A01C002010B5054C94F850302BB10220AA
:108AD000FFF7EAFD002384F8503010BDA01C0020F1
:108AE00010B50F4CFFF73CFF24B1002140F2C94004
:108AF000AFF300800B4B93F84130202B09D024B109
:108B0000002140F2D140AFF30080074B187801F00C
:108B100083F824B1002140F2D640AFF3008010BDAD
:108B200000000000A01C0020981C002010B5084C7C
:108B3000D4E91223B3F1FF3F08BFB2F1FF3F05D1E3
:108B4000FFF772FBFFF738FDC4E9120110BD00BF4B
:108B5000A01C00202DE9F04F4FF0180EDFF858C18F
:108B600006460F460EFB03FE8FB00CEB0E0208AC60
:108B700008320FCA86420D4684E80F0077EB0103E6
:108B8000044605D34FF0000948460FB0BDE8F08F0A
:108B9000F444861B9CF814A061EB0707FFF770FBF9
:108BA00000F11C0BBAF1010F00901BD04049D1E934
:108BB0001232A34272EB050028D2B4EB030865EB36
:108BC0000209FFF73DFB3A490246D1E91201B1F132
:108BD000FF3F08BFB0F1FF3F67D00192FFF750FBA6
:108BE000019ABAB122462B460020FFF73FFD81468D
:108BF0000028C7D0BAF1010F15D05E4577F1000308
:108C000011D2FFF793FFFFF75DFF29E04FF0000857
:108C1000C146D6E7804579F10003E3D25E4577F19E
:108C20000003AFD3DEE7FFF737FFBAF1010FEAD059
:108C30005E4577F10003E6D3009B0220E21A65F15E
:108C40000003FFF713FD20B94FF41571012000F068
:108C500049FE174B93F8502012B9012283F8502097
:108C6000B4F119024FF0010065F10003FFF7FEFCBB
:108C7000C0B1FFF74DFE00234FF0FF304FF0FF3142
:108C800002AD8DF82CA08DF830300A4C0293CDE95E
:108C900004010FCD0FC40FCD0FC495E80F0084E879
:108CA0000F0071E7FFF748FEE5E7002A9AD1B5E724
:108CB000A01C0020681C00206019002038B5104B53
:108CC0001B78202B0CD00F4BD3E90645186A6A3469
:108CD00045F10005241845F100052046294638BD18
:108CE00010F14104137B41F10005012BF5D0FFF792
:108CF000A7FA0028F1D1FFF7C3FA0419EBE700BF88
:108D0000601C0020681C00202DE9F04705460C4639
:108D100017464FF01809DFF83880DFF838A0202C0C
:108D200008D009FB04F6284606F10801414404F086
:108D3000A9FE10B10120BDE8F08746443C706B7B72
:108D4000727D9A42F7D90AEB44046478E7E700BFE2
:108D500060190020A01C00202DE9F0472023DFF837
:108D6000488006460D4617464FF01809DFF83CA02C
:108D700098F840400B70202C08D12B783A462146B9
:108D800030463B70BDE8F047FFF7BEBF09FB04A0CB
:108D90003146083004F076FE0028EED02C7008EB47
:108DA00044046478E7E700BFA01C0020601900209D
:108DB0002DE9F74F87180E4643F10008D1E900234B
:108DC000974278EB030337D3DFF874900DF1070275
:108DD0000DF106013046FFF7BFFF70BB9DF807108D
:108DE0004FF0180A337B0AFB0191D1E902B50869FB
:108DF0001BF1290445F10005041945F10005012B7B
:108E000013D00B7D012B10D1FFF73AFAA4EB0B0224
:108E100082420ADA9DF807300AFB0393D3E9024540
:108E2000FFF72EFA041945F10005A74278EB050378
:108E300002D3C6E90045C9E7002003B0BDE8F08FC2
:108E400060190020F8B51C4C002542F220031B4A93
:108E50004FF0FF304FF0FF31194F2E46A4F840304D
:108E60002023156084F842303B7082F8285084F843
:108E7000523084F85050C2E90201C4E9120104F8EA
:108E800015600135202DFAD10E4884F8586084F819
:108E9000546000F095FE0C4B3D7018700B4B84F83D
:108EA00058601B68D3F81835E365FFF751FC0123C0
:108EB00084F85330F8BD00BFA01C0020681C0020BF
:108EC000601C002075890000981C0020781D00207F
:108ED0002DE9F843FFF770FB05460E46FFF70EFC41
:108EE000FFF702FC67484FF0FF334FF0FF32664C4C
:108EF000C0E9022390F82830F3B9026A40F2F9671A
:108F0000D0E906311B3341F100019B1802F5DF6205
:108F100041F10001B2FBF7F29B1841F100019D42C3
:108F200076EB010308D307212078FFF789FC40F294
:108F3000BD21012000F0D6FC2778202F02D140F27D
:108F4000C721F6E720232370504C94F8409084F812
:108F500052300023B9F1200F03601ED0DFF83481B6
:108F6000182202FB0982937D012B16D1137D012B60
:108F70006FD0FFF765F900286BD1FFF781F945192C
:108F80004FF0180346F1000603FB0983D3E9020101
:108F9000A842B14128BFC3E9025694F8543023B126
:108FA000002384F8543004F013FBDFF8E880384ED7
:108FB00094F84050202D12D0FFF7FEFA20224FF0F7
:108FC000180E0EFB0583D3E902C3604571EB030362
:108FD00041D2202A03D020210420FFF70FFD0EB13B
:108FE000AFF30080FFF7E8FA94F84050202D3AD113
:108FF000FFF752FDFFF766FDFFF776FB84F852504E
:10900000FFF786FC14F81730022B0BD1214B1822E6
:10901000394602FB07331B7D022B0CBF01200620C3
:10902000FFF718FCFF2384F8433094F84130202BDD
:1090300003D0194B187800F0EFFD184994F8603010
:10904000D1F8482722F001021343C1F84837BDE8A0
:10905000F883293594E704EB45032A465B78202BF7
:10906000B9D01D46ADE701222B46FFF773FD94F8FA
:10907000402020B920210420FFF7C0FC98E784F8A5
:109080005220BFE7681C0020601C0020A01C0020AC
:109090000000000060190020981C002000200E50E5
:1090A000F8B504460D46FFF7FDF8002804DA40F253
:1090B0005331012000F016FC00230A4911F8132057
:1090C000D8B24AB91822084E5A43B718B4500122F0
:1090D0007D6001F81320F8BD0133202BEED1184636
:1090E000F9E700BFA01C0020601900201F2809D844
:1090F0000549002311F81020012A03D101F810308E
:109100001046704700207047A01C0020014BD3E997
:1091100006017047681C00202DE9F043037885B0F4
:1091200004461BB1002005B0BDE8F083284B586809
:10913000C0F30800002843D1264D4FF0000925B1A7
:10914000002140F22240AFF30080DFF88C8088F8E5
:10915000439025B1002140F22640AFF30080FFF795
:109160002BFA6B46224607460E4604F0AAFC25B1B0
:10917000002140F22D40AFF300806A463846314668
:10918000FFF79CFD009B3A468342019B8B4133468F
:1091900038BFCDE9000169464FF0FF30FFF708FE08
:1091A000DDE90023C4E9042325B1002140F23B405E
:1091B000AFF3008098F84330002BC0D10120B2E714
:1091C0001038FFF72BFBC0B20028B5D1AAE700BFCB
:1091D00000ED00E000000000A01C0020714B2DE914
:1091E000F04F0446586889B08946C0F3080098B12A
:1091F0001038FFF713FB10F0FF060ED16A4B1B78F7
:10920000202B04D140F2E641012000F06BFB0E78E8
:1092100056B140F2E941F7E7082699F80030012BF2
:1092200002D940F2ED41EFE7DFF894A1BAF1000F67
:1092300004D000214FF49E60AFF300804FF0010B8B
:109240005A4DBAF1000F04D0002140F2F940AFF3BB
:1092500000805846FFF784FB4FF0000385F8433049
:10926000BAF1000F04D0002140F2FD40AFF30080BE
:109270000DF11008FFF7A0F94A46434604F021FC1F
:10928000BAF1000F04D0002140F20350AFF3008088
:10929000EFF31087BB4672B6454B0BB1AFF30080BE
:1092A00095F8433003F0FF02002BCAD115F81430B3
:1092B0000192013B012B08D93846FFF751FB019A77
:1092C0009146484609B0BDE8F08F0DF10F020DF14F
:1092D0000E014046FFF740FD814648B92146042073
:1092E000FFF7B8FA38464FF00109FFF7F9FBE8E756
:1092F000304B4FF0180C9DF80EA00CFB043C98E886
:109300000F000CF1080C8CE80F0086B3BAF1200FA7
:109310002DD1254B1B78202B29D1274B0BB1AFF337
:109320000080FFF749F9049A10F11C0C41F1000389
:109330006245059A9A410AD395F85220202A0ED008
:109340001E4AD2E906E2E64572EB030307D2214644
:109350000420FFF77FFA3846FFF7C2FBB1E7234648
:109360000222FFF7F7FB0028F1D085F852409DF864
:109370000F2020469DF80E10FFF776FBBAF1200F64
:1093800017BF9DF80E3085F8404005EB43035C7035
:10939000032305F81430002EDDD1FF2385F8433078
:1093A000D9E700BF00ED00E0601C0020A01C0020F9
:1093B000000000006019002000000000681C002070
:1093C000000000002DE9F843314F044627B1002189
:1093D00040F26B50AFF30080EFF3108872B62D4B64
:1093E0000BB1AFF300802C4D15F81430032B06D0D1
:1093F00000264046FFF7B4FA3046BDE8F88395F8FA
:109400004030A34215D1254B1B78202B11D105EB01
:109410004403660093F80190B9F1200F14D1FFF7CF
:109420003BFBFFF74FFBFFF75FF985F85290FFF723
:109430006FFA002223461A481146FFF727FA06461C
:10944000B8B940F2A5510DE0164B0BB1AFF3008057
:109450002E44FFF7B1F802227378FFF77BFB20B9A7
:1094600040F29A51012000F03DFA737885F85230AD
:10947000DFE70123404605F81430FFF771FA002FAB
:10948000BAD0002140F2AB50AFF30080B4E700BF88
:109490000000000000000000A01C0020601C002054
:1094A000E01C00200000000070B586B0072870D8CE
:1094B000DFE800F00486716F6F6F6F8B4C4C4D4D81
:1094C000D4E91223B3F1FF3F08BFB2F1FF3F05D14A
:1094D000FEF7AAFED5E90623C4E91223464E3378E7
:1094E000202B24D1454BD3F8482702F0010284F801
:1094F0006020D3F8482742F00102C3F8482794F8C7
:109500004030202B04D140F26721012000F0EAF91D
:1095100004EB4302527884F84020FF2284F8432071
:109520000222337004F81320002385F82830FEF758
:1095300087FE95F82430012B1ED0E8B904F04AF8D4
:1095400050B994F861300133DBB2312B84F86130CB
:109550003DD940F2EF51D8E700211822684604F0C7
:1095600012FC4FF47A73694630780193FFF736FEA8
:1095700030B940F22161C8E7002384F8613030E05F
:1095800095F82840012385F82830FFF7A1FC85F8DD
:10959000284006B070BD164C94F850302BB1FFF740
:1095A000C5FA002384F85030F3E74FF0FF31114B38
:1095B0004FF0FF30C3E9020105210F4B187812E08C
:1095C00006B0BDE87040FFF7B7B90421F5E70C4BD2
:1095D000D3F80031002BBFD0012384F8543003F0BE
:1095E000F5FF0021307806B0BDE87040FFF728B9DC
:1095F000A01C0020681C0020601C002000200E50D1
:1096000000E01050134B10B51A78202A04D140F214
:10961000F961012000F066F90F49D1E90243B3F185
:10962000FF3F08BFB4F1FF3F02D040F2FA61F0E71C
:1096300018240A4B04FB0233D3E90223BDE810408F
:1096400082184FF0020043F10003C1E90223FFF743
:109650000DB800BF601C0020681C002060190020AD
:10966000F8B51E4B1D78202D04D140F20A7101205F
:1096700000F038F91A4918271A4A91F84030202B7F
:1096800029D007FB0324667D864204D891F8540054
:1096900028B100201EE001EB43035B78EFE707FBF6
:1096A0000522114BD2E902511E6813695B19D4E9F6
:1096B000022441F1000113F1290541F10001AA4200
:1096C00074EB010106D3D31A06F11902293B9A4221
:1096D00000D8981BF8BD4FF0FF30FBE7601C00205E
:1096E000A01C002060190020681C00202DE9F74F05
:1096F000DFF8ACA006469AF80030202B04D140F2E7
:109700003971012000F0EEF8182841D9224D0023CC
:109710004FF0FF392F6A3A1843EB0300914583411C
:1097200036D3DFF8808098F8544084B94FF0200B8E
:109730002A6285F825100DF1070298F8401005F10E
:1097400018008DF807B0FFF7DFFA10B92F6202207A
:109750001FE00220FEF7A8FF4FF0FF334FF0FF326B
:109760009AF800005946C5E902239DF80720FFF743
:109770007BF928683044286088F843909DF80730CA
:10978000202B03D0054B187800F046FA204600E065
:10979000012003B0BDE8F08F681C0020981C002059
:1097A000601C0020A01C0020F8B5214E044616F8CD
:1097B000103023B940F2AC71012000F093F81D4D38
:1097C00025B1002140F2B370AFF30080012716F8F5
:1097D0001430012B16D1EFF3108672B6164B0BB175
:1097E000AFF30080154923460022481EFFF74EF8CC
:1097F0003046FFF7B5F825B1002140F2CC70AFF349
:109800000080F8BD043B022B09D806F81470002D27
:10981000DDD0002140F2C370AFF30080D7E725B15F
:10982000002140F2BF70AFF3008004F002FAEEE7CF
:10983000A01C00200000000000000000E21C00202E
:1098400010B5EFF3108472B6094B0BB1AFF3008083
:10985000084B1B78202B08D0074B012283F854209B
:109860002046BDE81040FFF77BB803F0B1FEF7E7F4
:1098700000000000601C0020A01C0020BFF34F8FE0
:109880000549064BCA6802F4E0621343CB60BFF39C
:109890004F8F00BFFDE700BF00ED00E00400FA05B8
:1098A000094B01221B685A604FF0FF32C3F80823AE
:1098B0004FF40062054BC3F88820BFF34F8FBFF30E
:1098C0006F8FC3F888217047701D002000E100E011
:1098D00008B572B6024B5B6803B19847FFF7CEFF3D
:1098E000041D00201FB572B6134B5D688DB9FFF7DC
:1098F000C5FFB4FBF6F4D3B20132002CF9D103F169
:1099000010026A4402F80C4C0A2233B901A8A84795
:10991000EDE7044600220A26EDE7013BDBB203F146
:1099200010040DEB0406B0FBF2F402FB140030301F
:1099300006F80C0C2046E8E7041D0020F8B5244F7B
:1099400005460C4616463B78002B3DD100F0CCF97D
:1099500000F0A6F918B1A0211120FFF7C3FF03F012
:109960001EFE7E601B4B01263C814FF48062C3F8D3
:10997000A460194BC3F89020BFF34F8FBFF36F8FD4
:109980001648C3F89021002D18BF2846FFF788FF1E
:10999000FEF78EFC0546A8B9FFF754FAFEF77AFCED
:1099A00003F0B5FF002C0BDB04F01F036409A400D7
:1099B0009E4004F1604404F56144C4F8806126606F
:1099C00001233B702846F8BD4FF0FF35FAE700BF92
:1099D000041D002000A0085000E100E07A1B0400F4
:1099E000074BB3F90830002B09DB5A09012103F0BA
:1099F0001F03403201FA03F3024941F82230704755
:109A0000041D002000E100E0014B1878704700BF02
:109A1000041D00202DE9F74FFF27CDE90012434A2E
:109A2000BE4602F1140B1178C9B282F800E001B110
:109A300057703F4CDFF808C1EFF3108A72B64FF051
:109A400001082568009E4FF00009C5F80480C5F89C
:109A50000091C5F80491C2E9016C019EC2E9056C50
:109A60000668C5F810654668C5F814658668C5F8C7
:109A70001865C668C5F81C652E4EC5F83065C5F872
:109A800038B5C5F80080BAF1000F00D162B64FF4C6
:109A900000684FF003092568D5F800A1BAF1000F5E
:109AA00004D1D5F804A1BAF1000F26D04BB10C9E19
:109AB0003EB1D5F84085C3F80080D5F83C85C6F89E
:109AC0000080D5F80451002DB6D199B95578EDB282
:109AD00051704FF0030C2468174EC4F808C3C4F843
:109AE0000411C4F800114FF40064C6F888411170E5
:109AF000002D98D103B0BDE8F08F104ED6F810A01D
:109B00001AF0100FC8D00C4DC5F88881EFF3108AF9
:109B100072B62568C5F80493D5F800610EB9D5F87A
:109B20000451BAF1000FB6D162B6B4E7101D00209F
:109B3000701D0020141D002000E100E000ED00E099
:109B40001000000B1B4B4FF4000270B5C3F89820B7
:109B5000BFF34F8FBFF36F8F174D0021174CC5F820
:109B60000011C3F898212669236906F0100643F016
:109B7000100323610123C5F804332B60D5F80031AD
:109B8000A3B11EB9236923F0100323610A4B0122FC
:109B9000D3F808055A60C3F808230022C3F800214F
:109BA0004FF40002034BC3F8982170BD04F041F854
:109BB000E4E700BF00E100E000700D5000ED00E0C0
:109BC00002460C49052038B5431ED8B2FF2803D100
:109BD00040216920FFF786FE01EBC0031D7905F0E7
:109BE000FF04002DF0D141F8302001225C719C71FE
:109BF0001A7138BD341D0020042808B503D9472147
:109C00006920FFF76FFE034B03EBC00000230371D5
:109C100008BD00BF341D0020042808B503D9502119
:109C20006920FFF75FFE094B03EBC0000379012BAE
:109C300001D05121F4E7437982790133DBB29A42B2
:109C400018BF4371BDE80840FFF7CABE341D0020AD
:109C500070B50625114C0026013D15F0FF0500D119
:109C600070BD94F8281004EBC1031A79012A09D1B8
:109C700058799A79904205D05A79D2B29A7154F8AB
:109C80003130984794F828300133DBB2042B94BF6D
:109C900084F8283084F82860DEE700BF341D0020F7
:109CA000044B1A681C2A03BF5868B0FA80F04009B8
:109CB00000207047601D0020044B1A68292A03BF4A
:109CC0005868B0FA80F0400900207047601D0020FD
:109CD000044B1A68272A03BF5868B0FA80F040097D
:109CE00000207047601D002008B5184B1849D3F8B4
:109CF00040230A60D3F844334B60FFF7DDFF10B90F
:109D0000FFF7E6FF88B1134BC1E9023303F5805337
:109D10000B61A3F5E0434B6103F520438B614FF4E6
:109D20008773CB614A230B6208BD0B4BC1E9023339
:109D300003F580530B61A3F580434B6103F50043AA
:109D40008B6140F20513CB614623ECE700C0FF00B6
:109D5000601D002000A0045000600450094B0A4A16
:109D6000C3F800230132C3F80C230132C3F81823CF
:109D70000132C3F820230132C3F81C230132C3F897
:109D80001021704700A0085004000080074B0022FB
:109D9000C3F80023C3F80C23C3F81823C3F8202307
:109DA000C3F81C23C3F81021704700BF00A008505F
:109DB000844641EA000313F0030359D1403A33D3F8
:109DC0002DE9F000F0C9F0C0F0C9F0C0F0C9F0C052
:109DD000F0C9F0C0403AF5D2F0BC25E0403A23D3B8
:109DE0000B6803604B6843608B688360CB68C3601B
:109DF0000B6903614B6943618B698361CB69C36103
:109E00000B6A03624B6A43628B6A8362CB6AC362EA
:109E10000B6B03634B6B43638B6B8363CB6BC363D2
:109E200040304031403ADBD230320BD30B68036014
:109E30004B6843608B688360CB68C360103010311F
:109E4000103AF3D20C3205D351F8043B40F8043BEE
:109E5000043AF9D2043208D0D2071CBF11F8013BF2
:109E600000F8013B01D30B8803806046704700BFB8
:109E7000082A13D38B07B1D010F00303AED0C3F17F
:109E80000403D21ADB071CBF11F8013B00F8013BA9
:109E9000A4D331F8023B20F8023B9FE7043AD9D320
:109EA000013A11F8013B00F8013BF9D20B7803703D
:109EB0004B7843708B7883706046704753B94AB9CA
:109EC000002908BF00281CBF4FF0FF314FF0FF30C2
:109ED00000F00CB8ADF1080C6DE904CE03F0A0FF62
:109EE000DDF804E0DDE9022304B07047704700BFED
:109EF0002DE9344055F804AB1A1F55F804BB2CDD8E
:109F000054F804CB1CFB0A6654F804EB1CFB1A77CC
:109F1000043A1CFB0B881CFB1B991CFB3A6655F88A
:109F200004AB1CFB2B771CFB3B881CFB2A99C8BF8E
:109F300054F804CB1EFB0B661EFB1B771EFB0A8826
:109F40001EFB1A991EFB3B6655F804BB1EFB2A77C5
:109F50001EFB3A881EFB2B99D4DC043236DD34F824
:109F600002CB013A1CFB0A66C8BF34F802EB1CFBAB
:109F70001A771CFB0B881CFB1B9927DD1EFB1A663E
:109F8000013A1EFB0B7735F802AB1EFB1B88C8BFDE
:109F900034F802CB1EFB0A9918DD1CFB0B66012A64
:109FA0001CFB1B7735F8022B1CFB0A88C8BFB4F8D2
:109FB00000E01CFB029909DD1EFB1B66B5F800B032
:109FC0001EFB0A771EFB02881EFB0B99BDE834803E
:109FD0002DE9F04F0D460999044615F0030F4FF097
:109FE00001003BD0B3F1040C4FF0000E35F8028BAA
:109FF00019DD54F8046B4FEA084855F8049B16FB2A
:10A0000018EE54F8047B16FB29EE55F8048B17FB69
:10A0100019EEBCF1040C17FB28EEC4BF54F8046B16
:10A02000EBE74FEA18481CF1040CA2BF34F8026BAE
:10A0300016FB08EEBCF1010CC4BF35F8028BF4E747
:10A04000A4EB4304A5EB4305704505F10205B8BF39
:10A050007046013942F804EB00DCC0E004391BDB38
:10A060004FF000064FF000074FF000084FF00009D6
:10A07000FFF73EFFB04205F10805B8BF3046B842D1
:10A08000B8BF38464045B8BF40464845B8BF4846C7
:10A09000A2E8C0030439E3DA02315FDBB3F1040C58
:10A0A0004FF0000A4FF0000B55F8048B20DD54F8F8
:10A0B000046B55F8049B16FB08AA54F8047B16FBA6
:10A0C00018BBBCF1040C16FB38AA55F8048B16FB20
:10A0D00029BBC8BF54F8046B17FB09AA17FB19BBAF
:10A0E00017FB39AAC8BF55F8049B17FB28BBE2DC55
:10A0F0001CF1020C0EDD54F8046B16FB08AA55F88F
:10A10000049B16FB18BBACF1020C16FB38AAC84620
:10A1100016FB29BB34F8026B1CF1010C16FB08AAD4
:10A12000C8BF34F8027B16FB18BB05DD35F8029B6F
:10A1300017FB18AA17FB09BBA4EB4304A5EB4305C7
:10A14000504505F10205B8BF5046A1F1020158453E
:10A1500042F804ABB8BF584642F804BB01313EDBBD
:10A16000B3F1040C4FF0000E1DDB54F8046B55F8EE
:10A17000048B54F8047B55F8049B16FB08EEBCF1E5
:10A18000040C16FB38EEA8BF54F8046B17FB09EE5D
:10A19000A8BF55F8048B17FB39EEA2BF54F8047B17
:10A1A00055F8049BE9E71CF1020CA1BF54F8046BBD
:10A1B00055F8048B16FB08EEACF1020CA8BF16FB99
:10A1C00038EE1CF1010CA2BF34F8026B35F8028B9B
:10A1D00016FB08EE704542F804EBB8BF7046BDE8C8
:10A1E000F08F1FB5014601A800F006F801A802F0A3
:10A1F00051FA05B05DF804FB0B880022C3F30B0392
:10A2000083804B884272C3804B78C3F30113012BC8
:10A2100002D0022B18BF134604310372016070474D
:10A220008B88043010B500F8043C0C4610F8033C51
:10A2300003F0F00300F8033C8A88C2F303221343BF
:10A2400000F8033C03F0CF03CA8800F8022CCA8848
:10A2500000F8033C120A00F8012C0A7A120102F0FD
:10A260003002134303F03F0300F8033C4A7A43EA09
:10A27000821300F8033C0968814205D0E288FB2A7A
:10A2800028BFFB22FFF794FDE0880430C0B210BD68
:10A2900070B50B7805460C46192B1ED82BB3013B25
:10A2A000182B22D8DFE813F03A003E002100B1005D
:10A2B000B700BD00C300C900CD00CF00DF00E5003E
:10A2C0002400210021004200D300D900E900EF0062
:10A2D000F500FB00010107010D01822B4FF0FF0289
:10A2E00000F0F580832B00F0F68040F2622112E04E
:10A2F0000E23B1F803200B7042F283039A4209D176
:10A300000623637066782146284602363246FFF7F8
:10A310004FFD51E03521C720F6F73EF90C230B70B5
:10A320000823EEE71A230B700123EAE72920F6F74A
:10A3300077FB30B13E232370222363702923A3705F
:10A34000E0E70A20F6F76CFB3E2305F1080204F172
:10A3500008012B7090B30A231F26AB70E378EB70D3
:10A36000A3882B71A3881B0A6B71A379AB71E37966
:10A37000EB71A368AB608B889380D4F80E30C5F87E
:10A380000E30638A6B8263696B61238B2B83638BD3
:10A39000AB76638B1B0AEB76A38B2B77A38B1B0A05
:10A3A0006B77E38BAB77E38B1B0AEB7794F820306A
:10A3B00085F820306E700236304670BD01231326BA
:10A3C000AB70E378EB70A3882B71A3881B0A6B71C9
:10A3D000A379AB71E37903F00103EB71A368AB6080
:10A3E0008B889380638BAB73638B1B0AEB73A38B9C
:10A3F0002B74A38B1B0A6B74E38BAB74E38B1B0A6C
:10A40000EB7494F820302B75D4E73E230B700423B3
:10A410004B70142393E73E230B700C234B700423E3
:10A420008DE73E230B700A234B70032387E73E23FF
:10A430000B700D234B70052381E705232370042344
:10A440005FE70823FAE730230B70032359E73E2325
:10A450000B700B234B70072371E73E230B70062311
:10A460004B700C236BE713230B708B789B0001332D
:10A4700047E757230B70022343E73E230B70062365
:10A480004B7012235BE73E230B7009234B701323A1
:10A4900055E73E230B7005234B7020234FE73E23E7
:10A4A0000B7009234B70212349E7FF230B700B230B
:10A4B0004B70A22343E7FF230B7005234B70A323AC
:10A4C0003DE7FF230B700D234B70802337E70A70A5
:10A4D0000D22627033E70A700222FAE708B510B164
:10A4E000FFF77FFE10B96FF0150008BD0020FCE7F4
:10A4F00010B50C4648B141B1F6F7ECF900282070D0
:10A5000014BF00206FF0220010BD6FF01500FBE7B4
:10A5100008B5F6F763FA002008BD01F079B908B56F
:10A52000F6F76EFA002008BD01F05EBC01F06CBCCD
:10A53000022200230270052243708270FC22C37045
:10A5400042716FF02102037182714122C2716FF07A
:10A55000140202726FF05D0242726FF02E0282727C
:10A560004222C2721846704701F0A2B938B50446BB
:10A57000FCF7BEF901281BD1601CFCF7C1F9B8B18A
:10A58000A3790020E51D63F03F03A371F8F7DEFD1A
:10A5900040B110220021284603F0F5FB01230020E2
:10A5A000237038BD2846FCF7BFF90028F1D0F5E745
:10A5B0000023F4E710B504461022002103F0E3FB6A
:10A5C00004F1100310220021184603F0DCFBFCF715
:10A5D000C5F90020F8F7BAFD20B12046FCF7A4F930
:10A5E000002010BDFCF784F90028F6D0F8E710B57C
:10A5F0000446FFF7A7FAB0F5007F09DA10F5007FEF
:10A6000008DD031EB8BF03339B100020237010BD6C
:10A610007F23FAE76FF07E03F7E70120704701F030
:10A6200055BC0078003818BF012001F053BAF8F784
:10A63000E3BA8178008801F014BC01F030BC37B572
:10A6400005460C4600880DF1060101F048FA2B88FA
:10A650002380BDF80630638003B030BDF8F7D4BA6C
:10A6600001F04FBC01F0BEB801F017B908B5F6F71C
:10A67000CFF9002008BDF8F7BBB801F02EB9F8F704
:10A680003DBA01F0F6B801F04DBB01F017BB01F087
:10A690005EBB01F000B801F005B801F051B801F05F
:10A6A00063B801F02BB901F027BA01F0EDB801F061
:10A6B000A9B803880B8001F07CBB03880B8001F0F4
:10A6C00086BB01F042B9F8F7E9B8F8F7CFB800F067
:10A6D000F7BF01F018B801F073B801F07FB801F0CE
:10A6E0005FB801F054B801F05EB901F087B9F8F72E
:10A6F000DFB801F0C4B901F0ABB801F064B901F002
:10A70000EEBBF8F77FB8F8F701B9F8B5941C0E4620
:10A71000054617460C446343B3F5004FA8BF4FF0FE
:10A72000FF3310F003019CB203D0B0211420F5F7E1
:10A7300033FFB4F5004F01D9B121F7E714220430FB
:10A7400003F021FBEF746C802E80F8BD38B50588CE
:10A75000C2888D420389C2F30E0403D2D121142092
:10A76000F5F71AFF5A40C2F30E030BB9120406D4D0
:10A7700004F118030122C1528274184438BD1846EE
:10A78000FCE7023101444A43B2F5004FA8BF4FF045
:10A79000FF3290B21B3020F00300B0F5004F34BF01
:10A7A00000B24FF0FF30704740881B3020F00300AC
:10A7B000B0F5004F34BF00B24FF0FF3080B27047A9
:10A7C00038B503888B4203D2F7211420F5F7E4FE55
:10A7D000857C65B1C388C3F30E031833C25A8A421D
:10A7E00007D3C152811DF6F741F90023837428462F
:10A7F00038BD0025FBE703461830F0B59C88A5B2AC
:10A80000C4F30E06DC88AC4202D10020D881F0BD32
:10A810005F89DC7C855B3C44ED1B0234ADB2344483
:10A8200020440C88AC4288BF0D805C89B4FA84F463
:10A83000640914700A88DA81E9E7F8B5828800268D
:10A84000C38904460D4692B20E60CBB14189C2F372
:10A850000E020B4418329BB28718825A43819342EE
:10A8600004D94FF4A2711420F5F796FE04D1011D0E
:10A87000F6F7FCF846812F6000230120E381F8BD44
:10A880001846FCE78388014602899BB29A4202D0AF
:10A890000831F6F7EBB870478388C0889BB2C31ABB
:10A8A000584258417047828873B595B2C488C2F344
:10A8B0000E02AC4202F1180212D04189C689835AB5
:10A8C000314499420EDB0DF10601ADF80650F6F762
:10A8D000CDF8BDF80600001B18BF012002B070BD06
:10A8E0000020FBE70120F9E7034618301A8970B50C
:10A8F00030F8124CC4F30E065440C4F30E0222B9D1
:10A90000220402D50020188270BD9C891D880CB1DC
:10A91000825BAD1AA942F5DCDA7C3444198202323A
:10A9200022441044F0E7F8B5038A002B38D08B425C
:10A9300036D3C48800F118038589C4F30E041E19A8
:10A9400095B91D55757085891E5B0D443144ADB2B6
:10A9500085811953D2B1811DF6F788F800238381D0
:10A96000002303820120F8BD1E5BAE4204D04FF4E9
:10A97000F6711420F5F710FEC57C2644878A02354F
:10A9800035445E195F53857DB570DCE7C27C2C448D
:10A99000023214441A191B5B838293788375DFE7B4
:10A9A0000020E0E78388C2889BB29A4206D04289A1
:10A9B00022B9C3F30E0318331844704700207047C0
:10A9C000C37C0233C81870470230704738B583889B
:10A9D000C2889BB29A4209D043893BB9C5893DB927
:10A9E000011DF6F743F8C581012038BD0020FCE7C2
:10A9F0001846FAE700238381038270470388138097
:10AA0000C388C3F30E031833034480890B60704777
:10AA10000368002223B9C0E90132031D03607047B7
:10AA200059681B680A44F5E7072938B5034604D876
:10AA30004FF4EC711520F5F7AFFD0068A8B1D0E92F
:10AA400000248C4212D02AB901F10805AC4204D28C
:10AA500010460AE003461046F1E7425045181A68CE
:10AA6000641A12686C6042501D6038BD1A60FCE7C1
:10AA70000023C1E9003203680B600160704730B504
:10AA800090B18478B1FBF4F304FB131300EB4302A1
:10AA900052898A4201D1D8B230BDC27822B900F1C0
:10AAA0000A03D0B2844201D8FF20F5E733F8025BF5
:10AAB0000132A942F5D1EFE7827803880532594384
:10AAC00001EB42010844704713B500230446CDE969
:10AAD00000338DF806006846F6F7A2F908B102B017
:10AAE00010BD2146BDF80400F6F776F90028F2D033
:10AAF00040F215211720F5F74FFD70B51E460D46A3
:10AB00000921FFF73EFE0446324609212846FFF799
:10AB100038FE002C03DB002801DB204470BD4FF021
:10AB2000FF30FBE7012303707047F8B50546084680
:10AB30001E461146002814BF00240224FF23AB70D8
:10AB40002B191B7D012B04D001342B191B7D012BEC
:10AB500019D105EB44073B8B3A8C9819904204DDE0
:10AB600000202C4438832075F8BD05EB8404324660
:10AB700060681844FFF71CF93A8B16443E830023A3
:10AB8000AB700120F0E70020EEE7002910B514BFFC
:10AB900000230223FF218170C1180C7D012C07D1F5
:10ABA0000C3320F8132002230B750023837010BD93
:10ABB0000133C1180C7D012CF2D04FF48C710920A7
:10ABC000F5F7EAFC30B5827802F0FF03EAB9027DBE
:10ABD000022A18D0427D022A17D11A46012381B1D8
:10ABE000002485180C322C7520F81240C21803245A
:10ABF000147500EB83020C33526830F813300A608E
:10AC00008B80012002E00122E9E7002030BD30B551
:10AC10008378E3B9837D022B17D0C47D022C16D133
:10AC2000032381B1002205190C342A7520F8142061
:10AC3000C2180324147500EB83020C33526830F8F9
:10AC400013300A608B80012002E00324E9E7002032
:10AC500030BD037D012B01D1008B7047437D012B5B
:10AC60000CBF408B00207047837D012B01D1808B6E
:10AC70007047C37D012B0CBFC08B00207047038B36
:10AC800023B9408B003818BF01207047012070475E
:10AC9000838B23B9C08B003818BF01207047012077
:10ACA0007047027D022A01D1008B7047437D022B41
:10ACB00001D1408B7047032AF6D0032BF9D0002036
:10ACC0007047827D022A01D1808B7047C37D022BA1
:10ACD00001D1C08B7047032AF6D0032BF9D0002096
:10ACE0007047F6F703BA10B50A78497802F0030402
:10ACF00001710470C2F3C0044470C2F38004C2F353
:10AD000000128470C27010BD012808B506D0022858
:10AD100006D04FF48E610620F5F73EFC032008BDF7
:10AD20000420FCE7F6F748BA70B506460D46FCF776
:10AD300005FC044630469B35FCF7F8FB04F522433E
:10AD40004FF47A722844B133B3FBF2F3184470BD68
:10AD500010B5044690F86900FCF7F0FB00F544419B
:10AD60004FF47A7001224931B1FBF0F12046803175
:10AD7000BDE8104001F0ABBD7FB5044618B9AA216B
:10AD80003020F5F709FC072900F2E180DFE801F047
:10AD900004393934DFCBD3DD90F8F03113B3B0F898
:10ADA000EE31B0F88020934216D1B0F8A421D31A26
:10ADB000A0F88020A0F8A6312046D4E98223C4E977
:10ADC0008423FBF7CBF994F8AB31002B6FD004B0A0
:10ADD000BDE8704002F023BB9A1AA0F8A621A4F89F
:10ADE0008030E9E7B0F8EC31B0F880209B1AA0F889
:10ADF000A631B0F8EC31F2E704B0BDE87040FCF7E2
:10AE000081BA02F031FED4E98423801A61EB030198
:10AE1000012871F1000302DA40F21E61B0E76FF021
:10AE2000010383424FF000038B4102DA40F21F61BD
:10AE3000A6E7A3690BB1B0FBF3F394F88710B4F85D
:10AE4000EE210D2935D10132A4F8EE21B4F82A32D1
:10AE500002AEB4F880500133A4F82A32B4F8BA3004
:10AE60001D44B4F8B830013DED1AADB2B4F8EE119E
:10AE70006B1A1B0437D594F88A3030460394002BA4
:10AE80000CBF3E23082384F8A93001238DF8083035
:10AE9000F9F7B2F9204602F0C4FA002394F8F3015E
:10AEA00084F8DC31FEF722F9202384F8F33104B072
:10AEB00070BDB4F880100B449BB2D11A090454BF82
:10AEC000531C01339BB2A4F8EE3194F8F131002BFE
:10AED000BCD1B4F8A431B4F8EE21934204BF0133DD
:10AEE000A4F8EE31B2E70023204600961A46F6F7A2
:10AEF000EFFE0028DBD0012812D1B4F8EE21B4F81F
:10AF0000A011BDF808301344521A12049BB204D5A4
:10AF1000EA1A12F4004F18BF0B46A4F8EE31A5E769
:10AF200040F276612CE70120FDF7CCFA04B0BDE8D1
:10AF30007040FFF7F7BE90F8DC31042B01D0D02130
:10AF40001EE7002380F8DC31B1E7D62118E7DA21CB
:10AF500016E7002313B51A4680F8DC31A0F8283232
:10AF6000194600930446F6F7B3FE20B140F2FF11F4
:10AF70003020F5F711FB0122C4F8D801C4F8D00144
:10AF800084F8DC21A4F8EE01A4F8EC0184F8F101C6
:10AF9000B4F88020A4F82A02013AA4F8802002B074
:10AFA00010BD70B5044690F8183103F0FF01E3B905
:10AFB0006FF00043D0E944529A4208BFB5F1FF3F19
:10AFC00001D1002070BDD0E9425601F0D1FFAE3072
:10AFD000D4E944325B1B62EB06021B1A62F10002E9
:10AFE000002AEEDA2046FAF773F90120EAE7F8B50D
:10AFF000044618B9E2213020F5F7CEFA072900F20D
:10B00000AA80DFE801F0043E3E3AA82E9EA6FAF799
:10B0100057F9D4F8FC00A438FEF7F4FA10B940F25E
:10B020005D21E8E7204602F07FF80546F0B90146C9
:10B03000204601F09DFF00F1AE06D4F8FC00B042BE
:10B0400009D2301A0321192838BF1920FEF74EFB08
:10B05000051E18BF0125C4F8FC60204602F07EF8EA
:10B0600035B12046BDE8F84002F079B80025F4E794
:10B07000D4E94223C4E93A23F8BDBDE8F840FCF71F
:10B0800041B901F080FF002305460E4684F8F830F0
:10B0900084F80131D4F8CC30EBB150EA01031AD076
:10B0A0000721A5FB012301FB0633D4E93A1052180E
:10B0B00043EB0003D4E9420182428B410BD20123CE
:10B0C00004F1F80784F800313846FEF725F820B976
:10B0D00040F2A4618FE70223F2E72046FFF761FF09
:10B0E000034694F8C80033B93946FEF777F838B903
:10B0F0004FF4D5617FE7FDF7F9FF002384F8F030C6
:10B10000D4E94201D4E93832834272EB0107B3D269
:10B1100055EA0607B0D0C01A334661EB02012A4651
:10B1200002F0CAFD05FB01F2A5FB005300FB06215E
:10B13000D4E938020B44451943EB0203C4E9385300
:10B140009AE790F8C800FDF7D1FF002384F8F030AB
:10B1500092E7FF214FE740F203114CE7D0F8CC0013
:10B16000704710B5044690F8F030EBB1FF2380F83B
:10B170001831012101F0F5FF94F8F030A3B194F8F3
:10B18000C800FEF71FF994F8C800FEF70DFB94F80D
:10B19000C800FDF7ABFF20B940F2EB113020F5F706
:10B1A000FBF9002384F8F030002010BD10B590F8B2
:10B1B000182142B990F8D02042B1D0E935319942F6
:10B1C00002D9FAF785F80022104610BD0122FBE7EC
:10B1D00008B540F2E31101F083FB40F648039842C2
:10B1E00028BF184680B208BD7FB5044690F8AB3141
:10B1F00003F0FF05002B45D190F8DC31032B41D142
:10B2000002F032FCD4E98423801A61EB03010128A7
:10B2100071F1000336DB6FF00103834275EB01032C
:10B2200004DA40F2C7513020F5F7B6F9A269B4F854
:10B2300080300AB1B0FBF2F2013313449BB2A4F8A0
:10B24000EC31B4F8A431B4F8EC219B1A1BB2002BFA
:10B2500018DD94F8F301FEF7B5F898B1FF2384F8F0
:10B26000F131B4F8BA300DF10E06B4F880501D4437
:10B27000B4F8B830013DED1AADB2B4F8EC31EB1AC8
:10B280001B0401D504B070BDB4F8EC1100230122F9
:10B29000204689B20096F6F71BFD0028F2D001285F
:10B2A00008D1B4F8EC31BDF80E2013449BB2A4F8D9
:10B2B000EC31E2E740F20E61B5E7F8B5044621B1A2
:10B2C000012931D040F2D2712BE0C68C36B1F8F7AB
:10B2D000DFFDE68CB0FBF6F303FB16062046D4E94F
:10B2E000385701F050FE0023281884F8F8304FF04A
:10B2F000020347EB01018019A4F8003141F100017C
:10B30000C4E94201C4E938012046FFF74AFE70B99A
:10B3100004F1F80194F8C800FDF760FF38B940F275
:10B32000FB613020F5F738F9002380F8D030FBF7C7
:10B33000C7FEBDE8F840FDF7CBBD90F8F00000383F
:10B3400018BF01207047002313B5CDE90033012356
:10B350008DF806306846F5F763FD08B100200AE075
:10B36000009C2046FFF7E9FF0028F3D0204601F0BB
:10B370000DFE0028EED002B010BD002307B5CDE9C8
:10B38000003301238DF806306846F5F749FD08B112
:10B39000002004E00098FFF7D0FF0028F4D003B0AD
:10B3A0005DF804FBFFF7E9BF1FB5002240F68813E4
:10B3B00003A90092FCF716FA05B05DF804FB10B57E
:10B3C000044638B1F7F7D4FC34EA00030CBF01207F
:10B3D000002010BD0120FCE738B5054601F0C3FD93
:10B3E000F0B12846FFF7A9FF08B9002038BD28466C
:10B3F000FFF7B4FE04462846FFF7B3FE054688B9BA
:10B40000002CF2D02088F7F7FFFD29462088F5F7B9
:10B41000E3FC0028E9D041F6E5313920F5F7BCF826
:10B420004220E3E70C20E1E72DE9F8430F46B0F8AE
:10B430005A60B0F85C508046FFF7CAFE022104460D
:10B4400000F046FF81460221204600F041FF4E45B4
:10B45000B8F8003028BF4E463B8040F64803B6B2ED
:10B460001B2E38BF1B26FB2E28BFFB26A84228BF59
:10B4700028467E8080B21B2838BF1B20FB2828BFAF
:10B48000FB20B4F5A47F38BF4FF4A474F8809C422D
:10B4900028BF1C46BC803C81BDE8F8832DE9F04103
:10B4A00086B00546008801A900F0C8FE04460028C1
:10B4B00072D1029A92F84631D91E4B424B418DF817
:10B4C0000230936F98064ABF9DF80230234683F0FE
:10B4D000010303F001038DF8033092F8D8309B0686
:10B4E00003D49DF80330002B5CD0EB881B3B9BB250
:10B4F000E02B59D8298944F24810A1F5A4739BB2D6
:10B50000834251D86B881B3B9BB2E02B4CD8AA8856
:10B51000A2F5A4739BB2834246D840F64807B942CD
:10B5200044D8BA4242D8029E4FF0FF0886F81B81E9
:10B530009DF80230A3BB03A93046FFF775FF6A8868
:10B54000BDF81230E888934228BF1346AA88A6F8AF
:10B550002031BDF81430BB4228BF3B461946BDF828
:10B560000E30834228BF03462889A6F81C31BDF857
:10B570001030BB4228BF3B46834228BF03468A4265
:10B58000A6F81E31134628BF0B46A6F8223186F8CE
:10B590001A81002386F81B31204606B0BDE8F081F1
:10B5A0003A24F6E71A24F7E71224F5E71124F3E723
:10B5B00010B5F6F7D5FF044601F0B2FD40B92046BC
:10B5C00001F0AAFD80F00100C0B200F0010010BD42
:10B5D0000020FAE72DE9FF4107468846008802A9C6
:10B5E00000F02CFE054618BB039C94F8593103F07B
:10B5F000FF051BB1B8F1020518BF012594F887308B
:10B60000222B94F8D93043EAD3030CBFC5F10102D1
:10B61000002203F00103134333D0BE7816B9F7F7C5
:10B62000A7FB0646F87870BBF7F7A2FB26B90925F9
:10B63000284604B0BDE8F0810028F8D0FF2384F844
:10B640002531E5B994F8243103F0FF05BBB984F83E
:10B65000270101A984F8248184F826613B797A794D
:10B660008DF80500204643EA02238DF80460ADF80A
:10B67000063000F050FE002384F82531D8E73A2543
:10B68000F9E71A25D4E7002ED8D1D0E708B5F7F7A7
:10B6900049FB002008BD10B50446F9F71BF82070DF
:10B6A000002010BD10B5FFF74EFE044630B9F9F783
:10B6B0000BF82046F7F7C0FE204610BD0C20FCE733
:10B6C00010B503780446012B01D9122010BDFFF7F5
:10B6D00069FE58B9207810F0FD000DD104F1170370
:10B6E000E21D611CBDE81040F7F7ACBEF7F740FF64
:10B6F0000028EFD00C20E9E7A37903F0C003C02BAA
:10B70000E3D10120EAE710B503780446012B0DD8F8
:10B71000FFF748FE60B9214611F8013B13F0FD0F19
:10B7200014BF0120002000F066FD38B9122010BDC2
:10B73000F7F71EFF0028EED00C20F8E70020F6E710
:10B7400010B50446FFF7FFFD50B92078012809D84D
:10B75000611CF8F7C5FF002814BF0020072010BDAA
:10B760000C20FCE71220FAE738B50546FFF7EBFDA1
:10B77000044640B92878012803D8691CF8F7DEFF91
:10B7800018B9122038BD0C20FCE72046FAE708B5AE
:10B790000088F7F7F3FE00280CBF3020002008BD1A
:10B7A00038B50546FFF7FEFD044638B9287800385D
:10B7B00018BF0120F7F7D6FE204638BD0C20FCE765
:10B7C00008B5FFF7EFFD18B9F7F7BCFE002008BD7C
:10B7D000F7F7CEFE0028F7D00C20F8E70823037017
:10B7E0000020704710B50F24002369213022047017
:10B7F000C470592441708270047143718171C271A7
:10B80000184610BD082108B5F5F756F8002008BD08
:10B8100073B506460C460088694600F00FFD0546E4
:10B82000A0B9B3786BB9019B93F87030A3703388DB
:10B8300094F902002380F8F70DF8A070284602B0B2
:10B8400070BD7F20FFF7B0FDA070F0E70225F5E79F
:10B8500010B504466FF07F00FFF7A6FDF7F7FAFF7B
:10B8600020707F20FFF7A0FDF7F7F4FF6070002045
:10B8700010BD10B50446F6F773FE01F04AFCF7F769
:10B88000E9FF2070002010BD0A4600F1100108B544
:10B89000072302F0C4F9002008BD10B50146044694
:10B8A0000020F7F73BFC08B92060A080002010BD05
:10B8B00010B50446F7F730FA28B900202146F7F70B
:10B8C00015FC002010BDFFF758FD0028F5D0FFF74C
:10B8D0006FFE0028F1D10C20F4E710B50446FFF705
:10B8E0004CFD28B901202146F7F700FC002010BDCF
:10B8F000FFF75EFE0028F5D10C20F8E7F7B50C46FF
:10B9000005466946008800F099FCA21C98B9019B85
:10B9100003F18F0783F8C300396811603979117119
:10B920002988218093F8C36006F0FF01002EF1D131
:10B93000084603B0F0BD00230221C4F802301371A1
:10B9400023706370F4E7FFF7A9BD1FB544F290229E
:10B950008388934217D840F64802934228BF134683
:10B960000288ADF8042040880A80ADF80600ADF8E2
:10B970000A0001A8ADF80830ADF80C30FFF78EFDD5
:10B9800005B05DF804FB1220FAE737B50D466946AD
:10B9900000F054FC044618B929460198FFF744FD0D
:10B9A000204603B030BD10B500236FF004044821D9
:10B9B0000822047043708170C270047143718171F8
:10B9C000C271184610BD10B50446FFF7EBFC78B9FC
:10B9D0002146E27911F8013B13F0FD0F14BF01205D
:10B9E0000020F7F78FFE002814BF0020022010BDB2
:10B9F000F7F7BEFD0028EBD00C20F8E737B5054679
:10BA00000C460088694600F019FCF0B9019B01461C
:10BA100083F86A1093F86820012A06D0022A04D01D
:10BA200040F249310620F4F7B7FDA27093F869207F
:10BA3000012A01D0022AF3D1E27093F86A2002F0C1
:10BA4000FF00002AE4D12B88238003B030BD10B55D
:10BA500083880446022B10D8C078FFF7B0FC08B9E1
:10BA6000112010BDA078FFF7AAFC0028F8D02046CE
:10BA70000121BDE81040FFF7ADBD1220F1E713B57D
:10BA80008378C17803F00104027903F0020351EADC
:10BA9000040C1DD052EA030C1AD0002C18BF002150
:10BAA000002B037818BF00228DF802108DF80320B8
:10BAB000427843EA0223ADF8003043798279684640
:10BAC00043EA0223ADF80430FFF7C1FF02B010BD16
:10BAD0001120FBE708B5F5F711FE002008BD13B5EE
:10BAE0000C46694600F0AAFB20B9019BB3F88030F0
:10BAF0000133238002B010BD07B50088694600F00D
:10BB00009DFB48B99DF80020019B012A07D093F8BE
:10BB10002B2102F0FF016AB103B05DF804FB93F83A
:10BB2000DC21D2B293F8A81011B912F0FB0FEED1BC
:10BB30000220F1E7FF2283F82B210846ECE72DE9EC
:10BB4000F3410546477801210078F5F72FF90446BF
:10BB500000285FD001F0CDFAEB78984228BF184654
:10BB6000042F86B23DD0206BFFF773F8304480B2CB
:10BB70001F2803D9122002B0BDE8F081FB1E012B63
:10BB80002CD8204601F0DAFA6B78032B2CD107F081
:10BB9000FD08B8F1010F39D1204601F0CFFA002895
:10BBA00031D1012F08BF4FF002084246216B684691
:10BBB000F5F732FA33466A680121206BFEF7B5FFCC
:10BBC00050B36B78023B012B22D8206BFFF741F872
:10BBD00001210246206BFEF7D8FF19E0002ED0D1DC
:10BBE000C8E7002ECDD0C5E70028C3D1042BCED1A5
:10BBF0002046FFF7A2FB0028BCD0206BFFF73FF8E0
:10BC00000028C4D1B6E74FF00008CEE7042FD1D109
:10BC10000020B0E74220AEE70720ACE72DE9F7436C
:10BC200080464578C77801210078F5F7BFF80446CB
:10BC3000D0B101F075FA0028206B08BF0027FFF78C
:10BC400013F8C6191FFA87F9B6B21F2E10D8042DA3
:10BC50000ED0032D12D05FB12046FFF76EFB58B116
:10BC60000C2002E0042212E0422003B0BDE8F08381
:10BC70001220FAE70720F8E7012D0CD1204601F049
:10BC80005DFA0028EED1012D0CBF06220522216BA2
:10BC90006846F5F7C1F94B46D8F804200021206B1F
:10BCA000FEF743FF0028E5D0023D012D04D83246BF
:10BCB0000021206BFEF769FF0020D6E713B504468C
:10BCC000F6F74EFC4FF440736846ADF800300023A1
:10BCD0008DF8023014F8013B8DF803300194FFF722
:10BCE0009DFF02B010BD38B5012105460078F5F77B
:10BCF0005DF80446A0B1FFF720FB28B92046691C77
:10BD000001F049F9002038BD204601F009FA08B1D8
:10BD10000C20F8E7204601F0FFF90028F8D1EDE704
:10BD20004220F0E713B50446F6F71AFC684614F80B
:10BD3000013B8DF803304FF440730194ADF80030AF
:10BD400000238DF80230FFF7FAFE02B010BD73B584
:10BD50000546F6F705FC04462B7863B100230DF188
:10BD6000010101208DF80030F7F7D8F918B16846C5
:10BD7000FFF7B9FFA0B9002620468DF8006001F05A
:10BD8000D3F9B0428DF8036014BF80233346ADF879
:10BD900001302B78012B05D169462046F6F7A0FC2F
:10BDA00002B070BD1BB92046FFF716FBF8E7122062
:10BDB000F6E710B5002104460088F4F7F7FF20B13C
:10BDC000A11CBDE8104001F039BB022010BD08B530
:10BDD00000210088F4F7EAFF20B10021BDE8084007
:10BDE00001F02CBB022008BD37B505460C46008883
:10BDF000694600F023FA28B92B882380019BB3F809
:10BE0000B430638003B030BD37B5038804460B807F
:10BE100098B2638813B9122003B030BD694600F0B0
:10BE20000DFA0028F8D1648842F21071019AA3B289
:10BE300095694B43D18D6943158C05FB01118B42EC
:10BE4000E9D395699169A942FBD1013B0025A2F88C
:10BE5000B4400B44C2F8AC50B3FBF1F3C2F8B030BD
:10BE6000DAE710B50C460021F4F7A0FF88B1022CE8
:10BE700011D804F00103C4F3400480F8AD3180F818
:10BE8000AC4123B190F8AA313BB1FFF7ADF90020E6
:10BE900010BD0220FCE71220FAE71846F8E710B5BB
:10BEA00004460078FF280AD00121F4F77FFF58B13B
:10BEB0006378A27843EA0223C384002010BDB4F85B
:10BEC0000100F6F7E3FAF8E74220F7E708B5007853
:10BED000003818BF0120F6F709FA002008BD10B598
:10BEE0000446F6F73DFB6178C1F3400201F0010121
:10BEF00001F03AF9002010BD0820F6F725BF01F047
:10BF0000C7BA1220704710B5044604B910BD2368A3
:10BF100098476468F9E703680BB9016070471A46EF
:10BF20005B6813B18A42FAD170478A4218BF5160E8
:10BF3000704708B50020FEF7C7FDF4F7FBFFF7F7E1
:10BF400057F8F5F78DFA20B140F215119320F4F768
:10BF500023FB08BD08B5F6F773F9F9F73BF820B1F4
:10BF600040F235119320F4F717FB0120BDE808409B
:10BF7000FEF7AABD08B5FFF7EDFF01F047FA20B1C3
:10BF80004FF4A5719320F4F707FB08BDFCF76EB9D9
:10BF90000B46122203F8032BD0F80920C1F8032026
:10BFA000427B1A71704730B585B004460D46F7F7ED
:10BFB00015FD80B36FF4A87302A91C442088ADF866
:10BFC000000000F03BF918B12F21AE20F4F7E4FA9D
:10BFD000039B0221684693F864208DF8022093F8B1
:10BFE0006520B3F866308DF80320ADF80430FFF714
:10BFF000F1FA08B14521E8E78DF808009DF808300E
:10C000008DF80900002063F307009DF8093063F301
:10C010000F2005B030BD18232B70D4F80930C5F8B7
:10C02000033004238DF80830E8E708B5436893F837
:10C0300086201AB18821AE20F4F7AEFA202283F8C8
:10C04000862008BD10F0010304D1830754BF00F01F
:10C0500004030223184670472DE9F84F8046104626
:10C060001E46FFF7EFFF05460846FFF7EBFF924637
:10C0700045EA00078946DDF828B00446FFB2003FD4
:10C0800018BF0127F6F774FE10EA0A0F08BF002553
:10C09000F6F76EFE98F8683010EA090F08BF002422
:10C0A000AB4208BF00258BF8005098F86930A342D6
:10C0B00008BF002455EA04038BF8014009D1B8F801
:10C0C0008030013EF61A47F6FD73B6B29E4288BF35
:10C0D00000273846BDE8F88F37B5446894F8875094
:10C0E000A5F12003062B46D92E2D44D0002D40D19A
:10C0F00094F88630252B3ED00B7913F0070303D03C
:10C100004A7912F0070205D1C97803B0BDE8304082
:10C1100000F040BC84F8612084F8603094F8253148
:10C12000D3B994F82431012B16D094F8693094F8DF
:10C130006020D91E012998BF04239A4214D194F893
:10C140006830DA1E012A94F8612098BF04239A42CD
:10C150000AD1022384F82431222384F8873000F0A6
:10C16000E7FB284603B030BD0190F6F74BFE01987F
:10C17000F2E70125F5E72025F3E708B5436893F8D2
:10C180008720222A05D022B140F2E531AE20F4F713
:10C1900003FA232283F8872008BDF6F729BF7047EA
:10C1A00030B542400C7818785D7844404878684053
:10C1B0009D78044488786840DD780444C8786840F5
:10C1C0001D795B7904440879497968404B400444FF
:10C1D0002344D3420CBF0120002030BD0246002082
:10C1E0000139C9B2FF2900D17047535C83F00103C4
:10C1F0000344D8B2F4E708B5F6F7B6FF082807D02D
:10C20000F6F7D4FF082803D0F6F7E4FF012008BDB5
:10C210000020FCE708B5F6F7A7FF082803D0BDE823
:10C220000840F6F7C3BF08BD08B501F03EF918B1E4
:10C23000BDE80840FAF76EB9082008BD10B50C46F5
:10C240000021F4F7B3FD606018B1012300202370D2
:10C2500010BD0220FCE701440023884203D1B3FA59
:10C2600083F04009704710F8012B1343F5E7F8B548
:10C2700005460C46D0E90476FCF74EFF20B94FF492
:10C2800083712920F4F788F9F4B1D5E90431DA1B78
:10C2900061EB0603012A73F100014FF0000115DB89
:10C2A0006FF00100904271EB030302DA4FF48871E2
:10C2B000E7E7631E1344B3FBF4F35C43E41946F170
:10C2C0000006C5E904461C462046F8BD0C46FBE7BF
:10C2D000CB1E012B0FD8032915BF4FF416739623DD
:10C2E0004022102203F5BC73984212D9C01A90FB69
:10C2F000F2F080B27047022905D13C2809D93C38B8
:10C30000C0F38F007047702803D97038C0F3CF0096
:10C310007047002070470346086858667047012937
:10C32000024608B506D002290CD040F2811129201E
:10C33000F4F732F940F6C41340F2E240002A18BF85
:10C34000184608BD40F6C410FBE7C3B293FAA3F346
:10C35000000A90FAA0F01B0E000E43EA002070477E
:10C360000131821DF8B5C9B20023012512F8010B75
:10C37000884216D312F8066C002405FA04F7E0B2DE
:10C3800037421CBF01F1FF31C9B269B10134082C39
:10C39000F3D10133DBB2052BE8D199214620F4F724
:10C3A000FBF8091AC9B2F4E700EBC300C0B2F8BD4C
:10C3B0000B6870B5C0F8013004460B79451C861D2A
:10C3C00003F01F0343710023C37215F8010B00F043
:10C3D00095FA2871B542E37A1844E072F5D170BD40
:10C3E00081EA114189B270B50446C57A032682EA12
:10C3F0000100FFF7AAFF013E00EB001016F0FF0658
:10C4000001EB000290B2F4D141402522B1FBF2F3DE
:10C4100002FB1313C3F3C402D8B203F00703224490
:10C420005678012202FA03F31E4207D169432046DF
:10C43000C1F30741BDE87040FFF792BF70BDF8B58A
:10C4400090F8215004466B1E242B56D8002A56D053
:10C45000807D18B1012846D01F2019E094F82310E0
:10C46000012694F8223002FB03132522B3FBF2F1DC
:10C4700002FB1133DBB204EBD30284F82330D17D0D
:10C4800003F0070206FA02F2114202D084F82430C7
:10C49000F8BDB3FBF5F205FB123304F11C010246B3
:10C4A0000133D8B211F8013B834219D311F8067C4D
:10C4B000002306FA03FCDDB21CEA070F1CBF00F1E3
:10C4C000FF30C0B220B905EBC20284F82420DFE7B8
:10C4D0000133082BEDD10132D2B2052AE2D1BBE7FC
:10C4E000C01AC0B2F7E7228904F11600C969FFF744
:10C4F00077FF84F824000020CAE71220C8E710461E
:10C50000C6E70378890123F0400301F040010B43A3
:10C5100003707047037803F07F0343EAC111017091
:10C5200070471F2A38B50546144603D9B7212A207B
:10C53000F4F732F806340930FDF73AFC6C7038BD78
:10C540001F2A38B50546144603D9D9212A20F4F705
:10C5500023F806340930FDF72BFC6C7038BD30B57C
:10C560000378024603F00F03032B40D0052B1FD1A5
:10C57000C37F90F82000034392F82100034392F810
:10C580002200034392F8230020F01F0018432DD00F
:10C590005378222B0CD1B2F81930B2F81740907DA5
:10C5A00041B1B3F5506F05D940F607518B420ED912
:10C5B00000201BE0991F40F67A4589B2A942F7D8BE
:10C5C000411E0729F4D88342F2D9A342F0D3B2F82E
:10C5D0001B30B3F5FA7FEBD2B2F81D0040F676437C
:10C5E0000A3880B298428CBF0020012030BD4078CC
:10C5F000A0F10C0358425841F8E7037801F0030119
:10C6000023F003030B43037070471B2A08B504D9BA
:10C6100040F25A412A20F3F7BFFF42700330BDE8D1
:10C620000840FDF7C5BB70B5B0F80730B0F8095049
:10C63000B0F805600479B0F80B0091B1B3F5506F14
:10C640000FD940F60752934218D8B5F5FA7F15D2A4
:10C650000A3840F6764380B298428CBF0020012011
:10C6600070BD9A1F40F67A4192B28A4206D8621E85
:10C67000072A03D89C4201D29E42E5E70020EFE75B
:10C68000406890F8AA3123B1002380F8AA31FEF760
:10C69000ABBD704708B5017A19B101290DD0002052
:10C6A00008BD03680221C2888088F7F749F900288D
:10C6B000F6D1F7F737FB0120F2E70368C288F3E70A
:10C6C00002230B7001238B707047F7F7AFBA10B5D8
:10C6D00021B94FF410711020F3F75EFF4A600B721E
:10C6E000EFF3108472B6031D0B6042681AB1127A20
:10C6F000012A08BF036003681960016004B962B6CB
:10C70000BDE81040F7F7DCBA0222F7F7F9BA0322C6
:10C71000F7F7F6BA0422F7F7F3BA0222F7F734BBB9
:10C7200011230B706FF49A7318440388A1F8033037
:10C73000838FA1F80530B0F84030A1F80730C38FDF
:10C74000A1F80930B0F84230A1F80B307047012948
:10C7500008B503D10E30C00080B208BD022902D155
:10C760000F308000F8E740F286210620F3F714FF2F
:10C7700030B587B004460D46F7F738F990B3A4F505
:10C780009F74694624882046FFF7FFF818B1EC2112
:10C790002C20F3F701FFBDF8063003A8ADF80C40DC
:10C7A000ADF80E30BDF80830ADF81030BDF80230ED
:10C7B000ADF81230BDF80430ADF81430FFF7C3F80F
:10C7C00008B1F521E4E78DF80C009DF80C308DF8E8
:10C7D0000D00002063F307009DF80D3063F30F2078
:10C7E00007B030BD2B46172203F8032BD4F80920DD
:10C7F000C5F80320D4F80D205A60B4F811201A812E
:10C8000004238DF80C30E0E740687047C08A704719
:10C810008A880B8910B5CC884988A0F85440A0F8C4
:10C820005010A0F85220A0F8563010BD8383BDF8F8
:10C83000003001834283C383704738B5C38B0446FD
:10C84000458C007A9D4228BF1D46FFF780FF638913
:10C85000AB4228BF2B46984238BF184680B238BD3D
:10C86000F7B506460D46808F11461F460192FFF729
:10C870006EFF0446019906F13000FFF7DEFF8442A7
:10C88000394628BF0446B6F84400FFF760FFB6F803
:10C890004630A4B2984228BF184683B2A81D23444C
:10C8A000184403B0F0BD90F86930962190F86820E4
:10C8B000FFF7D6BF38B514460D4619469634FFF734
:10C8C000F2FF2044A84294BF281A002038BD38B592
:10C8D0000D4611460446FFF7E6FF2844606338BD65
:10C8E000836901F19C02006B834228BF03469A4290
:10C8F0003DBF581A9C3840080020704700F055038F
:10C90000400800F05500184400F03303800800F0A0
:10C910003300184400F00F0303EB10107047436816
:10C92000002283F8862083F8C220A3F8BE20704737
:10C9300043680022A3F8C42093F8C620013283F88C
:10C94000C6207047426808B592F8C630013B5BB21A
:10C95000002B82F8C63003DA52214A20F3F71CFE7E
:10C9600008BD436883F80B1183F80A217047A0F1D2
:10C970000A03042B0CD9A0F14303012B08D9A0F121
:10C980002003062B04D9A0F12E03584258417047CA
:10C99000012070474268936F10B513F0080408D166
:10C9A00043F0080382F808119367FFF7C1FF2046A0
:10C9B00010BD0120FCE730F8023CF7B505460E46F5
:10C9C00030F8A07C73B101226846ADF801708DF893
:10C9D0000020ADF80330F5F703FF18B1952163206F
:10C9E000F3F7DAFD08230024A6F803703370B4705F
:10C9F0006B7A55F88C0C7371FDF74EFF08B9BA21AC
:10CA0000EDE73846F6F700FB21463846F4F7E4F93F
:10CA10002046042363F30700022363F30F2003B0CF
:10CA2000F0BD4368002093F88820063A012A81BFB0
:10CA30000A7983F88920062283F8882070474268A3
:10CA400092F88830063B012B84BF072382F8883098
:10CA50007047436870B593F88750F5B9B3F88060B4
:10CA6000B1F80920F643A3F83C22324447F6FD769C
:10CA700092B2B24206D9282283F8A920F7F7BCFB6C
:10CA8000284670BD4A68C3F83E220A7A83F84222DB
:10CA90000A22436883F88720F2E70125F0E70B4676
:10CAA000062203F8032BD0F80920C1F80320D0F8A0
:10CAB0000D205A60427C1A720023CB707047436885
:10CAC00070B593F8876005460C46002E42D131467A
:10CAD0002046FFF7A8FD28B9E1782846BDE8704058
:10CAE000FFF758BF6A68B4F80D30B2F88010A2F8AA
:10CAF0003C32C9430B4447F6FD719BB28B4207D9C8
:10CB00002823284682F8A930F7F776FB304670BD17
:10CB1000B4F8071040F2E2404143C2F844122379CE
:10CB2000C3EB431103EB810303EB83035B00A2F828
:10CB30003E32B4F805304343C2F84032B4F809300D
:10CB4000A2F84832B4F80B30A2F84A320D2382F82A
:10CB50008730DBE70126D9E708B5436893F88620DC
:10CB60001AB12621A320F3F717FD1D2283F8862092
:10CB700008BD37B54468054694F886301D3B022B46
:10CB800024D808891A281AD94B89B3F5A47F16D35B
:10CB90008A881A2A13D9C988B1F5A47F0FD30091C6
:10CBA000014604F13000FFF741FE6968204601F2BA
:10CBB0003511F7F70BF906216868F5F7ABFB002094
:10CBC00084F8C20084F8860003B030BD0120FBE782
:10CBD0004268936FD90610B5044603D4B021A32050
:10CBE000F3F7DAFC990601D5B121F8E723F0100339
:10CBF0009367FFF7A7FE60680621BDE81040F5F7D0
:10CC000089BB09230B70D0F80930C1F80230704796
:10CC10000B460A2203F8022BB0F809204A80C27A98
:10CC20009A70704738B54368054693F8874034B129
:10CC3000113C0B2C94BF08240124204638BD93F8E6
:10CC40008C30002BF9D0FFF773FE6B68112283F84C
:10CC50008720F2E708B5436893F88720152A04D0A7
:10CC60004FF4BD711F20F3F797FC012283F8C72012
:10CC7000162283F8872008BD436893F88720122A7C
:10CC800005BF13220020022083F8872070474368E5
:10CC900010B593F887300446182B07D1FFF752FEE2
:10CCA00063681C22002083F8872010BD0220FCE767
:10CCB00008B5436893F88720112A04D040F2A311E5
:10CCC0001F20F3F769FC012283F8C720122283F8A2
:10CCD000872008BD08B5436893F88720162A04D03A
:10CCE00040F2AB111F20F3F757FC182283F887207E
:10CCF00008BD0B46052203F8032BD0F80920C1F824
:10CD00000320D0F80D205A60B0F811201A81C27C9F
:10CD10009A72704708B5436893F886201AB1DD21EE
:10CD20001C20F3F739FC042283F8862008BD4268F2
:10CD300008B5936FD90703D4E9211C20F3F72CFC25
:10CD400023F001039367BDE80840FFF7FBBD0C2308
:10CD5000A0F596700B7003884B80704743680020E5
:10CD600093F886200F2A01BF002283F8B62083F8AB
:10CD7000C22083F88620704738B54568AB6F13F042
:10CD8000040407D1FFF7D4FDAB6F204643F0040342
:10CD9000AB6738BD0120FCE74268936F23F00403C2
:10CDA0009367FFF7CFBD08B5436893F886201AB1A3
:10CDB00070214B20F3F7F0FB0F2283F8862008BD8B
:10CDC00010B5D0E90D42A24206D30B8C121BC98DBF
:10CDD00005334B43934202D3012380F83E3010BD0C
:10CDE00001230B7000238B7030F8CA3CA1F803308C
:10CDF000437A4B714389CB8083890B81704710B58F
:10CE0000446894F8C9309A070ED494F886301BB160
:10CE100074214020F3F7C0FB0122A4F8BE3084F84F
:10CE2000862084F8C22010BDA36F9B0705D5FFF7AD
:10CE300089FDA36F23F00203A367002384F82A313E
:10CE4000F1E710B50B7901284C790A6843EA04210F
:10CE5000104608BF41F4803110BD07B5FFF7F1FF60
:10CE60000DF10702F7F7DAFB03B05DF804FB0B46A0
:10CE7000142203F8032BD0F80920C1F80320D0F8BE
:10CE80000D205A60704738B510220B460C4603F847
:10CE9000032B00F10902293052F8041B824243F8A7
:10CEA000041BF9D1127800211A700123A588A371FF
:10CEB0002846F3F77BFF70B1E37863B10088F6F79B
:10CEC000A3F800212846F3F787FF20B14FF40A7139
:10CED0002D20F3F761FB38BD0121F7F777BFFFF78E
:10CEE000FBBF90F87A300BB10120704790F8B22068
:10CEF00002F0FF03002AF7D190F8A42018467047EB
:10CF000037B50D464FF490720021044600F03BFF08
:10CF1000FF2323701323638042F21073E384F4F73A
:10CF20004FF80022014620636846F4F775F8206B3D
:10CF300000220121FDF729FE216B68460422F4F747
:10CF40006BF80022206B1146FDF71FFE04F128004C
:10CF5000A57403B0BDE8304000F03EB9FF23086B74
:10CF60000B70FDF7DFBD0078FF3818BF0120704758
:10CF700010B50446283000F07FF928226188F8F7C0
:10CF8000D5F96D3010BDD0E902017047C07C003882
:10CF900018BF012070470B68C0F815308B88A0F8C7
:10CFA00019300123C37670472DE9F04F064691B042
:10CFB0000D46074606AC0DF110080FCE0FC40FCE7C
:10CFC0000FC496E8030084E80300404600F004F92B
:10CFD00095F814906E78B9F1010F95F80AA095F8BC
:10CFE00000B006F07F0607D0B9F1020F04D040F27E
:10CFF0005F310620F3F7D0FA697A404600F0F3F883
:10D000002B7D2A7F4046022B02F101020CBF697D75
:10D010000121D2B204BF0131C9B200F0E6F816F026
:10D02000080363D14046019300F026F928223146D7
:10D03000F8F77CF940F271212A7900F29920EC7816
:10D04000019B44EA02246A79B0FBF1F044EA02440D
:10D0500048434C43A0420BD9EC79AA7942EA042216
:10D060002C7A42EA044201FB02F4A04200D80446B2
:10D070002A7E0393531EA97C386B5A4202915A416F
:10D080000192FDF70EFE386BFDF71BFE039B019A24
:10D090000299ADF81A6006AE08943C468DF8282037
:10D0A0008DF82B108DF82CA08DF818B08DF81C90F1
:10D0B00009930FCE0FC40FCE0FC496E8030084E887
:10D0C000030098E80300B8620020B985EB7A13F0FA
:10D0D000FD0F14BF0123002387F85730EB68BB65B1
:10D0E0002B8AA7F85C3011B0BDE8F08F00242346EE
:10D0F000BEE7438813F0040F0CBF1F2000207047C9
:10D100004FF40043C38543881D2B08BF00214174A1
:10D11000704790F912007047408800F00100704796
:10D120004088C0F3400070474088C0F3C00070479B
:10D1300008B5006BFDF7ACFD012008BD012070476C
:10D140000120704790F8503001624B72D0F8513096
:10D15000C1F80A30B0F85530CB8170477047F7F707
:10D1600099BB80F87010704780F8241080F8252053
:10D170007047C0F34002C0F3800300F00100134485
:10D1800018447047022808B507D0042807D00128A2
:10D1900007D039212E20F3F7FFF9262008BD2720DC
:10D1A000FCE72520FAE7837813F0010202D0C1786A
:10D1B000C9070DD5990702D5C27892070AD513F091
:10D1C000040205D0C37813F0040F14BF0022042218
:10D1D000104670470222FBE70023C0F8023001230B
:10D1E0004370037070478170704710B542701446E9
:10D1F00001708078FFF7BDFF484304FB00F2FE2A70
:10D2000003DD5C212E20F3F7C7F910BD0023C370A6
:10D2100043710371704710B50446FFF7C4FF63798B
:10D2200062780133DBB29A4263710CD1E378002259
:10D23000A17803436271DBB29942E37001BF2379A5
:10D24000E27001332371BDE81040FFF79BBF38B592
:10D2500004468078FFF78DFF0146E078FFF789FFED
:10D260002378227965789B1A6B4359436379C91AED
:10D2700000FB1510C0B238BD014608B58078FFF735
:10D2800078FF4A780B7853435843C0B208BD40F248
:10D29000EE20704740F25A3358437047034613B5A7
:10D2A0000E3B104652680C4692F88610092B42D865
:10D2B000DFE803F0054141411041184141280429AC
:10D2C00005D10190FFF72BFB0198F7F7EFF800204D
:10D2D00002B010BD0F29FAD1002102B0BDE8104004
:10D2E000FFF73CBD1D29F2D10190FFF718FB019813
:10D2F000002CECD0426892F8D83023F0200382F85A
:10D30000D830E4E792F88730232BE0D10024019055
:10D3100082F88740FFF716FB0198436893F82431A1
:10D32000012B03D12146F5F745FD01984368002202
:10D3300083F82421CBE740F24F213120F3F72CF979
:10D3400008B5436893F88720162A04D04FF4A961E2
:10D350003120F3F721F91A2283F8872008BD08B598
:10D36000436893F88720312A06D1002283F887206A
:10D37000BDE80840FFF7E6BA162A03D11A2283F85F
:10D38000872008BD40F25D513120F3F705F9037D98
:10D3900063B9C37B90F85000A3F11002032A05D9AA
:10D3A00028B11C2B8CBF0020012070470120704742
:10D3B0000B46416891F8D82042F0040281F8D82049
:10D3C000024659791879F8F7B5B838B50C460546CC
:10D3D000D1E90401F3F79AFD94F8F30120280FD066
:10D3E000FBF7F0FF94F8F301FCF7DEF994F8F30192
:10D3F000FBF77CFE20B940F6FE013120F3F7CCF8B4
:10D4000028460221BDE83840F3F7E6BC002070470B
:10D4100008B5F6F787FDBDE80840F6F753BFF4F707
:10D4200051B90022A0F8862080F88A2090F8AB310C
:10D4300013B10221F4F76EBF0321FBE738B50446B0
:10D44000084694F8303213B10C25284638BD94F8BC
:10D450008730153B012BF7D894F8583203F0FF05BD
:10D46000002BF1D191B194F8C63123B940F66D216A
:10D470003120F3F791F8052304F1F00204F5DB7194
:10D4800000F0CDFB012384F83032DEE70223FAE717
:10D49000F6F7BCBD08B5F9F71FFCF9F7EDF9F8F799
:10D4A00083FFBDE80840F9F763B8C82108B5F9F76C
:10D4B00017F8022807D1013911F0FF01F7D1EB214C
:10D4C0003B20F3F769F8431E5842584108BD10B598
:10D4D000F9F726FC0446FBF719FE201841F100017C
:10D4E00010BD19B943780BB1C3788370704710B57C
:10D4F00004460846FAF722F84FF47A73B0FBF3F0CB
:10D50000201A10BD10B504460846FAF717F84FF474
:10D510007A7300F2E730023CB0FBF3F0201A10BD42
:10D5200008B5FCF7E1FBBDE8084000F038B870B57D
:10D53000841A0E46154659B204F3070460B2FAF78E
:10D54000B9F9002330702844737040B270BD0023D5
:10D55000036070477047002070474FF0FF307047FE
:10D560004FF0FF30704770474FF0FF30704700209A
:10D570007047002070470023037070479DF800300B
:10D580000022FFF7D4BF002070474FF0FF307047F4
:10D590004FF0FF3070474FF0FF30704770477047D3
:10D5A0000020FAF7EFB90020FAF7F4BA0020FAF7F2
:10D5B00007BB0020FAF7E6B9704718B1012803D17C
:10D5C000FCF77ABB0120704700207047FAF744BB94
:10D5D000FAF756BBFAF746BB38B5054691F827006F
:10D5E0000C46FBF783FD18B9EA216A20FCF77AF9AB
:10D5F000002309212846A38484F82630236A98470B
:10D6000018B103780BB1EE21EFE738BD426808B5D9
:10D61000034611441A78A1F196005960012A06D1F7
:10D62000FBF7F0FF40B9CE216A20FCF75BF9FBF76E
:10D63000E9FF08B9D321F7E708BDF8B504460E465F
:10D6400019B9012384F829303BE00D78032DF8D86F
:10D65000DFE805F0390212154868C72802D800250E
:10D660002846F8BD0421FCF741F80028F7D171687D
:10D670002046FFF7CBFFF3E7FAF7A2FEF0E790F8BA
:10D680002470F7B94D682846FAF76EFE0028D8D006
:10D690002B78D3B9012222702B79003B18BF0123CC
:10D6A00063726B79002B0CBF022304232372AB68D7
:10D6B000A5336360EB6884F825202361032384F895
:10D6C0002630FAF77DFE0225CAE794F82630052BAE
:10D6D00004D04FF4C9716A20FCF704F927702B7944
:10D6E00094F82700003B18BF012363726B79002B6D
:10D6F0000CBF022304232372EB68A968A53363607F
:10D70000D4E906325B1842EBE1722146C4E90432E7
:10D71000042384F82630FBF761FD0028D1D14FF4B3
:10D72000CA71D8E738B5044620B94FF4D6716A20DB
:10D73000FCF7D8F890F82850072900F2D980DFE8E4
:10D7400001F0043333636D77907E90F82630033B0D
:10D75000012B02D940F2B711E9E7052390F8241014
:10D7600080F82630002380F82930C9B9FFF74EFF32
:10D770002378012B0FD1FBF7C9FCC4E90601236A0A
:10D7800000212846984701462046FFF756FF022809
:10D7900040F0B18038BDD4E90423C4E90623EEE7A4
:10D7A000BDE83840FAF70CBE90F82630DA1E012AA0
:10D7B00002D94FF4EC71BAE790F824202AB121463F
:10D7C0002846BDE83840FFF707BF042B0CBF0223F3
:10D7D0000123012980F82630036A0AD10521284651
:10D7E00098470028D6D00378002BD3D040F2ED1113
:10D7F0009DE70621284698470028CBD00378002BC8
:10D80000C8D04FF4F97192E790F82630052B02D07A
:10D8100040F2F9118BE7036A0221B2E790F8263053
:10D82000052B02D040F2FF1181E7036A0121A8E72E
:10D8300090F82630052BB3D040F2052177E790F819
:10D840002630052B02D040F20A2170E7036A0A2134
:10D850002846984701462046FFF7EFFE40F20D218B
:10D8600065E790F82630052B07D090F825200AB1FF
:10D87000032B02D040F2112159E794F82420002A0A
:10D880009DD194F8293093B102230821284684F8C9
:10D89000292084F82630236A984700283FF47AAF7D
:10D8A0000378002B3FF476AF40F21D213FE794F858
:10D8B000252062B1214694F8270084F82530FBF733
:10D8C0008DFC00287FF466AF40F222212FE702236F
:10D8D0000721284684F82630236A984700283FF419
:10D8E00059AF0378002B3FF455AF40F229211EE7D2
:10D8F00040F22E211BE720B1012805D1236A042123
:10D900003FE7236A03213CE740F23F210FE770B570
:10D910000024FAF7A1FD05462646E0B2854200D86C
:10D9200070BDFAF79FFD0134868480F82660F4E725
:10D93000F8B504460D460027FAF78EFD0646F8B204
:10D94000864204D8082D0CD96FF0150008E0FAF7CC
:10D9500089FD90F826300137002BF0D04FF0FF30D2
:10D96000F8BD2CB129462046BDE8F840FAF786BD3F
:10D9700021462046F8E738B50546FAF773FD01461B
:10D9800088B190F824408CB990F8263073B1013BEF
:10D99000012B04D82846FFF71FFE204638BD01237F
:10D9A00080F82430F9E76FF00100F7E76FF022000C
:10D9B000F4E770B50D46FAF755FD0446002848D047
:10D9C00090F82660731E012B49D8002D44D02846BC
:10D9D000FAF7CAFC00283FD02B78FBB9012323704B
:10D9E0002B79003B18BF012363726B79002B0CBFAE
:10D9F000022304232372AB68A5336360EB682361C1
:10DA00000323214694F8270084F82630FBF7E6FB31
:10DA100040BB40F2BF216A20FBF764FF022E1ED1FB
:10DA2000002323702B79003B18BF012363726B79AD
:10DA3000002B18BF04262672EB68A968A533636023
:10DA4000D4E906325B1842EBE172C4E904320423E4
:10DA5000D7E76FF0010070BD6FF01500FBE76FF0C6
:10DA60002200F8E70020F6E7FAF7A6BD08B5002087
:10DA7000FAF7AAFE0120FAF7A7FE0220BDE8084047
:10DA8000FAF7A2BE70B58368D0E90052D1E900462A
:10DA90005B1942F100029C4276EB02030DD30B7B33
:10DAA000012B0CD0037B012B09D1641BFAF7E8FB97
:10DAB0008442B4BF0020012070BD0020FCE701209B
:10DAC000FAE72DE9F843B2F808801C4692F8009076
:10DAD000054698FA98F80F46164600211022184677
:10DAE00000F051F9A4F80C8084F80E90B9F1000F01
:10DAF00013D115F11C00D6E9042347F1000182423D
:10DB000073EB010133BF4FF47A73C4E900237368E8
:10DB1000C4E90057A360BDE8F88322462846394689
:10DB2000FBF7CCF873682A46A3603B46C4E90001C2
:10DB300021463069FBF73CF90028ECD1C4E90057D5
:10DB4000E9E70020704710B5029C201841F1000160
:10DB5000801A61EB0301B0F1004F71F1000304DBA7
:10DB600040F2D6710120FBF7BDFE10BD01F110039C
:10DB7000013813F8012D8B4200F8012FF9D17047BD
:10DB80002DE9F04713F0010F8EB004460D461746FD
:10DB90009A46DDE9168913D006A8FFF7E7FFA30729
:10DBA00024D002AA04F110052068083454F8041C9B
:10DBB0001346AC4203C31A46F6D106AD02AC16E0DA
:10DBC00013F0040F0DD106AB0E4601F1100C1D46EB
:10DBD0003068083656F8041C1A46664503C21346D8
:10DBE000F6D1214602A8FFF7C1FFE7E706AD1AF01C
:10DBF000020F4346CDF800900BD0294620460AAAD2
:10DC0000FBF708FF0AA93846FFF7B0FF0EB0BDE8E2
:10DC1000F0873A4629462046FBF7FCFEF6E713B5A7
:10DC20000024CDE90044FFF7ABFF02B010BDFCF7C4
:10DC30000FB820BF704720BF70479142F8B503D39B
:10DC400073219620FBF74EFEB2FA82F33BB1C3F18B
:10DC5000200499409A4020FA04F4984021434FEA66
:10DC6000124C93B2040C87B2B1FBFCF50CFB151EF1
:10DC700005FB03F64FEA0E4E0EEB1040864205D927
:10DC8000361A96428CBF02260126AD1B04EB0141D9
:10DC9000280405FB1211B1FBFCF40CFB14116343C7
:10DCA00007EB01418B4205D95B1A93428CBF0222DC
:10DCB0000122A41A2043F8BD2DE9F0411D46074674
:10DCC0000E46144652EA050303D1AC219620FBF719
:10DCD00009FE85B9914204D2FFF7AFFF2946BDE89E
:10DCE000F08108462946FFF7A8FF05462246384638
:10DCF00004FB1561F0E7B5FA85F8B8F11F0F01DDF7
:10DD0000C921E3E70123400803FA08F3C8F11F081B
:10DD100040EAC670A3FB0212710803FB0522FFF75D
:10DD20008CFF30FA08F04FF0000102D0013861EBAF
:10DD3000010100FB05F3A0FB042C04FB0133BF1A17
:10DD4000634466EB0306A74276EB0503C7D30130B5
:10DD500041F10001C3E7431A934200EB020310B5FF
:10DD600008D3013902469A4207D011F8014F02F850
:10DD7000014BF8E70A448A4200D110BD12F8014D68
:10DD800003F8014DF7E770B5C9B20446A30711D1F6
:10DD900041EA0123960843EA034522F003032344A2
:10DDA0009C420DD16FF0030404FB06221A449342F7
:10DDB00009D170BD002AFCD0013A04F8011BE5E747
:10DDC00044F8045BECE703F8011BF0E700280CBF04
:10DDD0006FF0150000207047002070470723037084
:10DDE00000207047002070470020704710F8012B7A
:10DDF00011F8013B012A28BF9A42F7D0D01A704788
:10DE0000034611F8012B03F8012B002AF9D17047C2
:10DE1000034613F8012B002AFBD1181A013870476A
:10DE20002DE9F04786468C460846089E15467446FE
:10DE30001946002B40F0C1808542B2FA82F245D9E2
:10DE40004AB1C2F1200300FA02FC954094402EFA38
:10DE500003F343EA0C0C4FEA154EA8B2230CBCFBAB
:10DE6000FEF80EFB18CC08FB00F943EA0C43994579
:10DE700028D9EB1808F1FF3704D2994502D9A8F147
:10DE800002072B44A3EB0903A4B2B3FBFEFC0EFB79
:10DE90001C330CFB00F044EA0344A04214D92C19B3
:10DEA0000CF1FF3304D2A04202D9ACF102032C449E
:10DEB000241A43EA07401EB1D44000233460736043
:10DEC000BDE8F0874746DDE76346F1E792BB431BB9
:10DED00001214FEA154EAFB2200CB3FBFEFC0EFB46
:10DEE0001C330CFB07F840EA0343984561D9EB1853
:10DEF0000CF1FF3004D2984502D9ACF102002B445A
:10DF0000A3EB0803A4B2B3FBFEFC0EFB1C330CFB1B
:10DF100007F744EA0344A7424DD92C190CF1FF330B
:10DF200004D2A74202D9ACF102032C44E41B43EA19
:10DF30000040C0E7C2F120039540944020FA03F16D
:10DF40002EFA03F34FEA154E9040AFB20343B1FBF4
:10DF5000FEFC0EFB1C10190C0CFB07F841EA0041FB
:10DF6000884522D969180CF1FF3004D2884502D9BE
:10DF7000ACF102002944A1EB08019BB2B1FBFEFC0D
:10DF80000EFB1C110CFB07F743EA01439F420ED91D
:10DF9000EB180CF1FF3104D29F4202D9ACF102011F
:10DFA0002B44DB1B41EA004193E76046E3E761460F
:10DFB000F7E76046A4E76346B8E7834206D916B997
:10DFC000002108467CE7C6E900E0F9E7B3FA83F7E9
:10DFD0008FB9834201D3724508D8BEEB020460EBCF
:10DFE000030301209C461EB9002169E73846FAE781
:10DFF000C6E9004CF8E7C7F1200CBB400EFA07F564
:10E0000022FA0CF42EFA0CF1BA401C4320FA0CF35D
:10E01000B8404FEA144901431FFA84FEB3FBF9F8F4
:10E0200009FB18300B0C08FB0EFA43EA00439A4533
:10E0300040D9E31808F1FF3004D29A4502D9A8F17B
:10E0400002002344A3EB0A0389B2B3FBF9F809FBEE
:10E05000183308FB0EFE41EA03418E452CD96118A6
:10E0600008F1FF3304D28E4502D9A8F102032144FE
:10E0700043EA0040A1EB0E01A0FB02984145CE46C9
:10E08000434602D306D14D4504D20138B9EB020E06
:10E0900068EB0403002EA7D0B5EB0E0261EB030181
:10E0A00001FA0CFC22FA07F3F9404CEA0303C6E933
:10E0B000003199E74046C5E74346D9E70000000034
:10E0C0000022F0B585B0114640F6034002AF07F0DC
:10E0D00063F9044600285BD106F078FD214641F241
:10E0E00003003A1D07F058F90446002850D17A6819
:10E0F000B84DD16805F17803D1F80100D1F80510C9
:10E1000003C3104605F0FCFB214641F201003A1D15
:10E1100007F042F9044600283AD17868C3685A7873
:10E1200085F870205A88A5F872201A7985F8712030
:10E13000B3F80720A5F87420B3F80530A5F87630B9
:10E1400005F0DEFB214641F202003A1D07F024F9FA
:10E150000446E8B9D7F804C005F18006DCF80C20C5
:10E16000531C4132344618685968083303C493423B
:10E170002646F7D1604605F0C3FB95F87C305A0679
:10E180000AD40121944A95482CF0EDFF6FF0120457
:10E1900020460C37BD46F0BD002142F203003A1D77
:10E1A00007F0FAF804460028F2D17A688C4BD1685F
:10E1B000D1F80100D1F8051003C3104605F0A0FB0B
:10E1C000214642F202003A1D07F0E6F80446002814
:10E1D000DED17E68F468B4F801309AB292B1E27888
:10E1E00082B1A5F80431E378032B06D00322022183
:10E1F00000927A487B4A2CF0F9FBE2787A48114683
:10E2000030F085F8304605F07BFB1F2395F87C60E5
:10E21000A5F8203116F0200619D14FF0FF304FF04D
:10E22000FF3106F0F3FC0446002800F0C58002210F
:10E230000C3005F093FC01232146037046703246F2
:10E2400040F66D4007F0A8F804460028A0D195F8E4
:10E250009C301B0712D5002142F21C003A1D07F02A
:10E260009BF80446002893D17868C368D3F801204E
:10E27000D3F80530C5E9382305F042FB95F8D830CE
:10E280009E0623D53846B91C07F092F904460028AB
:10E290007FF47EAF4FF0FF304FF0FF3106F0B6FC59
:10E2A0000646002800F0888004210C3005F056FC5A
:10E2B0003B88224603807B883146438042F224001B
:10E2C00007F06AF8044600287FF462AF95F8D8306A
:10E2D0005C0610D5002142F22A003A1D07F05CF8D6
:10E2E000044600287FF454AF7868C3685B7885F8EB
:10E2F000223105F005FB4FF0FF304FF0FF3106F003
:10E3000085FC0446002857D008210C3005F026FC77
:10E3100095F8D81040F2022311F0400F08BF0323F4
:10E32000024688074CBF43F02C0043F00C008B06DC
:10E3300095F8D93048BF40F0400013F0090F18BFDE
:10E3400040F40060CE0748BF40F0100000212CF0E0
:10E3500024FF2146002242F2010007F01DF8044686
:10E3600000287FF415AF95F87C30B5F804119806B5
:10E3700025D4C9B941F205003A1D07F00DF804464D
:10E3800000287FF405AFB5F804317C684BB9E36829
:10E39000B3F80120A5F804219A88134811462FF0FC
:10E3A000B6FF204605F0ACFA4FF0FF304FF0FF31DA
:10E3B00006F02CFC0446D8B96FF06804E8E60029A2
:10E3C000F2D10121094A05482CF0CDFE6FF004047A
:10E3D000DEE600BF1008002072A304003816040017
:10E3E000E808002096A3040018090020DCA304001C
:10E3F00008210C3005F0B2FB95F8D8300246D90759
:10E4000047BF6AA1D1E900014FF000515A482CF0F2
:10E41000C4FE2146002240F6014006F0BDFF04463E
:10E4200000287FF4B5AE01463A1D4FF6014006F0D4
:10E43000B3FFA0B1514A022151482CF094FE2DF0B7
:10E44000A0F8044600287FF4A3AE09F04FFE04466E
:10E4500000287FF49DAE06F0FFFD044698E67B6839
:10E460006E46DC688AB0B4F80130032B96BF454A8B
:10E47000454952F8231002AAD3614FF40073434870
:10E480001384434BC2E9050142F8103F4FF4135186
:10E490003B482CF077FEB4F80120B546022AB4F8C8
:10E4A000033049D1052B47D83A4A52F823106E461B
:10E4B0008AB002AAD3614FF4007337481384344BF7
:10E4C000C2E9050142F8103F4FF413512C482CF0DB
:10E4D00059FEB546637994F806C0032B98BF2F4ABE
:10E4E000B4F80760D4F809006C468CB094BF52F8B9
:10E4F0002310254902AAC2E9073C4FF40073DFF854
:10E50000B4E09385264BC2E905E1C2E909604FF406
:10E51000735142F8103F1A482CF034FEA546786833
:10E5200005F0EEF900214FF602403A1D06F034FFE7
:10E53000044618B11B4A7EE71349B8E77868C368F8
:10E54000B3F80130A5F8C13005F0DAF995F8C1301B
:10E550005B077FF574AF21464FF603403A1D06F086
:10E560001BFF08B1104A66E77868C3685B7885F8D6
:10E57000C03005F0C5F962E710880002FFA304006F
:10E58000381604006020040029A1040023A404001C
:10E5900004000001482004003CA4040038200400CA
:10E5A0000700000181A40400AAA4040090880002CE
:10E5B0000080002054A4040008B5094BD3E8AF3F05
:10E5C00043B1F9F743FE04A1D1E90001BDE80840D9
:10E5D00012F0A6BB08BD00BF389C1C000000000064
:10E5E000047400200000000037B50024164D6FF0C1
:10E5F00009034FF4806228461449009416F00EFE79
:10E600001349284617F062F91249134816F078FCAE
:10E61000224604211C2004F083FB01220F4BD3E887
:10E62000EF1FC3E8E02F0028F9D105A1D1E90001CF
:10E6300012F076FB204603B030BD00BFAFF3008080
:10E64000389C1C0000000000903A00205017012068
:10E650004CD60400E50C020038740020047400203D
:10E6600070B4174E0C46B042154608D00136B04281
:10E670000FD0023EB04210D070BC28F0C7BF0AA332
:10E68000D3E90023C5E900230E4B0020236070BCB2
:10E69000704707A3D3E90023F4E707A3D3E90023D6
:10E6A000F0E700BFAFF3008002C0FF7F0000000072
:10E6B00003C0FF7F0000000001C0FF7F00000000DA
:10E6C00002C0FF7F03004E8010B5064A06480221B3
:10E6D0002BF0D5F8BDE8104040F21B620023034840
:10E6E00016F044BF147B040020170400D01E002045
:10E6F00008B5302019F016FA38B100238385011DC2
:10E70000BDE8084003482BF0BFB8BDE80840FFF75C
:10E71000DBBF00BF440B040070B503788AB0044629
:10E720000E4607AD032B20D8DFE803F002191B1DAE
:10E7300011492846FFF764FB059563781E21049371
:10E74000A37830460393E3780C4A0293237901932C
:10E7500063790093A37929F0F5FE0AB070BD0849EA
:10E76000E7E70849E5E70849E3E70A212846074AB9
:10E7700029F0E8FEE0E700BF3D7B04005F7B04007A
:10E78000447B04004B7B0400557B04006DC00400F7
:10E79000F0B5144689B000AF0D462DF0C8F83946E3
:10E7A000FFF7BAFFACB96C468AB06A46144BD56124
:10E7B000C2E905374FF400731384124B4FF4135121
:10E7C000114842F8103F2BF05CF8A5462437BD46AF
:10E7D000F0BD6E468CB06B460C4AC3E90754C3E9E2
:10E7E00005270B4A4FF462515A620A4A06489A6258
:10E7F0001A46094B42F8103F2BF043F8B546E5E7BF
:10E80000827B04000400000120170400A07B0400A8
:10E81000C6990400000203050600000290B589B005
:10E8200000AF0C462DF083F83946FFF775FF8AB02C
:10E830006A46094BD461C2E90537084B4FF443518E
:10E840001362074B07485362074B42F8103F2BF007
:10E8500018F82437BD4690BDC77B0400C699040054
:10E8600000020204201704000500000290B589B0E0
:10E8700000AF0C462DF05BF83946FFF74DFF8AB02C
:10E880006A46094BD461C2E905374FF4007313841B
:10E89000064B4FF41351064842F8103F2AF0F1FF9F
:10E8A0002437BD4690BD00BFED7B0400040000018D
:10E8B0002017040090B589B000AF0C462DF037F852
:10E8C0003946FFF729FF8AB06A46094BD461C2E98D
:10E8D00005374FF400731384064B4FF41351064869
:10E8E00042F8103F2AF0CDFF2437BD4690BD00BF4F
:10E8F0000F7C04000400000120170400B0B588B0AC
:10E9000000AF0C462DF013F83946FFF705FF6D46B2
:10E910008AB06A46124BD461C2E90537114B124CDA
:10E920001362124B12485362124B4FF4435142F898
:10E93000103F2AF0A6FF2068AD4618B108F014FD7C
:10E94000002323600C4C206830B108F00DFD00233B
:10E95000012023602FF0C1F92037BD46B0BD00BFB4
:10E96000247C0400C69904006040002000020204D8
:10E97000201704000500000264400020B0B588B0F4
:10E9800000AF0C46054608F007FC124B18602846FD
:10E990002CF0CDFF3946FFF7BFFE6D468AB06A46C0
:10E9A0000D4BD461C2E905374FF400730B4C13844F
:10E9B0000B4B204642F8103F4FF413512AF061FFF1
:10E9C0000321AD462046074A2AF059FF2037BD46AD
:10E9D000B0BD00BF604000200F7C04002017040081
:10E9E00004000001477C0400B0B588B0044600AFC5
:10E9F000B1B16C468AB06A46194B1A48C2E9053172
:10EA0000194B4FF41151D36140F201331384174B6A
:10EA100042F8103F2AF035FFA5462037BD46B0BD6D
:10EA20002CF085FF3946FFF777FE6D4688B06A46C1
:10EA30000F4B4FF4E651C2E905374FF4007393834F
:10EA40000C4B084842F8103F2AF01BFF2046AD4609
:10EA500008F0A2FB084B186001202FF03BF9DCE71F
:10EA6000767C040020170400C6990400040000010D
:10EA7000977C0400030000016440002080B588B04A
:10EA800000AF2CF054FF3946FFF746FE88B06A46C7
:10EA9000084B4FF4E651C2E905374FF400739383F6
:10EAA000054B064842F8103F2AF0EBFE2037BD46E2
:10EAB00080BD00BFA47C04000300000120170400F7
:10EAC0002DE9F0470024054688B000AF8846164679
:10EAD00021461A22381D3C6031F03CFD28462CF0BE
:10EAE00026FF3946FFF718FE6D4688B06A46264B6A
:10EAF0004FF4E651C2E905374FF400739383234B7B
:10EB0000234842F8103F2AF0BCFEAD46DFF888905B
:10EB1000DFF888A0B44209D0302019F003F8054688
:10EB200040B902211B4A1A482AF0A9FE2037BD46E7
:10EB3000BDE8F087321B272A8CBF272292B2031D23
:10EB4000828508EB0401184631F0DDFCAA8D0346EE
:10EB50001444A4B2A6420AD108EB060111F8011C24
:10EB60000D2904D10A20A91801320871AA85194675
:10EB70004846AA8D2AF092FE0028CBD0294650465E
:10EB80002FF0ACFBC6E700BFBA7C04000300000115
:10EB900020170400D17C0400440B0400840F0020E3
:10EBA00010B50B78052B00F29580DFE803F00380A9
:10EBB0002C6172468B68002B00F08C80486800281E
:10EBC00000F08880444A1368DBB1181F00231360EB
:10EBD000424A13602FF037FD00220023404815F011
:10EBE00081FD002876D0828D011D3E482AF056FE18
:10EBF00000286FD03C4A0221BDE810403B482AF073
:10EC00003EBE0438E6E74A68CB68108D03443848B6
:10EC10009BB213850278002A5CD14A68134413F82A
:10EC2000013C0A2B01D00D2B54D1012303702D4838
:10EC3000BDE8104083685B69184700242C4B3020E6
:10EC40001C7018F06FFF30B18485011DBDE81040C5
:10EC500024482AF019BE274A244802212AF00FFE30
:10EC6000BDE8104040F21B620023234816F07EBC32
:10EC7000302018F057FF014648B10023838519481A
:10EC80002822BDE81040836804311B691847194ADF
:10EC9000B1E74B68191F1B8D23B1BDE81040174821
:10ECA0002FF01CBB0846BDE810402FF0CCBC0A4A30
:10ECB00013680BB94B68136008488B6801680B44F4
:10ECC000116803600A8D0748D21A1944BDE8104044
:10ECD0002AF0E4BD10BD00BF4C4000204840002099
:10ECE000840F0020440B0400FC7C04002017040067
:10ECF000FE7C0020147B0400D01E0020680F002042
:10ED00002DE9F0438DB04FF0FF324FF0FF3328482C
:10ED100015F0F8FD30220021684631F01BFC254F2C
:10ED2000DFF89480DFF894904FF0FF334FF0FF321C
:10ED3000384615F0D7FCBDF82C40838DC4F128046B
:10ED40009C42054628BF1C4600261CB928462FF0C9
:10ED50007AFCE9E7BDF82C00311D04302246294435
:10ED6000684431F0D0FBBDF82C202644224492B2F6
:10ED7000272AADF82C2008D802F130036B4413F891
:10ED80002D3C0A2B01D00D2B0CD1002001A903F042
:10ED90005FFB20B14246022148462AF070FD002365
:10EDA000ADF82C30AC8DA41B282C28BF2824CCE730
:10EDB000000F0020680F00201A7D040020170400B7
:10EDC00008B505480321054A2AF059FDBDE8084069
:10EDD000034816F075B900BF20170400427D0400F7
:10EDE00050400020F8B51E4C0546206800AF0028B2
:10EDF00033D00D40EA0716D52CF0CBFD6E4688B017
:10EE000023686A4617491848C2E9051303234FF4DB
:10EE1000C65142F8103F2AF034FDB546206808F08C
:10EE2000A3FA00232360AB0717D520682CF0C2FD9E
:10EE30006D4688B023686A460C490B48C2E9051341
:10EE400003234FF4C65142F8103F2AF01AFDAD4695
:10EE5000206808F089FA00232360BD46F8BD00BF92
:10EE6000604000208A7D040020170400A17D04007A
:10EE700030B50F4D89B003AC0FCD0FC42B68022203
:10EE8000236001240B4B0C49009403A807F0E8FB16
:10EE9000034630B1094A214609482BF09DFD09B0CF
:10EEA00030BD0321074A06482AF0E9FCF7E700BF16
:10EEB00000180400981E0400A01E0400B97D040080
:10EEC00020170400DE7D0400F8B5504811F036F834
:10EED000034620B101214E4A4E482BF07DFD10F033
:10EEE000FBFF034620B101214B4A4A482BF074FD39
:10EEF0004A4E30462FF063F9A8B1302018F012FEC8
:10EF0000044680B1002546498585464816F0F6F945
:10EF1000B3681B684BB920462FF095FB0121424A8C
:10EF20003C482AF0ACFC2AF0C2FC2A4630463F4955
:10EF300098470028EFD1302018F0F4FD054680B343
:10EF4000031D18463A49FEF75BFF25220146AA85B4
:10EF500030462AF0A3FC074660B120462FF073FB31
:10EF600028462FF070FB01213B46324A29482BF0FE
:10EF700033FDD8E73046211D2AF086FC034658B9F8
:10EF80002D4809F081F8034678B12C4A0121214827
:10EF90002BF022FD0020F8BD0121294A1D482BF04D
:10EFA0001BFD20462FF04FFBBDE7264809F086F8F1
:10EFB000034608B1244AE9E706F044FB0028B2D131
:10EFC0000321224A13482AF05AFC214815F016FC66
:10EFD0002BF0B2FD1F4803F02FFA044610B11E4A71
:10EFE0000346D3E71D481E4915F08AFF1B4816F05B
:10EFF00067F8013404F00101002011F02FF800211E
:10F0000047F6122017F0FEFCF3E700BFE5ED000025
:10F01000FF7D0400201704001D7E0400440B040043
:10F02000F1E60000D01E0020387E0400A1EB0000B5
:10F03000587E04007E7E0400640A0020CE7E040018
:10F04000A77E0400540A0020047F04003F7F0400D0
:10F05000000F0020480A0020557F04005040002087
:10F0600071EE000070B5022098B018F061FE014604
:10F0700074482AF053FE022018F05AFE42F69463B8
:10F08000984209D970492323704A71482AF05CFEDE
:10F0900023216E482AF04FFE40F6030302224FF46C
:10F0A0007A516C4818F050FE38B16B492423674AF6
:10F0B00067482AF049FE2421EBE74FF47A4240F6F4
:10F0C000A27164481AF062FA024638B163492623F5
:10F0D0005E4A5F482AF038FE2621DAE740F6A6713C
:10F0E0005C481AF053FA38B15D492723574A58480B
:10F0F0002AF02AFE2721CCE7012240F6B4715548B8
:10F100001AF044FA38B157492823504A50482AF097
:10F110001BFE2821BDE7042240F6AA714D481AF0D3
:10F1200035FA38B150492A23484A49482AF00CFE9A
:10F130002A21AEE740F6B8714C4A46481AF026FA42
:10F1400038B14B492C23414A41482AF0FDFD2C217E
:10F150009FE7082240F6C4713E481AF017FA0246AB
:10F1600038B144492D23394A39482AF0EDFD2D2183
:10F170008FE74FF47B6137481AF008FA024638B13E
:10F180003D492E23314A32482AF0DEFD2E2180E708
:10F1900040F6AC712F481AF0F9F938B137492F23EE
:10F1A0002A4A2B482AF0D0FD2F2172E7002240F690
:10F1B000AE7128481AF0EAF938B131493023234AB0
:10F1C00023482AF0C1FD302163E703212D4A2E4850
:10F1D0002BF0F9FB31F0C8FB2C4B185816F006FE4B
:10F1E0002B4D294C1B4E00214C2205A8049131F0D7
:10F1F000B1F94FF47A7103A800F0C6F8B0F5207F9A
:10F20000034619D15023A0220093304604AB039942
:10F210001AF092F95028034606D001211D4A1A48D7
:10F220002BF0DAFB18B070BD1B4A13680133136072
:10F23000039800F0C7F8D6E701212A4620462BF0B4
:10F24000CBFBF5E7B67F0400F97F0400D47F040010
:10F250003A8004006C40002057800400A280040023
:10F2600021810400988104002C82040018FCFFFF17
:10F27000B18204001E83040083830400E883040039
:10F280004D840400B2840400381704000800000014
:10F29000DF8404000C7C04006840002010B5047A70
:10F2A000012C11D10321104A10482BF08CFB0022B5
:10F2B0000F4B1A6000F02CF80E4817F01DF90220D1
:10F2C0002EF008FD012010BD022CFBD103210A4ABB
:10F2D00006482BF078FB00F039F8064816F086FD5A
:10F2E00020462EF0FAFCEDE70185040038170400F3
:10F2F00068400020001F0020198504004268034B6D
:10F300009A4201D1FFF7CABF00207047DCFB04001E
:10F3100010B50321094A0A482BF055FB0948012181
:10F3200083685B689847041E05DA01212346064A74
:10F3300003482BF051FB204610BD00BF4785040059
:10F34000B0160400C40B04005A85040010B5032154
:10F35000094A0A482BF037FB0948002183685B689B
:10F360009847041E05DA01212346064A03482BF07C
:10F3700033FB204610BD00BF73850400B0160400A7
:10F38000C40B0400878504001FB50C46002102460B
:10F3900009480094836803919C6803ABA047041E4E
:10F3A00008DA01212346054A05482BF015FB2046C3
:10F3B00004B010BD039CFAE7C40B04009F85040051
:10F3C000B01604000146014814F042BCE00D0020D4
:10F3D00080B5134A436800AF93421DD1027A196881
:10F3E000012A17D00F4B1048022A18BF03468AB0D3
:10F3F0006A46D3610D4B0E4813620E4BC2E90501FC
:10F4000042F8103F00234FF423510B4802F02AF931
:10F41000BD4680BD094BEAE700231B7AFFDE00BF33
:10F42000DCFB0400D8850400F08504000002010321
:10F430000486040004000002F0150400BF850400E7
:10F4400010B5094C0A44914200D110BD11F8013B9E
:10F4500058400309E35C0001C0B243401809205C36
:10F460001B01DBB25840EEE72186040010F00302D6
:10F47000F0B542D121F00304264D274E274F044416
:10F48000A04218D101F00303E018002384423CD1CC
:10F4900020484A405843204B4FEA70405843204B85
:10F4A000504080EA104058431E4B80EA5030584389
:10F4B00080EA1040F0BD50F8043B6B434FEA7343C1
:10F4C000734353404FEAF34303EB8303DA19D7E75F
:10F4D0001B68043C73434FEA73437B4353404FEA3A
:10F4E000F34303EB830303EB0C02032CA5EB0403B0
:10F4F000EED821F003040444C4E70C460022054E74
:10F50000054FDFF818C04518EFE714F8015B45EA2E
:10F510000323BBE7512D9ECC9335871B646B54E6C8
:10F520006BCAEB8535AEB2C2F8B50F4600293BD0A9
:10F530000668012230462AF0FDF9014604463046AD
:10F540002AF0C0F9C3070DD4AF23184A1849194847
:10F550002AF0FAFB394618482AF0F6FBAF21134887
:10F560002AF0E9FB214630462AF0C2F9251829463F
:10F57000002230462AF0A6F92D1AAC420BD0B72350
:10F580000A4A0E490B482AF0DFFB39460C482AF09C
:10F59000DBFBB721E3E7214630462AF0AFF92146ED
:10F5A000BDE8F8402AF0EBBAF8BD00BF3186040090
:10F5B000548604003A800400658604009D86040099
:10F5C000C3860400B2F5802F2DE9F04110D2042A41
:10F5D00028D843494FF40773424A43482AF0B4FB02
:10F5E00042482AF0B1FB4FF407713E482AF0A3FBD2
:10F5F0000823D21ACC1D114424F0070421F007017E
:10F60000091B17294FEAD1060ED8394940F22523A4
:10F61000344A35482AF098FB34482AF095FB40F2EA
:10F620002521E2E70423E4E7002704603146304661
:10F63000A660E7602AF091F90121421D804630461C
:10F640002AF082F99200D51DED082844B0423AD83C
:10F65000B8F1FF3F3946A2F1100204F11000B8BF23
:10F660003A4630F077FF2A46394620462AF05EF9BE
:10F670003B463A46394620462AF02FF9A6EB0508C4
:10F680002046394601222AF039F9424629462AF015
:10F690004DF92B463A46294620462AF01EF93146B6
:10F6A00020462AF043F943463A46314620462AF09E
:10F6B00014F93146204601222AF020F92946BDE8F6
:10F6C000F0412AF01ABA0B4940F23A23054A06489B
:10F6D0002AF03AFB05482AF037FB40F23A2184E74A
:10F6E000FF860400318604003A800400208704006D
:10F6F00039870400628704002DE9F04F97B000AF0E
:10F7000089460446D7F880B0FA623B6258B9A949E5
:10F7100040F29933A84AA9482AF016FB40F29931E1
:10F72000A5482AF008FBCBF3C00390F802A07B6148
:10F7300041B9457800780AEB800020444D4517D840
:10F74000A0EB0409E378FB61BAF1000F02D01BF0D3
:10F75000010F16D1FB6953BBFB6A1BB1494620461A
:10F760003A6A98474D4628465C37BD46BDE8F08F5B
:10F77000461C3046FEF74CFB0130304409F10109CC
:10F78000DCE7626823787A62FA6A9900B96104EB6F
:10F790008301002A40F002810E464FF000084D46DA
:10F7A00001EB0A094E454CD101EB0A0610E01BF0B3
:10F7B000020FD1D023789A00BA61626804EB83010A
:10F7C0007A62FA6A002A77D14D46904601EB0A0622
:10F7D0001BF0050F0CBF02230123FB62FB6906EB44
:10F7E000430A0BF00203BB625645BCD016F8021B5D
:10F7F00016F8013C54F82390714B994502D3714B94
:10F80000994536D37B69002B40D0786A2AF05FFA9D
:10F8100000283BD0E9468AB06A466B4B53617B6A4D
:10F82000C2E906314FF400731384684B42F8103F6D
:10F8300000234FF41251664801F014FF023DCD46FB
:10F84000D2E716F8013BF96254F82300FEF7E0FA1C
:10F85000D7F88430F96A01304BB1D7F88830984531
:10F860003EBFD7F8843023F8180008F1010805449A
:10F8700098E77B6923B1786A2AF029FA0028C9D170
:10F880001BF0010F05D1FB6AED1AADE7BB6A002B37
:10F89000AAD04846FEF7BCFAD7F8843053B1D7F85F
:10F8A000883098453FBFD7F88420431C22F8183091
:10F8B00008F10108054497E7BAF1000F74D01BF076
:10F8C000040674D0D046002607F1480052463B613A
:10F8D000B96230F018FEB96A3B6901EB0A02BA62FC
:10F8E000FA69F9695200FA60BA6A02EB41023A61B8
:10F8F0000BF00202BA60BA6A39698A426AD1627848
:10F900001BF0020F18BF00217A6208BF4FEA5801AE
:10F91000B2181BF0010FD2B240F0E5801BF0040FCB
:10F9200014BF404600207B616270A070E1702046E9
:10F930003A6AB969FB6A9847051EFFF614AF7B69FE
:10F94000414623707B6A3A6A6370FB6984F802A0BF
:10F95000E37007F14800FB6A9847B0F10008C0F275
:10F96000F680BB69A9EB0A01C91AFB683A6AC91A91
:10F97000D7E90A0398470028C0F2EB804FF0000B4C
:10F98000A84408EB000507F1380AB345C0F0AD8084
:10F9900000213A6A0846FB6A9847E4E656464FF06B
:10F9A000000807F1380091E75646D04695E7B04683
:10F9B00093E700BF228804008D8704003A8004008A
:10F9C0007C090400ACEF04003D8804000400000141
:10F9D00090160400BA6A12F8021B12F8015CBA62AF
:10F9E00054F825005C4A904202D35C4A904218D3F6
:10F9F0007A693AB1786A7B602AF069F97B680028F5
:10FA00007FF479AFBA68002A4CD00F2E40D9544900
:10FA100040F24D43534A54482AF096F940F24D4182
:10FA20007EE67A693AB1786A7B602AF050F97B68A1
:10FA300000287FF460AF1BF0010F0BD00F2E27D9E9
:10FA4000474940F24343474A47482AF07DF940F28C
:10FA5000434165E61BF0040F3FF44DAFB8F10F0FC3
:10FA600009D9424940F246433E4A3F482AF06CF9E0
:10FA700040F2464154E608F1280207F1300008F14F
:10FA8000010102EB000808F8105C5FFA81F832E728
:10FA900006F1280207F13000711C161806F8205CE8
:10FAA000CEB228E7B8F10F0F09D930494FF48A6375
:10FAB0002C4A2D482AF048F94FF48A6130E608F1C3
:10FAC000280207F1300C08F10100944407F15802B4
:10FAD00008F1020852FA80F00CF8101C5FFA88F85E
:10FAE00000F8105C07E700201DE71BF80A3054F807
:10FAF000239087F83730D7F884302BB3D7F8883085
:10FB00009B4521D2D7F8843033F81B8001213A6A13
:10FB1000FB6A07F13700984700281ADB0544B8F163
:10FB2000000F06D14846FEF773F900F101081FFAED
:10FB300088F8414648463A6AFB6A9847002808DB3D
:10FB400005440BF1010B20E74FF00008DEE74546C6
:10FB500009E6054607E600BF7C090400ACEF040097
:10FB6000E08804008D8704003A800400FF880400C8
:10FB7000014B1B68184700BF7C0A0020014B18602E
:10FB8000704700BF7C0A002030B585B004460D46A2
:10FB900010220021684630F0DDFC02238DF802308F
:10FBA000044B2A4621466846019328F0F7FD05B02C
:10FBB00030BD00BF71FB000080B505460E461746FC
:10FBC000984616F0BFFF034630F0CEFE0446DFF83D
:10FBD0001890424649F8003039463046A84754F854
:10FBE000090003F001F800BF0800000038B50D4619
:10FBF00004462022002130F0ADFC0022EB68E361D6
:10FC0000AB68A3612B6823626B68A26263622A6996
:10FC100023B1591E194208BF42F00102226101229C
:10FC2000002104F12C002EF072FB48B10549064872
:10FC30002F23064A2AF088F82F2104482AF07BF85F
:10FC400038BD00BF43BF04003A800400308904007F
:10FC50002DE9F04F002789B0CDE90123436A04461E
:10FC60008B428846BA460597079754D300F114068D
:10FC7000EFF31185402383F31288BFF36F8F304673
:10FC8000A94617F02FFA58B988234D4A4D494E48D6
:10FC90002AF05AF831464D482AF056F8882163E098
:10FCA000304617F043FA079A2AB1394620462AF01F
:10FCB00034F90023079306A920462AF052F8069942
:10FCC0008346414530D32268236A204613F8221028
:10FCD00003EB820A21F0030103F822102168424657
:10FCE0002AF063F8E3682060984218D04FF0000BC8
:10FCF000304617F005FA50B389F31188BFF36F8FC0
:10FD0000059929B1A2690AB12046904700230593BD
:10FD1000BBF1000FACD1504609B0BDE8F08F2369AC
:10FD200043F008032361E1E718B120462AF057F8B1
:10FD3000DEE7DDE90132134339D003912EF05DFB9C
:10FD40000399A0BB9DBB304617F0DAF978B940F2B1
:10FD500031131B4A1E491C4829F0F6FF31461D4845
:10FD600029F0F2FF40F23111154829F0E4FF85F344
:10FD70001188BFF36F8F04F12C00DDE9012314F02B
:10FD8000C1FD8346EFF31189402383F31288BFF34B
:10FD90006F8F304617F0A6F900283FF475AFBBFA15
:10FDA0008BFB304617F0C2F94FEA5B1BA0E72046F9
:10FDB00007AB05AA27682AF031F8834698E700BF09
:10FDC00056890400838904003A800400988904005D
:10FDD000AE890400C58904002DE9F0410446C369D9
:10FDE00008460E46984704F114050746EFF31188BC
:10FDF000402383F31288BFF36F8F284617F072F900
:10FE000068B988231A4A1B491B4829F09DFF2946D7
:10FE10001A4829F099FF8821154829F08CFF2846B7
:10FE200017F084F933783A4643F001033370616880
:10FE3000204629F0BAFF606020462AF089F828465B
:10FE400017F05EF968B940F23113094A0C490A48C3
:10FE500029F07AFF29460B4829F076FF40F231114C
:10FE6000DAE788F31188BFF36F8FBDE8F08100BF38
:10FE700056890400838904003A80040098890400AC
:10FE8000AE890400C58904002DE9F843044600F159
:10FE90001407EFF31188402383F31288BFF36F8FA9
:10FEA000384617F01FF9054668B98823344A3549A2
:10FEB000354829F049FF3946344829F045FF882163
:10FEC0002F4829F038FF384617F030F92369A26827
:10FED00013F0080F02D163689A4200D9636A9B1A33
:10FEE000002B3FD0216A11F8223001EB820913F078
:10FEF00003003AD0022803D151F82260B60805D198
:10FF0000D8071FD44846E36998470646A168324699
:10FF1000204629F04AFF3146A060204629F053FFD1
:10FF2000384617F0EDF810BB40F23113144A184967
:10FF3000154829F009FF3946164829F005FF40F217
:10FF40003111BDE743F0020301F82230E36948466E
:10FF5000A568984729460246204629F026FF002535
:10FF6000A060DDE71D46A946DAE70546FBE788F312
:10FF70001188BFF36F8F002D8BD14846BDE8F88301
:10FF800056890400838904003A800400988904009B
:10FF9000AE890400C58904002DE9F0410446C36917
:10FFA00008460D46984704F114060746EFF31188FA
:10FFB000402383F31288BFF36F8F304617F092F817
:10FFC00068B98823274A2849284829F0BDFE3146C8
:10FFD000274829F0B9FE8821224829F0ACFE304696
:10FFE00017F0A4F82B786FF300032B7023699B079D
:10FFF00005D5E268236A03EB82039D4222D12B7868
:020000021000EC
:100000006FF341032B70D4E90231994204D13A468F
:10001000204629F0CAFEA0603946204629F0D3FECA
:10002000304617F06DF890B940F231130D4A11497E
:100030000E4829F089FE31460F4829F085FE40F22E
:100040003111C9E72B6867F39F032B60E8E788F35A
:100050001188BFF36F8F04F12C00BDE8F04114F05C
:10006000CDBB00BF56890400838904003A80040098
:1000700098890400AE890400C589040070B504465F
:1000800000F11405EFF31186402383F31288BFF3C8
:100090006F8F284617F026F868B988231A4A1B493B
:1000A0001B4829F051FE29461A4829F04DFE8821A7
:1000B000154829F040FE284617F038F82369A06853
:1000C00013F0080F02D16368984213D9646A241AA6
:1000D000284617F015F878B940F231130A4A0E494C
:1000E0000B4829F031FE29460C4829F02DFE40F23C
:1000F0003111DDE71C1AEBE786F31188BFF36F8F30
:10010000201E18BF012070BD568904008389040099
:100110003A80040098890400AE890400C58904006F
:100120002DE9F84F0446A38B08461907154612D44B
:10013000022803F0070165D1204629F08FFF88B11E
:100140000138042800F23781DFE810F05C00350147
:100150008200D400040101280CBF43F0100143F0D9
:100160002001A1831434204616F0CAFF002840F075
:100170009D819A4940F23113994A9A4829F0E4FD49
:100180002146B1E003F00702501F01281ED80020CD
:10019000062A2768C4E9000014D13A4603E0E08B40
:1001A0000130E0831268002AF9D123F0070343F0FD
:1001B00002022046A28329F051FF90B342F02002B0
:1001C000A2832EE023F007039AB2F2E7042A33D188
:1001D00023F007039AB22046A28329F03FFF10B113
:1001E00042F02002A283A38B03F00709894540F067
:1001F000EC80A18BCA0640F1508121F01003A3834B
:1002000001F00701D4F81880A38BB8F1000FB9DA18
:100210000022276823F00703C4E9002243F001030A
:10022000A383A38B03F00709894540F0CF80002FFB
:10023000DFD00026B24644E06B4940F21B136B4A04
:10024000684829F081FD40F21B11684829F073FDD0
:1002500049B167494FF4AB73644A624829F074FDB1
:100260004FF4AB71F1E723684BB9624940F2571381
:100270005E4A5C4829F068FD40F25711E5E72369C2
:100280001E684EB95C494FF4AD73584A554829F081
:100290005BFD4FF4AD71D8E70F4688464FF0060975
:1002A000A38B23F0070343F006039BB2A383A2684A
:1002B000002A40F08D80002F40F08D80002E98D0D5
:1002C000BA4643F0080304F1140B5846A38316F012
:1002D00017FF002840F09A80404940F23113404A0D
:1002E000404829F031FD5946444829F02DFD40F29F
:1002F0003111ADE0022909D0414940F25D133B4A7A
:10030000384829F021FD40F25D119EE7E78B4FB19F
:100310003C494FF4AF73354A324829F015FD4FF48C
:10032000AF7192E723695E684EB9334940F26113B9
:100330002E4A2C4829F008FD40F2611185E7A38B75
:10034000B84623F0070343F004039BB24FF00409BF
:10035000A383ACE7012909D02B494FF4B273234A98
:10036000204829F0F1FC4FF4B2716EE723684BB9D5
:10037000204940F265131D4A1A4829F0E5FC40F275
:10038000651162E723699E684EB91B494FF4B47347
:10039000164A144829F0D8FC4FF4B47155E70027E9
:1003A000A38BB84623F0070343F005039BB24FF03D
:1003B0000509A3837BE70C4940F26B130B4A0948FC
:1003C00029F0C2FC40F26B113FE7002700266EE7E0
:1003D0004FF0010A75E7924673E700BFAE8904004B
:1003E000568904003A80040039CF0400DA890400F9
:1003F000FF8904000B8A04002E8A0400C5890400CA
:10040000458A04005B8A04006A8A040085F3118827
:10041000BFF36F8FBAF1000F1CD177BB16B1204626
:100420002549B047EFF31185402383F31288BFF3CA
:100430006F8F584616F056FE38BB88231F4A204956
:10044000204829F081FC59461F4829F07DFC88216D
:100450001A48FBE6A1680029DFD00D680029DCD02E
:1004600043464A462046D1F804A0D0471DB12B6828
:1004700029461D46F2E72B46FAE7394643464A46E7
:1004800020463F6829F016FEC7E7584616F04EFE94
:10049000A38B23F00803A383ABE68B067FF562AE44
:1004A00021F02003A38301F0070145E685F31188BD
:1004B000BFF36F8FBDE8F88FCD04010056890400AB
:1004C000838904003A80040098890400F8B5044642
:1004D0000D4600F11406EFF31187402383F31288D1
:1004E000BFF36F8F304616F0FDFD68B988230C4AC4
:1004F0000C490D4829F028FC31460C4829F024FC11
:100500008821074829F017FC304616F00FFEA56138
:100510003A462046BDE8F8400121FFF701BE00BF82
:1005200056890400838904003A80040098890400F5
:100530002DE9F04704460F4629F0ACFD051E68DBA7
:1005400004F11409EFF3118A402383F31288BFF3F7
:100550006F8F484616F0C6FD804660B98823384A3A
:100560003849394829F0F0FB4946384829F0ECFB76
:100570008821334842E0484616F0D8FD4FF6FF7216
:10058000E38BA68B934206F0070645D0022E15D1C9
:1005900035460133E383484616F0B2FD002841D1C9
:1005A00040F23113264A2A49274829F0CDFB494613
:1005B000284829F0C9FB40F23111DAE7062E13D89A
:1005C000DFE806F0092D1212090409006FF0850515
:1005D0004FF00008DFE700233B60636883B9C4E99C
:1005E000007786B13546F3E71B4917484FF4E473AB
:1005F0001A4A29F0A9FB4FF4E471184829F09BFB33
:100600001F606760EDE7524602212046FFF788FD34
:1006100035462846BDE8F0876FF00A05D8E76FF049
:100620000405D5E78AF31188BFF36F8FB8F1000F87
:10063000EFD0002332463946204629F03BFDE8E75B
:1006400056890400838904003A80040098890400D4
:10065000AE890400C58904006A8A0400DA890400AE
:10066000F8B5054600F11406EFF31187402383F334
:100670001288BFF36F8F304616F034FD60B98823BF
:10068000254A2649264829F05FFB3146254829F0AE
:100690005BFB882120482BE0304616F047FDAC8BF1
:1006A00004F00704022C17D0012C0CBF6FF00404D7
:1006B0006FF08504304616F023FD38BB40F231134D
:1006C000154A1949164829F03FFB3146174829F0C9
:1006D0003BFB40F23111DDE7EB8B5BB9144910486D
:1006E00040F2EF13134A29F02FFB40F2EF111148AB
:1006F00029F021FB013B9BB2EB83002BDAD13A4678
:1007000021462846FFF70CFD2046F8BD87F31188E7
:10071000BFF36F8FF8E700BF568904008389040098
:100720003A80040098890400AE890400C589040059
:10073000808A0400DA89040008B54268034602F0A2
:100740000302022A81600AD0032A4FF0000103D07D
:10075000012A0AD1596006E01868596008BD186876
:1007600000225A6058B90020F8E706490648452398
:10077000064A29F0E9FA4521044829F0DCFA17F085
:10078000DBF8F0E739CF04003A8004008E8A0400D9
:100790002DE9F04F1D46C36B04461B7999B0DB076A
:1007A00003D5002019B0BDE8F08F826903684FF0CF
:1007B000000A05FB0233806B049383689B68002B5F
:1007C0004AD0049998470028ECD1E16B08A80B683F
:1007D00049795B4203F020031A46D4F81890059338
:1007E0002FF0B8FEB9F1000FDBD0059EE36B4E454C
:1007F00028BF4E461B68B3465B4203F020030693B6
:10080000D0462B4608AA0392BBF1000F07D1A9EBF3
:10081000060916EB0A06B24645F10005E2E7069F17
:1008200010AA5F4528BF5F460092204642460197C6
:10083000079329F07DFC90B93A46039810A92FF050
:1008400095FE60B9079B039A17EB0808ABEB070B03
:1008500043F100033A44D6E76FF05700A2E704489B
:100860000121049B034A2AF0B7F86FF0050099E7CD
:10087000D8160400B48A04002DE9F04F9FB0044656
:1008800002AF00F1240840462DF008FDA06B8368FC
:10089000DB6898470246E06358B98C4A01218C48CE
:1008A00029F061FC6FF0150948467437BD46BDE874
:1008B000F08F102129F087FC20641368013B1F2B67
:1008C00001D9844AEAE71379DB0712D4A06B2168C7
:1008D00007F114022CF059FB08B17F4ADEE7A36947
:1008E0002BB1BA69B3FBF2F102FB11330BB17B4AB6
:1008F000D4E7236CA26903EB83039A4205D201215A
:10090000774A73482AF068F8CCE7E369012B01D8ED
:10091000744AC3E700220023C7E90023C7E9022382
:100920004FF0000A4FF0FF324FF0FF33404613F014
:100930004FFCD346554607F15006E3699D420BD361
:10094000E3695B4552D1BAF1000F4FD1404629F01F
:1009500044FC6FF08509A7E7226CA169500088422A
:1009600094BF2B466B1EA1EB420207F14001C7E981
:1009700000232046CDE9006129F0BBFCB0F100095D
:1009800047DB97F85120B9F1010F84F820202BD1D3
:10099000FA6D0BF1010B02F47F41B1F5844F0ED1DA
:1009A000D2B2012A0AD049464F4A494829F0DBFB16
:1009B000404629F012FC6FF07A0975E792463946F5
:1009C000204629F0C5FB07F14003CDE9006320462E
:1009D000D7E9002329F08DFCB0F1000919DB97F865
:1009E000513084F82030ABD00135A6E79D425DD16F
:1009F000D7E90023216C07F13005521A4FF010019E
:100A000020460191009563F1000329F091FB814696
:100A100018B1404629F0E1FB46E7284694F820103B
:100A200029F0ACFB18B93946204629F091FBD7E9EB
:100A300000AB07F1400307F15005019352465B46B6
:100A40002046009529F031FC81460028E1D1284656
:100A500029F0A5FB58B1FB6D03F47F42B2F5844F3A
:100A600015D1DBB2012B12D001211F4A9DE752465E
:100A70005B462046FFF78CFE81460028C9D15246CE
:100A80005B46204629F043FD81460028C1D104F190
:100A90002003009352465B46204629F0E8FB10F104
:100AA000020F81460FD1002384F8203039462046BA
:100AB00007F1080229F093FB0546B8B1404629F03A
:100AC0008CFBA946F0E60028F0D0A2E7F98A0400E2
:100AD000D81604001B8B0400388B0400508B0400D4
:100AE000648B0400908B0400D18B04001026D7E99E
:100AF0000023C4E90223D7E90223C4E9042307F150
:100B00002005D4E90223D4E90401824273EB0101F8
:100B10000FD32046CDE9005629F00AFB8146002874
:100B20007FF477AF284694F8201029F027FB00289F
:100B30005AD1226CA3695200E1689B1A61F100014D
:100B4000C7E900312046394629F002FB07F140038E
:100B5000019307F1500300932046D7E9002329F0C1
:100B6000C8FBB0F10009FFF654AFD4E90226B9F191
:100B7000010F256C40F094804FF0100A97F8513027
:100B8000AD1884F8203046F1000607F1600B226CA6
:100B9000A369C7E90056A3EB42039D4235D3032165
:100BA000614A624829F0DFFAD4E902232046FFF7C0
:100BB000EFFD814600287FF42CAFD4E902232046C4
:100BC00029F0A5FC814600287FF423AF216CA2699F
:100BD00001EB4101521AE1681218C4E90401A26054
:100BE000204629F076FD57E0D4E90232D4E9040129
:100BF0008A4208BF834201D1798C71BB216C5B1A98
:100C000062F10002C4E902327BE72A4633462046FD
:100C1000CDE900BA29F08CFA814600287FF4F9AEBC
:100C2000584697F8611029F0A9FA28B1B7F8622060
:100C300012B97A6E013213D0236C5B191D4646F14E
:100C40000006A4E7204629F0BDFC8146404629F075
:100C5000C4FAB9F1000F2ED026E66FF01C09F5E7B3
:100C60000321334A314829F07EFAE26839462046AA
:100C7000C7E9009229F06CFAD7E900AB204652464A
:100C80005B46FFF785FDB0F10009FFF6C2AE5246A4
:100C90005B46204629F03BFC814600287FF4B9AE34
:100CA000236CA269A16803EB4303D21A9142C9D015
:100CB000404629F092FA012384F82130D4E9062332
:100CC0000321009219481B4A29F090FED4E9023210
:100CD000E9468AB002AD00264FF0060AA84616493A
:100CE000C5E90626C5E90836696148F810AF4FF432
:100CF0004351334642460D4800F0B4FCD4E9043277
:100D0000CD468AB00D49C5E90763C5E905126E6293
:100D1000C5F810A04FF4435133464246034800F053
:100D2000A1FCCD46B146BFE5458C0400D8160400B1
:100D3000308C0400EE8B0400058C04001B8C040036
:100D40002DE9F04F1E4690F821300546894617469A
:100D500085B053B901214B4A4B4829F004FA6FF092
:100D60000C04204605B0BDE8F08F3146C06B29F079
:100D70002AFA2B6CAA6903EB8301521A9642824627
:100D80007CD8B6F5803F79D2002E43D1002818BF19
:100D90009A4605F124084FF0FF324FF0FF334046EA
:100DA00013F016FA4FF0000BEB695B4563D0D5E901
:100DB0000221002A38D0D5E904431AEB040043F19C
:100DC0000003824299412FD32B6C9A422AD01022E1
:100DD000002168462FF0BEFB95F82030082ECDF894
:100DE0000490ADF802608DF8013029D8731E072BEE
:100DF00004D83246394602A82FF085FB684629F010
:100E0000B4F96946284629F069FB002814BF044656
:100E1000344621E097B30028BBD0082E94BF9A46F1
:100E20009A44B6E7002ED2D0284629F0E3FB0446C8
:100E3000B0B10346154A0121134829F0CDFD0BE05E
:100E40006846029429F091F932463946284629F03D
:100E500026FC04460028D4D0404629F0BEF980E79D
:100E6000284629F036FC044610B1094A0346E2E759
:100E70000BF1010B98E76FF01B04EDE76FF0150421
:100E80006FE700BFE58A0400D81604006C8C0400EC
:100E9000968C04002DE9F04F154698460022002359
:100EA0008BB0CDE9042390F8213004460E464BB9AF
:100EB0002B4801212B4A29F056F96FF00C000BB09A
:100EC000BDE8F08F4FF00009D0E902230DF1100AC0
:100ED0000DF1180BCDE902BA94ED027B31468DED90
:100EE000007B2046CDE9042329F06EFA0028E6DBDA
:100EF00010D051462046059F09F1010929F022FA38
:100F00000028DCD1DDE9042314994945E2D2079A8F
:100F1000B24202D06FF00100D1E7BDF81A60002E96
:100F2000F8D0082E0AD83DB1B0454246284628BF21
:100F3000324608A92FF0E7FA3046C0E7089A002D9C
:100F4000FAD002443B462046464594BF0196CDF870
:100F50000480009529F0ECF80028EDD0AFE700BF41
:100F6000D8160400E58A040030B5002289B00F4984
:100F70000F482DF0FDFA002200230024CDE90623BE
:100F80000E230C4DCDE903344FF400622846CDE921
:100F90000144094B0949009414F020FD08492846F2
:100FA00014F094FC204609B030BD00BF0D110100C3
:100FB000F8240020F81F00204D14010010FD00202F
:100FC000C68C04002DE9F047044607464FF001099E
:100FD000DFF8508014B93846BDE8F08794FAA4F5DC
:100FE000B5FA85F509FA05F32E0108EB05156FEA48
:100FF000030A24EA03042B7B002BEBD058F80630BD
:101000001B694BB94644736804222846196807EAED
:101010000A0729F069FCDDE7284698470028D9D15E
:10102000F0E700BF581704002DE9F047DFF8D8902B
:101030002E4C8046A9EB04038F2B0F460BD92C496D
:101040004FF4A7732B4A2C4828F07EFE4FF4A7716B
:10105000284828F070FE294829F038FC064678B365
:1010600000252846BDE8F087237B83B12368DB6831
:101070000BB120469847636883F806A023681B6974
:10108000B3B9636804222046196829F02DFC0136A3
:1010900010344C4518D91A494FF4AD73154A164807
:1010A00028F052FE174828F04FFE4FF4AD71CFE7FD
:1010B000204698470028E4D00AFA06F31D43E6E7E5
:1010C00005464FF0010AE4E7CED3B8F1000FC8D0CF
:1010D000002DC5D02846FFF775FF0546002FF7D035
:1010E000002140F2391015F08DFCF1E7581704008B
:1010F000FB8C0400CE8C04003A800400146F0020A6
:101100002B8D04004C8D040068170400014813F077
:1011100075BB00BF180F0020014B53F8200070472B
:10112000C41E040008B5034608462BB1044A1360E8
:1011300000F042FD002008BD6FF01500FBE700BF86
:10114000800A002010B5044C237813B9034813F02B
:1011500055FB0123237010BDFF7C0020180F0020D9
:1011600010B50446094829F0B1FB3CB1084BD3E85F
:10117000EF1F0139C3E8E21F002AF8D105482DF01E
:1011800003FABDE81040044813F038BB0C6F002090
:10119000106F0020F8240020180F002000200146C6
:1011A000034BD3E8EF0FC3E8E21F002AF9D17047E1
:1011B0000C6F002070B5FFF7F1FF05460F4C104E85
:1011C000B44219D90F4940F20E230F4A0F4828F0B4
:1011D000BBFD0F4828F0B8FD40F20E210A4828F068
:1011E000AAFD63685B792BB123685B6813B129465C
:1011F000204698471034E3E7F3D370BD5817040036
:10120000681704002B8D0400CE8C04003A80040083
:101210004C8D040010B5044C04492046FEF7E6FC52
:10122000034B1C6010BD00BF580D0020B01E040011
:10123000006F00200023154A10B51370144A154999
:101240001360154A15481360FFF76CFFFFF7E2FFC4
:10125000134B144918468B4215D9134940F22913F0
:10126000124A134828F070FD124828F06DFD40F234
:1012700029110E4828F05FFD1A1A5C68121101321C
:1012800022711033E7E7F7D310BD00BF007D0020C7
:101290000C6F002040420F00106F0020C9A803000F
:1012A00058170400681704002B8D0400CE8C04002E
:1012B0003A8004004C8D04000146002200230148BE
:1012C000FEF7C6BC580D00200148FEF7DDBD00BF8B
:1012D000580D0020024B01461868FEF75DBE00BFA6
:1012E000006F00200148FEF7C9BE00BF580D002066
:1012F00070B52F4B1878002859D0FFF7E5FF054649
:10130000002844D12B4B2C4C1B68002B19DD2DF0F1
:10131000E8F84FF47A75A0FB050647F61222002381
:1013200005FB0161F8F7CAFDD4E90032C01A40F2AA
:10133000E93361EB0201984271F1000101D3FFF73B
:1013400039FFD4E9003213F57A7342F10002C4E99F
:101350000032BDE87040FFF7C5BF63685B7923B119
:101360002368294620461B6898471034B44211D997
:10137000124940F20223124A124828F0E5FC1248B2
:1013800028F0E2FC40F202210D4828F0D4FC0F4C7A
:101390000F4EEBE7E1D32846FFF79CFF0D4BD3E858
:1013A000EF1F0139C3E8E21F002AABD0F7E770BD99
:1013B000FF7C00200C6F0020F02400202B8D040007
:1013C000CE8C04003A8004004C8D040058170400B1
:1013D00068170400106F002070B5154D297829BBDF
:1013E0000120FFF721FE134C134EB44217D91349C5
:1013F00040F2C713124A134828F0A6FC124828F0FE
:10140000A3FC40F2C7110E4828F095FC63685B7995
:101410001BB1236820469B6898471034E5E7F5D355
:10142000FFF766FF0028FBD101232B7070BD00BFC2
:10143000007D002058170400681704002B8D04005D
:10144000CE8C04003A8004004C8D04002DE9F04756
:10145000304B314FFB1A1B090BD1304940F2AB33F3
:101460002F4A304828F070FC40F2AB312C4828F06D
:1014700062FC00210846FFF7D7FD044650B340F256
:101480001B684FF000092FF06FFA274B274A1B58B3
:10149000136033B1264B1B68092B02DD254813F07E
:1014A000ADF90025DFF88CA044B12046FFF78AFD96
:1014B000044618B94FF0FF384FF0FF39FFF718FF17
:1014C000064628B95DB942464B46504613F01AFA13
:1014D0003546E9E74FF0FF384FF0FF39D3E70D4DC0
:1014E00008E0F0D22B689B691BB100222846114608
:1014F00098471035BD42F4D90F4940F29F33084A4E
:10150000084828F021FC0D4828F01EFC40F29F31CD
:10151000ACE700BF58170400681704006B8D040087
:10152000CE8C04003A80040008000000086F002000
:10153000106F0020180F00202B8D04004C8D04002C
:1015400013B52C4829F0C2F92B4B1B78002B35D052
:10155000EFF31184402383F31288BFF36F8F274882
:1015600015F0C0FD68B98823254A2649264828F089
:10157000EBFB2249254828F0E7FB8821204828F08A
:10158000DAFB1E4815F0D2FDFFF7B2FE1B4815F03E
:10159000B7FD68B940F23113194A1D491A4828F0BD
:1015A000D3FB16491B4828F0CFFB40F23111E5E789
:1015B00084F31188BFF36F8F02B010BD164B1B6808
:1015C000002BF9D050B9002200231448CDE90023A4
:1015D00047F61222002316F0E7F8EDE70928EBD1D1
:1015E0000E482CF0D1FF0E4802B0BDE8104013F0B9
:1015F00005B900BF106F0020007D0020046F00209F
:1016000056890400838904003A8004009889040004
:10161000AE890400C5890400086F0020F82400206A
:10162000180F002010B5064B04461B68984721464A
:10163000A0600448FEF7D0FBBDE81040FFF780BF74
:10164000800A0020580D0020044A054B9B1AB1EB7C
:10165000D30F34BF52F8310000207047F01504005A
:10166000581704002DE9F04F8FB0C1F34A2804AF9A
:101670000D469146B8607B600C0DB8F1000F68D044
:1016800000264FF0040B4FF00A0A07F11403C7F8C5
:101690000C80C7E907667E620193CDF808B0CDF8EB
:1016A00000A007F11C0332464846F968FEF724F80B
:1016B000B0F5006F03461CD36C468AB0D9F804100D
:1016C00004AB2C481A46C3E9050140F2FF71D96109
:1016D0004FF400711984284B42F8103F4FF4125117
:1016E00033462648FFF7BEFFA5462C37BD46BDE86A
:1016F000F08FC0F30A0804F11700184420F0070027
:1017000080083B60FFF7D8FD68F35325044640B3DB
:101710003B6800F11001C7E9083607F11403F961CD
:10172000CDE900A3CDF808B04846154AF96807F19D
:101730001C03FDF7E1FF002813DA124912484FF4A9
:10174000A373124A28F000FB4FF4A3710F4828F04E
:10175000F2FA04F1170020F007008008FFF7ACFD53
:10176000044668F353252A4620467B68B96829F069
:10177000DAF8BAE7948D040004000001E0160400D2
:10178000FBA80300FF8D04003A800400D38D040001
:10179000406820B1034BC01A40F3CF0070474FF0B0
:1017A000FF307047F01504000EB403B503AB53F8D7
:1017B000042B01460448019301F044FE02B05DF899
:1017C00004EB03B0704700BFE9170100CA0605D457
:1017D0008B064CBF02490349FFF7E6BF704700BFC5
:1017E000C59904005785040038B54B6805461A684A
:1017F000CB680C469A4202D1084629F011F9636879
:10180000D3E8EF2F511CC3E8E01F0028F8D1A368EC
:101810009D5463681A68E3689A4209D905490648E5
:101820007223064A28F090FA7221044828F083FABD
:10183000002038BD378E04003A800400088E040072
:101840002DE9F04F8BB09B46169B9DF854A0069354
:10185000179B04460593189B0D469046199E0493CA
:10186000BAF1000F00F0AE80BAF1040F0BD9A44911
:1018700040F24623A34AA44828F066FA40F24621E3
:10188000A04828F058FA06F00103089306F0080370
:10189000079306F48073099329F024F806F00209EF
:1018A000024600283CD020469849FFF77DFF0746B6
:1018B000B9F1000F08D016F0440F33D12A46204664
:1018C0009349FFF771FF0744089B53B1914B2046A2
:1018D00053F82A20904B9149002A08BF1A46FFF777
:1018E00063FF099B002B49D0079B002B63D1B8F104
:1018F000000F65D0424620468949FFF755FF05464F
:10190000069B3D44002B6CD1049B002B40F0818052
:10191000F30700F1EE8031462046FFF757FFE2E083
:101920000746C5E77F4B18680028CCD07E4B4FF4A4
:101930007A791B684FF03C0CB5FBF3F5B5FBF0F181
:101940004FF4616300FB115509FB05F5B1FBF3F2A0
:10195000B5FBF0FE03FB121100FB1E55B1FBFCF3BF
:1019600009FB05F5B5FBF0F50CFB131120460091C2
:10197000CDE901E56D49FFF717FFA4E7079BEBB140
:101980006B4B204653F82A206A49FFF70DFF0546A6
:10199000B8F1000F05D0424620466149FFF704FF29
:1019A0000544BBF1000FABD05A4620466249FFF711
:1019B000FBFE0544A4E74FF0000BE1E7079DE7E7D6
:1019C00045469DE7BBF1010F069B06D1DBB9049BA1
:1019D000002B00F0888000251BE0002BF7D0574833
:1019E00012E057482246069B564928F03FF9002846
:1019F0000CDA55494FF42873424A434828F0A4F9B9
:101A00004FF428713CE74E485546EBE7049B002B0A
:101A100065D0DFF84481DFF84491049F3146102FF0
:101A2000204628BF10274FF0000BFFF7CFFE5D4583
:101A300042DC059B494620461A78FFF7B5FE4FF079
:101A4000010B1BF0070F03D141462046FFF7ACFE08
:101A50005F4538D9059B4946204613F80B20FFF710
:101A6000A3FE0BF1010BBBF1100FEAD14FF0000BFD
:101A700020463649FFF798FE5A46059B20469A5C59
:101A8000A2F120015F2928BF2E223149FFF78CFEE9
:101A90000BF1010BBBF1100F1AD01BF0070F03D194
:101AA00041462046FFF780FE5F455A46E5D841464D
:101AB0002046FFF779FEEBE741462046FFF774FE2C
:101AC0000BF1010BB3E720462249FFF76DFEC8E793
:101AD000059B3B440593049BDB1B04939DD1BAF10A
:101AE000000F7FF415AF20460BB0BDE8F04F28F093
:101AF00097BF2046084A0949FFF756FE0BE700BF8B
:101B00006C8E0400088E04003A800400778E040076
:101B10007B8E0400D41E0400678E040095A104008F
:101B2000A08E04001C6F0020186F0020848E04001B
:101B3000E81E0400A48E0400AA8E04003BAA030041
:101B4000E917010045340100AF8E0400C28E040085
:101B5000C48E0400BE8E0400C08E0400B88E040043
:101B600042F20F7373B58B4228BF0B4605680446DB
:101B7000052168460D4A26F0E5FC064663682846BE
:101B80000B225B680A4928F03DFF636832466946CC
:101B900028465B6828F036FF63681B2228465B688E
:101BA000044928F02FFF02B070BD00BF0C7C040078
:101BB000E38E0400C78E040000210123064A9042F0
:101BC00006D8064A01B901231360054B1860704717
:101BD000012140085B00F2E740420F00186F00202F
:101BE0001C6F00200122014B1A707047017D0020FC
:101BF000014B002019607047346F00200148FFF747
:101C0000AFBF00BF181F040010B5064B0C46186884
:101C1000FFF782FA2146BDE8104003460F22024832
:101C2000184700BF346F0020181F04000122F8B5C8
:101C3000084B094D094E1A70D5E900470CB92C60C4
:101C4000F8BD214630463A4600F01EF8241A0644F4
:101C5000F4E700BF027D0020286F0020037D0020F4
:101C600010B9074B18707047064B1B781BB141F237
:101C700088302CF0A0BA9D20002114F0C3BE00BF14
:101C8000017D0020027D00202DE9F04780460E46B0
:101C90000424DFF878901C4F99F80050A5B92CF077
:101CA0007DFA324682464146284611F031FC05460F
:101CB00050462CF07BFAE5B101233B7099F80030D7
:101CC00073B93046BDE8F08732464146002011F036
:101CD0001FFC0546EFE72046651EFFF7C1FF2C46B7
:101CE000002011F059FC0028EBD03B78002BF2D1FA
:101CF000E7E73B78002BE4D0013C2046FFF7B0FF3C
:101D00003B78002BC8D1DCE7017D0020027D00205C
:101D1000014B036000207047281F040070B5104B72
:101D20000D461C68B4B10F4B196800238B4202DBCF
:101D30006FF0010070BD224612F8106B864202D08F
:101D400014460133F2E7E0682CF039FA28B100209C
:101D50002C60EFE76FF00C00ECE76FF01200E9E7A2
:101D6000D40A0020A01F040010B5436888B0029375
:101D700083680C46CDE9033200230A68C068CDE9C8
:101D80000623054901AA05932BF003F9079808B922
:101D9000059B236008B010BDC3AA03002DE9F041E4
:101DA0000C4B05461C680E4617467CB100F09AF9AC
:101DB00063682046D3F8108032463B462946C04728
:101DC000044600F099F92046BDE8F0816FF0010467
:101DD000F9E700BF386F002000230360044B5A6806
:101DE00012B9C3E90000704710605860704700BF27
:101DF0003C6F0020014B1860704700BF386F002017
:101E0000002330B585B0CDE902330546019000F0DE
:101E100069F9094B1C6844B9284600F0EBF8044600
:101E200000F06AF9204605B030BD636820461B68A3
:101E300001A998472468EEE73C6F00201FB5CDE963
:101E40000101039200F04EF9074B1C6824B900F021
:101E500053F9204604B010BD636820461B6801A9F1
:101E600098472468F2E700BF3C6F00200022024B35
:101E7000C3E90022704700BF3C6F00200022024BE4
:101E8000C3E90022FFF7F2BF446F00202DE9F743BA
:101E900007460C4609B100230B600026254DDFF8EC
:101EA000AC904D4524D924499D23244A244827F049
:101EB0004BFF244827F048FF9D21204827F03BFF97
:101EC000D5F800803846414601AA28F03CFE50B1C2
:101ED00016B954B92E4606E000224046316828F073
:101EE00032FE0028F5D11835DBE7019B2360F1E7CE
:101EF000E6D3154B1D68C5B155F8188C38464146D8
:101F000001AA183D28F01FFE50B116B954B92E464B
:101F100006E000224046316828F015FE0028F5D181
:101F2000AD69E8E7019B2360F1E7304603B0BDE807
:101F3000F08300BF68170400518F04001F8F040056
:101F40003A8004004C8D0400446F0020F817040010
:101F50002DE9F04784B002AFD7F8289004460D462B
:101F6000164698467860B9F1000F07D0D9F80010EE
:101F700031BBD9F804A0BAF1000F28D12046391D91
:101F8000FFF784FF08B3D0F80C9043463246294649
:101F90007868C847C8B16D468AB002AA124BD061B2
:101FA000C2E905344FF400731384104B42F8103F1C
:101FB00000234FF411510E48FFF754FBAD4604E0E7
:101FC0003A1D28F0C0FD0028D3D1002007E0D9F841
:101FD000083032460093294643467868D047083790
:101FE000BD46BDE8F08700BF798F04000400000102
:101FF000281704002DE9F04780464FF000470026DF
:10200000DFF8D890DFF8D8A03D462F4C4C4530D9AA
:102010002E494FF489732E4A2E4827F095FE2E48FC
:1020200027F092FE4FF48971294827F084FE2F464D
:10203000EAE7B8F1000F03D122694AB91834E5E79D
:1020400000224146206828F07EFD0028F4D1F5E703
:102050006368BB4205DDAF4209D09D42A8BF1D4663
:10206000ECE7EBD19047002E08BF0646E6E71D4699
:10207000E4E7DED3DAF8004004B3183CB8F1000F0F
:1020800003D122694AB9A469F6E7002241462068D3
:1020900028F059FD0028F4D1F5E76368BB4205DD5F
:1020A000BD4209D09D42A8BF1D46ECE7EBD1904749
:1020B000002E08BF0646E6E71D46E4E7AF42B6D16C
:1020C0003046BDE8F08700BF68170400518F040058
:1020D0001F8F04003A8004004C8D0400F8170400A0
:1020E000446F00204FF0FF324FF0FF33014812F0F1
:1020F0006FB800BFEC0E0020014812F039B900BFE4
:10210000EC0E002038B5094DFFF7ECFF2B783BB9FA
:10211000FFF7B4FE00F01EF9044610B901232B703E
:102120000024FFF7E9FF204638BD00BF137D0020E3
:102130002DE9F04F9BB004468846CDE902230029E3
:1021400000F0AF804A2140462EF042FA029B0090F8
:1021500093B3039BB3FA83F56D094FF0000A404631
:102160000099FDF783F94FF0FF36D14620F040404B
:1021700020F01F0040F00043019304F1080B019B85
:10218000584603EB4A0739464A2307AA28F074FB4E
:10219000831C13D1B6F1FF3F08BF564694F85C305C
:1021A0000AF1010A5345EADA4B451CD3002D67D0EA
:1021B00000201BB0BDE8F08F0125CEE70028F8DB3A
:1021C000002200F168036B4403F84C2C009B9842FA
:1021D00006D11A46404607A92EF0C8F9002848D073
:1021E00009F10109DAE7B9F10F0F07D92E480121EA
:1021F0002E4A28F0E8FB6FF01B00DAE784F85C90C9
:10220000002DD5D1019B43EA49070125DDE90223D1
:10221000584607F18041FEF793FD0028C9DB002DE9
:10222000C6D000230693636D002B2FDA636D47F051
:102230000105059329460823584605AAFEF780FDA7
:102240000028B6DBA36D58460593616D082305AAE7
:102250000695FEF775FD0028ABDB636D4246C4E9C9
:10226000155339465846009BFEF76AFD00EAE070B8
:102270009FE7002DCAD03946204628F0F8FC98E7A1
:10228000019F760006F01E063743BEE70221084A8A
:10229000054828F098FB204628F093FC0028C5DA72
:1022A00087E76FF0150084E7281704009E8F04006D
:1022B000BE8F04002DE9F04F00F108059BB00746E2
:1022C000894608234FF00041284607AA28F0D4FA8F
:1022D000002826DB0020089E1EB326F0010A4923B1
:1022E00007AA5146284628F0C7FA0AF1804B5946FA
:1022F0000446284628F0CDFA082380463146284671
:1023000005AA28F0B9FA00280BDB002C069E02DD96
:10231000B8F1000F08DC5146384628F0A8FC002828
:10232000DADA1BB0BDE8F08F04F168030DEB0304AB
:102330000023414604F84C3C054ACDF8009003AB1D
:1023400007A8CDE9035BFFF703FE0028C4D0E8E748
:10235000B7AB03007FB50125694628460195FFF715
:10236000DDFC044668BB284602AA01A928F0CBFB85
:10237000044610B110F10C0F23D1009B03999A6809
:10238000134DB2FBF1F2C5E908125A68DB68AA6086
:102390002B652B64C3B105F10800FEF76DFA044606
:1023A00078B985F85C00284628F00BFC044640B953
:1023B000084E28466E60FFF70FFD28466E60FFF757
:1023C00019FD204604B070BD6FF01204F9E700BF9C
:1023D00030250020840A002008B5054827F09EFC1F
:1023E000044827F09BFCBDE80840034827F096BC52
:1023F000F28F04002690040059900400034B9B6860
:102400001BB1481E18BF0120184770474C6F0020B1
:1024100010B51C46034B11461B680BB1224698476A
:10242000204610BD4C6F0020024B5B6803B118477B
:10243000704700BF4C6F002030B1044B02681A6037
:1024400042685A6082689A60002070474C6F002092
:1024500070B50E461546044686B00021182268461F
:102460002EF078F80B490C4BCDE90116ADF80C5065
:1024700004932CB96946204608F0ECFD06B070BD07
:102480000122204608F0A2FA0028F3D16FF01500CF
:10249000F4E700BF501F0400292401002DE9F84F84
:1024A00080460C4600AF002965D0D1E90012E9460C
:1024B0008AB0A3686D464FF0050A2E463748C5E935
:1024C0000723C5E9050146F810AF002332464FF453
:1024D00021513348FFF7C6F8D4E90312CD466369AA
:1024E000AD463048C5E90723C5E90501C5F810A088
:1024F000002332464FF421512948FFF7B3F8CD4667
:10250000E3690121284A264828F066FA2646002574
:102510004FF00A0ADFF8A0B0E946D6E908E0D6E9AC
:102520000A138EB06A46C2F81CE005F1010EC2E93A
:1025300008E0A81CC2E90A01E91CC2E905B5C2E924
:102540000C1342F810AF002345F240011448043543
:10255000FFF788F8102DCD4606F11006DCD1236E6A
:102560000121124A0E4828F037FAA3690121104AC6
:102570000B4828F031FAB8F1010F07D1EFF30583CA
:102580000C4A41460648103B28F026FA21464046B0
:1025900011F056F8BD46BDE8F88F00BFF590040075
:1025A000181704002491040053910400A59104001D
:1025B000B4910400E29104006291040030BFFFF77F
:1025C000FDBF00BF2DE9F04105460B4EDFF830801E
:1025D000324606EB0807CC1B204608492DF093FF36
:1025E000A01942460021083C2DF0B4FFC5F8A440D4
:1025F00007F10800BDE8F08100000000F8170400B2
:1026000008000000054B9A699B689A421FBF044A64
:10261000536843F080535360704700BFBC7500207F
:1026200000ED00E070B5344C06460D4633483449A1
:1026300028F0EDFBA36AD9064DD53048314928F082
:10264000E6FB1120A36A1A0704D52C482E4928F06E
:10265000DEFB1220284CA36A9B0712D52B49274882
:1026600028F0D5FB636BA26A110609D50121284A1F
:10267000224828F0B1F91EB1A36A23F08003A362B7
:1026800013201D4CA36ADA0704D51C48214928F001
:10269000BEFB1420A36A9B0604D518481E4928F0E7
:1026A000B6FB1520144B9A6AD60602D49A6A940790
:1026B00013D59B6AD90610D518494FF49573184A5B
:1026C000184827F041FB184827F03EFB4FF495715E
:1026D000134827F030FB1020B4E7074B9A6A9206A4
:1026E00042BF5A6A22F400525A629A6A42F0FF02CA
:1026F0009A6200232B7070BD00ED00E018170400F3
:10270000F59104000B9204003E92040051920400E3
:10271000699204007F9204009E920400FF920400DC
:10272000CD9204003A8004004993040010B5244C73
:102730002449254828F06BFBA36A99013ED522481D
:10274000224928F064FB1E20A36ADA0104D51E4842
:102750001F4928F05CFB1F20194CA36ADB0204D53B
:1027600019481C4928F053FB0220A36A1C0304D516
:102770001548194928F04BFB2120114CA36A590335
:1027800004D51148154928F042FB2220A36A9A0378
:1027900004D50D48124928F03AFB2320084CA36ABF
:1027A000DB0304D508480F4928F031FB2420A36A35
:1027B0006FEA03436FEA1343A36210BD1D20C3E712
:1027C00000ED00E0AD93040018170400C593040069
:1027D000D8930400F29304001C9404003A9404007B
:1027E0005F9404007994040070B5294C06460D46A8
:1027F0002848294928F00BFBA36AD9043CD5254871
:10280000264928F004FB1720A36A1A0504D521489D
:10281000234928F0FCFA18201D4CA36A9B0512D509
:102820001C48204928F0F3FAA36BA26A100409D5CA
:1028300001211D4A174828F0CFF81EB1A36A23F4DE
:102840000043A3621920124CA36A590504D511480C
:10285000164928F0DCFA1A20A36ADA050ED50D48CD
:10286000134928F0D4FA1B20094A936A43F47F43A2
:10287000936200232B7070BD1620C5E7A36A9B04EA
:10288000F2D504480B4928F0C2FA1C20ECE700BF3F
:1028900000ED00E018170400A4940400BA940400AA
:1028A0003E920400CB940400E4940400F9940400E4
:1028B000149504009E920400F0B59DB0754B05463A
:1028C0005868002600AFC0F3080386F31188BFF3F1
:1028D0006F8F02F07F44B4F17F4F07D102F00C04F8
:1028E000082C12D16C496D4828F091FA6C4940F2DD
:1028F00011436C4A6C4827F027FA6C4827F024FAF9
:1029000040F21141674827F016FA14074CBF0D46F4
:102910000126002DEAD00022FA71DA1E092A00F2FF
:102920009780DFE802F0058D9070959595959593C9
:102930005F495A4828F06BFA0023564CFB71E36A52
:102940009A0705D55B49554828F061FA002429E02B
:10295000E36A002B01DA5849F5E7E36A5B0062D5C8
:1029600056494E4828F053FA6369AA6943F48073C4
:102970006361BFF34F8FBFF36F8F636932F8022C2F
:1029800023F480736361BFF34F8FBFF36F8F4DF6F6
:1029900002739A4221D12B680121494A3F4828F00D
:1029A0001BF82C68FB79ABB96822294607F10800AF
:1029B0002DF0A9FD7B6A002E66D0C3F3080222B970
:1029C0006FEA53236FEA43237B62204607F1080135
:1029D000FFF764FD7437BD46F0BDA36ADBB22BB1CF
:1029E0000120F91DFFF71EFE0446DBE7A36A13F47E
:1029F0007F4F04D00120F91DFFF7F6FEF4E7A36A2C
:102A0000B3F5803F02D3FFF791FEEDE72D4940F289
:102A1000EA23244A244827F097F92B4827F094F911
:102A200040F2EA216EE7274940F2ED231D4A1E4895
:102A300027F08AF9254827F087F940F2ED2161E770
:102A40000020F91DCEE70020F91DD5E720497AE7DF
:102A5000204A6C4610F4F87F8AB01F4918BF11460F
:102A60006A46103BD3614FF400731C4813841C4B1F
:102A7000C2E9050142F8103F00234FF41151074805
:102A8000FEF7F0FDA54661E723F4FF7323F0010391
:102A90009AE700BF00ED00E05A9504001817040003
:102AA00085950400CD9204003A80040098950400B6
:102AB000D6950400ED9504000E9604001C960400C3
:102AC0003B96040039CF0400579604007B9604001F
:102AD000AB960400419504002C950400CF960400A9
:102AE00004000001064B5A6942F010025A615A690B
:102AF00042F480625A615A6922F008025A617047B2
:102B000000ED00E0EFF30880EFF3098101B57246B4
:102B1000FFF7D2FE01BD00BF002080F31488BFF391
:102B20006F8F002080F30A8880F30B880F4880F3B2
:102B300008880EF019FB00200D490860BFF34F8F85
:102B400000F02CF8402080F311880A484FF400610F
:102B5000401880F30988EFF314800221084380F3C2
:102B60001488BFF36F8F00F01FF90000903401202C
:102B700094ED00E0501B0120002318460649D1F8CF
:102B80009020C2F30722934200DB7047C1F89830CF
:102B9000C1F8A0000133F6E700ED00E010B572B611
:102BA000002484F31388FFF7E7FF23464FF0FF303C
:102BB0000C4A03F120010133102B42F82100F8D117
:102BC00000234FF0FF30074A03F160010133102B5F
:102BD00042F82100F8D162B6BFF34F8FBFF36F8F79
:102BE00010BD00BF00E100E0084B9B6883420BD1A1
:102BF000EFF3058343B1064B5A6842F080525A60A6
:102C00005A6A22F400425A6213F0A2BFBC75002037
:102C100000ED00E025498A6882F8F1E04FF03000CD
:102C20001044EFF3098C80E8F01F1EF0100F03D161
:102C300002F1B00080EC108A402080F31288BFF3CC
:102C40006F8F1B4F4FF000668A698A603E60D2F832
:102C5000A400184C206092F9F1E0D2F8A8000023FB
:102C6000C2F8A83080F311881EF0100F03D00023A3
:102C7000E1EE103A03E002F1B00090EC108AEFF3BD
:102C8000148323F0040383F31488BFF36F8F02F1DE
:102C9000300090E8F01F8CF3098802F1000004B5C1
:102CA00028F0BDF8BDE8044070470000BC75002066
:102CB00004ED00E0586F00201EF0040F0CBFEFF38E
:102CC0000880EFF30980816911F8021C0229FFD006
:102CD00001B5724628F090F801BD00BF00B200288F
:102CE00007DB01234109034A00F01F00834042F83B
:102CF0002130704700E100E000B200280CDB012227
:102D00000649430900F01F008240203341F8232088
:102D1000BFF34F8FBFF36F8F704700BF00E100E03C
:102D200038B5D30704460D4612D48B1C072B10D997
:102D30006B23114A1149124827F006F82946114819
:102D40000623224627F000F86B210B4826F0F3FFFC
:102D5000002320B20028ACBF00F160400A4A4FEACD
:102D60004313DBB2ABBF00F5614000F00F0080F809
:102D70000033135438BD00BFE296040019970400D5
:102D80003A8004003497040014ED00E0044B054A37
:102D900023F07F039360BFF34F8FBFF36F8F7047B4
:102DA0000000000000ED00E008B5FFF7EFFF104B5A
:102DB000D3F8882022F47002C3F88820D3F8882042
:102DC00042F4A002C3F888204FF04042C3F83422F6
:102DD000BFF34F8FBFF36F8F0023E1EE103A10F077
:102DE00057FD14F0ABF900F07DF810F095FD00BF31
:102DF00000ED00E042F8203C009B0D4942F81C3CED
:102E0000019B21F0010142F8183C029B42F8081C8A
:102E100042F8143C4FF0807342F8043C0023C0F8A1
:102E2000A8304FF47D43203A0265C0F8F030704777
:102E3000B9FB0000104B9B6883421AD1EFF3058069
:102E4000B8B9EFF31181402282F31288BFF36F8F7C
:102E50001A7B22F002021A73EFF3148323F00403A7
:102E600083F31488BFF36F8F81F31188BFF36F8FE3
:102E700070476FF015007047BC7500200E46154670
:102E8000002300B5E1EE103AEFF3148323F00403BE
:102E900083F31488BFF36F8FBFF36F8F0A4BD0F8A3
:102EA000A4209860094B1A60D0F8943083F30B8803
:102EB0002C4686F309880020054B984720460021C0
:102EC00000220023034C2047BC750020586F0020CF
:102ED00029AE0300B9FB00001022014B1A617047B4
:102EE00000ED00E00023402040F20F1210B5044C2A
:102EF000E1180133934281F80003F9D110BD00BFFE
:102F000000E100E008B5EFF30583064A103B02EB51
:102F1000C30152F8330049688847BDE80840FFF70D
:102F200071BB00BF040C04001FB5094C094A2346BD
:102F30000121094800F012F900230393074B0121F6
:102F4000E41A01A80193029400F02CF904B010BD1A
:102F500000E8032000000020C41F04002811002006
:102F600010B50C7A0B6804F01F0223F01F031A43FC
:102F7000CB68640923F01F03054943EA440343F087
:102F80000103C1F89800C1F89C20C1F8A03010BD21
:102F900000ED00E010B50A4BD3F89030C3F30723DF
:102FA000013B984208D901210346064A064827F00A
:102FB00013FD6FF0150010BDFFF7D2FFFBE700BF58
:102FC00000ED00E078970400F81604002DE9F04FBA
:102FD0008946144606464FF00008514D85B0C84555
:102FE00027DAD6F804A0BAF1000F44D0BAF11F0FC7
:102FF00017D91AF01F0F14D1D6F800B01BF01F0F0D
:103000000FD1584627F033FF07460AEB0B00013873
:1030100027F02DFF874210D06FF01507414A3B463D
:1030200001E04346404A0121404827F0D5FC6FF0BB
:103030001504204605B0BDE8F08F17F1160FEDD04E
:10304000BC42EBDDC5F89870D5F89C10C5F89870B7
:10305000D5F8A03021F01F0143F01F0BD6E9003254
:103060001A44994202F1FF3A1DD1D34507D13146A6
:10307000F8B227F005FF08F101080C36AFE731463A
:10308000C5F89870D5F89C3022F01F0203F01F039A
:103090001343C5F89C30E0B227F0F2FE10F1160F92
:1030A000C5D0441CE7E7C5F89870D5F8A020013BCF
:1030B00023F01F0302F01F021343D3453146E0B251
:1030C000C5F8A030E8D027F0DBFE10F1160FAED027
:1030D000C5F89870D5F89C209DF808300BF1FF3B9F
:1030E00062F304038DF80830D5F8A0309DF808206D
:1030F0005B0863F347128DF80820D6E900321344C9
:10310000009323F01F035B44A3EB0A03013023F079
:103110001F036946C0B20393FFF73CFFBEE700BF41
:1031200000ED00E0C19704009E970400F81604002B
:103130000522044BC3F89420BFF34F8FBFF36F8F6A
:10314000704700BF00ED00E0BFF35F8F0022024B2D
:10315000C3F89420704700BF00ED00E038B50C4D77
:103160000C462A78FFF732FF287016300FD14FF443
:10317000BB73084A0849094826F0E6FD214608487D
:1031800026F0E2FD4FF4BB71024826F0D4FD38BDB5
:10319000147D0020E497040039CF04003A80040035
:1031A000139804002DE9F74F314E894605464FF03C
:1031B0000008B3462F4FC84502DB03B0BDE8F08FCF
:1031C000D5F804A0BAF1000F4CD029680846019147
:1031D00027F04DFE019904460AEB0100013827F063
:1031E00046FE84424FF01402234B15D002FB08F335
:1031F0006FF015024BF803204FF4C3731F4A2049A8
:10320000204826F0A1FD49461F4826F09DFD4FF4B9
:10321000C3711A4826F08FFD14F1160F3460EBD0FD
:103220001978A142E8DD02FB08B0C7F89840C7F85A
:103230009840D7F89C4000F10801007B64F304003B
:103240000871D7F8A0000C79400860F347140C719E
:10325000D7F89C1021F01F017160D7F8A01021F061
:103260001F01316108F1010814360C35A3E700BFD6
:103270005C6F002000ED00E0147D0020E497040066
:1032800039CF04003A8004003F9804002DE9F04152
:10329000574C584ED4F890303568C3F307239D42FD
:1032A00086B013D940F2AD13534A5449544826F01E
:1032B0004BFDD4F8902029465248C2F3072226F04D
:1032C00043FD40F2AD114C4826F035FD0020FFF7DC
:1032D0003BFF4D4BC4F8C03085421AD14B4C01A87E
:1032E0002570FEF715FD002506464FF04108484FB2
:1032F000AE4215D1002023783D49D1F89020C2F389
:10330000072293426DDB0020FFF712FF06B0BDE8F5
:10331000F081716801EB0011FFF722FE0130DBE75D
:10332000019A290102EB0513D3F80CC00CEA07003F
:10333000B0F5001F27D0B0F5800F40D0B0F5801F4A
:103340004DD1586852589B68CDE902022122013BB9
:1033500020F01F010B4423F01F038DF8102005936C
:10336000207802A9FFF716FE002835DA234940F23B
:10337000D713214A224826F0E7FC264826F0E4FC31
:1033800040F2D7119FE758689B685258013B20F0E4
:103390001F010B4423F01F031CF0010FCDE90202B3
:1033A0008DF810800593DBD01B497B23124A14480B
:1033B00026F0CAFC194826F0C7FC7B2183E7586831
:1033C0009B685258013B20F01F010B44CDE90202DB
:1033D00023F01F030222C0E7237801332370013555
:1033E00086E7C1F89830C1F8A000013385E700BF37
:1033F00000ED00E0D01F0400E497040039CF040082
:103400003A8004006E980400AAFF4400147D002056
:103410000000F0FFF7980400A2980400C898040088
:10342000054C08B5054906481B23224626F08CFCAE
:103430001B21204626F07FFC3099040039CF040080
:103440003A800400F0B587B007460E4614460021C6
:10345000102268461D462DF07DF802238DF80230BB
:10346000054B2A4621466846CDE90476019325F0AE
:1034700095F907B0F0BD00BFB3AE030008B5024830
:1034800025F040F8FEE700BF5E99040008B5024B46
:103490001B689847002008BD706F0020034B044A4A
:1034A0001860937843F0020393707047706F0020A8
:1034B000D80A002008B50649064821F00701C1F1E5
:1034C000005202F57A32FCF77DF8002008BD00BFFB
:1034D0008F5A0220746F002070B541690446867AC5
:1034E0000A4D59B1437ADB0706D4342303FB065354
:1034F000DB6A1B689B689847002363613420214680
:1035000006FB0050BDE870402AF0F3BEBC0F00205F
:103510003422024B02FB0030704700BFBC0F00207A
:103520003421827A064B01FB02331A6B93F8243064
:10353000801A1B3323F00303B0FBF3F0704700BF86
:10354000BC0F002038B53424827A064B04FB0233CA
:10355000DB6AD3E901240C601568FFF7E1FF04FB87
:10356000005038BDBC0F002008B5437A4BB10C4960
:103570005A230C4A0C4826F0E7FB5A21094826F04A
:10358000DAFB43683BB109495B23064A064826F04B
:10359000DBFB5B21F2E703824369C36008BD00BF28
:1035A00088990400639904003A8004009999040002
:1035B0002DE9FF470546684617461C4603912AF049
:1035C00092FFDDE9008945B95E49EE235E4A5F4816
:1035D00026F0BAFBEE215C4818E005F11C06EFF37B
:1035E000118A402383F31288BFF36F8F304613F0A4
:1035F00079FD68B98823564A5649544826F0A4FBF9
:103600003146554826F0A0FB8821514826F093FB0F
:10361000304613F08BFD6B8C002B5CD02A8C9A42C9
:1036200039D900220023284611F05CF8044600280E
:1036300031D0304613F064FD68B940F23113444A8A
:103640004649424826F080FB3146454826F07CFB3F
:1036500040F23111D9E78AF31188BFF36F8F039DD0
:10366000002D5ED042464B4668462AF060FF34216A
:10367000A27A3C4B204601FB0233DB6A03A91B689C
:103680001E68DDE90023B0476061002839D120467B
:10369000FFF722FF30E06C8C3046631E6B8413F022
:1036A0002FFD0028C9D08AF31188BFF36F8F95F8DA
:1036B00024302A8C1B33121B2C6B23F0030302FBD8
:1036C0000344284B284AEB1A9B105343A37295F8E6
:1036D0002430E372C3E7304613F012FD0028ACD06B
:1036E0008AF31188BFF36F8F23463A46284610F0BD
:1036F000F9FF04460028B2D10024204604B0BDE8FA
:10370000F087039B9D420DD9184940F245130E4A9C
:103710000E4826F019FB164826F016FB40F245111C
:1037200059E76561012300212381039BE27A6160EF
:10373000638204F118002CF00DFF2046FFF714FF00
:10374000DBE700BFCCB50400639904003A800400B5
:10375000568904008389040098890400AE89040016
:10376000C5890400BC0F0020C54EECC4B399040009
:10377000C499040070B50C46054658B9284940F272
:103780008D13284A284826F0DFFA40F28D1125488B
:1037900026F0D1FA49B925494FF4C773214A224886
:1037A00026F0D2FA4FF4C771F1E7EFF31186402308
:1037B00083F31288BFF36F8F1D4813F093FC60B939
:1037C00088231C4A1C49184826F0BEFA18491B4891
:1037D00026F0BAFA88211748DAE7154813F0A6FC54
:1037E000002323606B689BB9C5E90044104813F0BF
:1037F00087FC80B940F231130E4A11490A4826F07D
:10380000A3FA0B490F4826F09FFA40F23111E2E784
:103810001C606C60EAE786F31188BFF36F8F70BDA0
:10382000EDA70400639904003A800400C59E0400DB
:10383000806F002056890400838904009889040061
:10384000AE890400C589040070B5044658B92349FF
:1038500023484FF4CD73234A26F076FA4FF4CD7106
:10386000204826F068FAEFF31186402383F312888C
:10387000BFF36F8F1C4813F035FC60B988231B4AD7
:103880001B49174826F060FA17491A4826F05CFAD7
:1038900088211648E5E7144813F048FC25682DB147
:1038A00062682B689542236008BF63600E4813F07E
:1038B00027FC68B940F231130C4A0F49084826F03A
:1038C00043FA09490D4826F03FFA40F23111E0E78A
:1038D00086F31188BFF36F8F284670BDEDA70400F3
:1038E0003A80040063990400806F00205689040028
:1038F0008389040098890400AE890400C589040006
:1039000070B5044698B13426104D2046037A646899
:10391000013BDBB203724BB9C3604360837A06FBA1
:1039200003539B6A7BB19847002CEED170BD0849C8
:10393000084840F2AB13084A26F006FA40F2AB11F1
:10394000054826F0F8F9FFF7C7FDEDE7BC0F0020AA
:10395000C59E04003A8004006399040008B558B974
:103960000749084840F2D513074A26F0EDF940F21E
:10397000D511054826F0DFF9027A0132027208BD3E
:10398000C59E04003A8004006399040008B503460C
:1039900058B9084908484FF40873084A26F0D4F982
:1039A0004FF40871054826F0C6F918465B68002BED
:1039B000FBD108BDC59E04003A8004006399040051
:1039C00070B50D46044658B90F4940F22B230F4AF3
:1039D0000F4826F0B9F940F22B210C4826F0ABF93C
:1039E00049B90C494FF40B73084A094826F0ACF961
:1039F0004FF40B71F1E746681EB10846FFF7C6FFAA
:103A00004660656070BD00BFBA9C04006399040005
:103A10003A800400C799040038B505460C4659B9E8
:103A20000C490D4840F237230C4A26F08DF940F23C
:103A300037210A4826F07FF920B9BDE8384008460A
:103A4000FFF78CBFFFF7A2FF2146FFF7B9FF28461B
:103A500038BD00BFC79904003A8004006399040090
:103A600008B548B90B492B230B4A0C4826F06CF9D2
:103A70002B21094826F05FF983883BB108492C23A4
:103A8000054A064826F060F92C21F2E783680B44CA
:103A9000036008BDC59E0400D49904003A80040068
:103AA000009A040008B5034600689A68821A914299
:103AB0000BD90949094840F25513094A26F044F93F
:103AC00040F25511064826F036F99A88401A1144FA
:103AD0001860998008BD00BF1F9A04003A80040056
:103AE000D499040008B5828803468A420BD209495A
:103AF000094840F2C313094A26F026F940F2C311DF
:103B0000064826F018F9521A8280006808441860A6
:103B100008BD00BF0F9A04003A800400D499040045
:103B200008B503469A8800688A420BD208490948BA
:103B300040F2CF13084A26F007F940F2CF110648A9
:103B400026F0F9F8521A01449A80196008BD00BFA6
:103B50000F9A04003A800400D4990400F8B58588CF
:103B600003680E4604465F1927F0D5F9B04209D222
:103B7000064907483E23074A26F0E6F83E21054855
:103B800026F0D9F83544A5803846F8BD439A04009C
:103B90003A800400D499040008B5234A234B1A60E4
:103BA00009F0DEFE4FF47A612148D0F82436C3F3E1
:103BB0000802C3F309434B4382F480721D498832E3
:103BC00001FB02334FF4FA215B00B3FBF1F201FB7E
:103BD00012331949B3F57A3F28BF0132C1F80429DD
:103BE000D0F820364FF47A60C3F30802C3F30943D8
:103BF000434342F21C5082F4807202F2172200FB0F
:103C000002334FF47A701B0AB3FBF0F200FB12335D
:103C1000B3F5FA7F4FF0010328BF0132C1F81C272A
:103C2000C1F80036002008BD0020A107D80C0020F4
:103C300000C0FF00F82A00800000125048B1054B78
:103C4000054A1B68B3FBF2F35843044B43F00103EE
:103C500018477047D80C002040420F00F01B0400AA
:103C600008B504482AF0ABFA00280CBF6FF0120028
:103C7000002008BD240B04000E4B402928BF402122
:103C800070B51D460C4C4618B04203F1020304D136
:103C9000002305F81130074870BD02781209A25CB4
:103CA00003F8022C10F8012B02F00F02A25C03F8BB
:103CB000012CE9E7337D0020949A040030B50378A5
:103CC0008BB0044607AD032B21D8DFE803F0021ABE
:103CD0001C1E12492846FAF793F8059563781E21B1
:103CE0000493A3780E4A0393E3780E480293237952
:103CF000019363790093A37924F024FC09480BB065
:103D000030BD0949E6E70949E4E70949E2E70A2144
:103D10002846084A24F016FCDFE700BF3D7B04007C
:103D20005F7B0400157D0020447B04004B7B040076
:103D3000557B04006DC004002DE9F341044617468D
:103D400098461F4DD5E8AF3FDA071DD538B9012198
:103D50001C4A1D4826F037FE6FF0010015E001A94E
:103D600026F015FF1949024620462CF00FFC0028CA
:103D7000F2D1D5E8AF3FC3F3C0061B0708D5022137
:103D8000134A114826F01FFE002002B0BDE8F08162
:103D9000A5F1D404072221464046B84706280AD890
:103DA00001210C4A084826F00EFE45F8D46CE67155
:103DB000C4F80360E8E70723B0FBF3F0E071E3E742
:103DC000E4080020AC9A040078160400527B04003A
:103DD000CD9A0400F19A04002DE9F04188B0DDF895
:103DE00038809C795D791E79DF7893F802C093F86A
:103DF00001E01B78B8F1000F0ED0CDE90638CDE90F
:103E000004CE1346CDE90267CDE90045084A24F007
:103E100099FB08B0BDE8F081CDE905E3CDE9037C6D
:103E20001346CDE90156034A009424F08BFBF0E7DA
:103E3000169B04003A9B040010B5FEF763F9044694
:103E400028B101210346034A034826F0C5FD204658
:103E500010BD00BF5B9B04007816040070B50446DB
:103E60001E4615468CB0A2B129B10A4602A804210B
:103E700026F07BF802A900912B462246242103A8B4
:103E8000FFF7AAFF3146109A03A8FDF787FF0CB091
:103E900070BD03462421044A03A824F053FB0028E4
:103EA000F0DA6FF01500F2E7809B040007B50B4BCA
:103EB0000B48DA79C2EBC202009200221146FFF7EA
:103EC000CDFF034638B10121064A074803B05DF82B
:103ED00004EB26F081BD03B05DF804FB1008002060
:103EE000527B0400869B04007816040030B504461B
:103EF00015468DB092B129B10A4602A8042126F0D8
:103F000034F802A900912B462246242103A8FFF78A
:103F100063FF03A826F013FE0DB030BD0346242135
:103F2000044A03A824F00EFB0028F2DA6FF0150013
:103F3000F2E700BF809B040007B5009313460A46D2
:103F400001460348FFF78AFF03B05DF804FB00BF9A
:103F500061BD04000A4601460148FFF7C7BF00BF24
:103F600061BD040007B5009313460A4601460348A5
:103F7000FFF774FF03B05DF804FB00BF5BBD0400F6
:103F800007B5009313460A4601460348FFF766FF4C
:103F900003B05DF804FB00BF37BB040007B5002287
:103FA0000346009103481146FFF758FF03B05DF840
:103FB00004FB00BF53BD040008B5024811F080F8AF
:103FC000002008BDE80A0020F8B5194DD5E8AF3F3C
:103FD00013F0010F2E4628D015F8CD3CA5F1D407DB
:103FE0008BB902F01FF8044630B10121114A124882
:103FF00026F0E9FC2046F8BDFB7923B902F022F84F
:1040000004460028F1D1D5E8AF3F5A0701D400F0AB
:1040100071FFD6E8EF3F23F40062C6E8E12F0029E4
:10402000F7D11B0501D5FFF7C7FF0024E2E700BF6A
:10403000E4080020A19B04007816040007B5009353
:1040400013460A4601460348FFF708FF03B05DF830
:1040500004FB00BFA9C204000A4601460148FFF75D
:1040600045BF00BFA9C2040030B50024094D0A4B6A
:1040700085B028460293039411F0B6F802AB2846A7
:10408000009340F638020A23044911F0C7F820468D
:1040900005B030BD90250020D49B04001005012000
:1040A0000146014811F056B990250020014601480B
:1040B0002AF093B990250020037830B5012B13D056
:1040C000022B27D07BB90A46184B03F1100453F892
:1040D000045BA34242F8045BF9D11B781370438858
:1040E0004B731B0A8B7330BD0A46104B03F110044F
:1040F00053F8045BA34242F8045BF9D11B781370B8
:104100004368C3F307224B731B0CCB731B0A8A73E0
:104110000B74E8E700F1100350F8042B984241F8C3
:10412000042BF9D103780B70DDE700BFDD9B0400A1
:1041300008B526F0CDFF12F045FA044B1B680BB111
:104140000A209847BDE8084012F0AABA846F002000
:10415000811EC9B21E2938B5044604D81A4820FA6F
:1041600001F1C9070CD419497023194A194825F0DF
:10417000EBFD194825F0E8FD7021154825F0DBFD21
:10418000164826F0A2FE0546D0B1082C1AD00CD84D
:10419000022C10D0042C15D011490E485223114A7C
:1041A00025F0D2FD52210F48E8E7102C01D0202C39
:1041B000F2D1052100E0042105F10C0026F0BFFE3C
:1041C000284638BD0221F7E7410000401D9C04004D
:1041D000EE9B04003A800400629C0400C0100020A2
:1041E00039CF0400829C040010B5044612F0EAF9AD
:1041F000024B1C60BDE8104012F052BA846F0020E0
:104200000F2810B50CD80D280CD90A4826F05DFEF1
:10421000044618B104210C3026F091FE204610BD52
:104220001328F2D009B10448F0E70220BDE810409D
:10423000FFF78EBFF41000202410002038B50B6863
:1042400005460C464BB90E490E48FA230E4A25F096
:104250007BFDFA210C4825F06EFD4A68DA600B6898
:104260004A895A820868FFF74BFB2046102200213A
:104270002CF070F92846BDE8384026F029BF00BF71
:10428000B49C04003A800400EE9B04002DE9F8433E
:1042900005460C461F4616464AB92649D623264AE5
:1042A000264825F051FDD621234825F044FD38B994
:1042B0002349D723204A214825F046FDD721F3E79B
:1042C00001F10C09484626F022FE38B91D49DB23CE
:1042D000194A1A4825F038FDDB21E5E7204626F08B
:1042E0000FFF804638B11849DD23134A134825F0E3
:1042F0002BFDDD21D8E705F10C01484626F0E9FD4C
:10430000484626F004FE012310FA86F068826B729C
:10431000314648462E82FFF7E5FBE36828467B607E
:10432000638AC4F80C807B81A4F812803C60BDE8ED
:10433000F88300BF3F9A0400EE9B04003A8004001B
:10434000C19C0400C69C0400E39C0400C3680221D5
:104350001B78024A024826F013BF00BF0B9D0400E1
:104360003816040070B5C6683378B6F80140A3B9B2
:104370000F21204603F02CF9F178054670B90C4A5C
:10438000138813B1538843B901236FEA04506FEACD
:10439000105022F81300074AD15470BD0173012157
:1043A00003F032F82846BDE8704002F0DDBF00BFE0
:1043B000C07C0020B47D002070B5C3681D78BDB9F5
:1043C000B3F801600F21304603F002F9044638B912
:1043D0003346BDE870400121064A074826F0D0BEAA
:1043E000294603F011F82046BDE8704002F0BCBF3A
:1043F00070BD00BF339D04003816040010B5C368BB
:104400000121B3F80140204603F0E2F838B9234611
:10441000BDE810400121044A044826F0B1BEBDE8C1
:10442000104002F0A1BF00BF599D040038160400DF
:1044300010B5C36801211C88204603F0C9F838B9BB
:104440002346BDE810400121034A044826F098BEE7
:10445000BDE8104002F088BF599D040038160400E2
:10446000012110B50C30FFF75BFBBDE8104003786D
:104470000121024A024826F083BE00BF7D9D040050
:1044800038160400014610B50848FFF773F90849CB
:10449000084829F0A2FF031E06DABDE810400121FA
:1044A000054A064826F06CBE10BD00BF5C0900201E
:1044B000080B0020A82600209F9D04003816040049
:1044C00010B5084C0146062294F86F0003F0E6FC94
:1044D00038B994F86F000522BDE81040024903F096
:1044E000DDBC10BD100800207A9A04000121024AA8
:1044F000024826F038BE00BFBC9D040038160400F8
:104500000B46B0B50D8A00AF04462946D868FFF7C0
:10451000B3FB8AB06A46094BC2E90750C2E90534C9
:1045200040F202439384064B4FF43251054842F85F
:10453000103F26F027FEBD46B0BD00BFD69D04004B
:10454000050000013816040070B5C5680121B5F8F2
:104550000160304603F03CF8044638B93346BDE804
:10456000704001210B4A0C4826F00ABE2B783BB95B
:10457000D5F80330C0F89530D5F80730C0F8993039
:10458000201D4FF4803126F0F0FD2046BDE870403C
:1045900002F0EABE599D040038160400B0B53C286C
:1045A000044600AF1AD101F019FF6FF080011030FE
:1045B00026F0EBFD0020FFF783FF054630B901210F
:1045C000114A124826F0CFFDBD46B0BD047300214C
:1045D00002F01AFF284602F0C7FEF5E76D468AB0E2
:1045E0006A460B4B4FF41251C2E90530094B07489C
:1045F000D36140F201331384074B42F8103F26F099
:10460000C1FDAD46E0E700BFF89D04003816040088
:10461000199E0400C6990400040000012DE9F34727
:104620000023074688461646DFF83091D9E8EF4F59
:10463000C9E8E23F002AF9D144B93B460121404A8A
:10464000404802B0BDE8F04726F09ABD2046FEF78C
:1046500067FF4FF00C0A3C4D0AFB00504388BB42F9
:1046600020D02046FEF75CFF0AFB00504388012162
:104670000093364A3B46334826F0B8F9D9E8EF3F75
:10468000C9E8E24F002AF9D1002B56D03049314811
:1046900040F6C413304A25F057FB40F6C4112E48AB
:1046A00025F049FBA64208D02046FEF75DFF328A7E
:1046B000F16804F10C0026F036FC2046FEF730FFCE
:1046C0000C2606FB00504368ABB1B8F1000F12D1C5
:1046D0002046FEF725FF012106FB00504268D2E983
:1046E0000003127A03F01F06B1405B09FAB100EB38
:1046F000830026F03AFD2046FEF712FF0C2606FB4B
:10470000005083686BB12046FEF70AFF704305F83E
:1047100000802046FEF704FF06FB0055A86810F055
:104720006DF8204602B0BDE8F047FFF7E9B8C9438D
:1047300000EB830026F029FDDDE702B0BDE8F0873D
:10474000359E040038160400886F00205D9E04002A
:10475000C49E04003A800400909E04005809002082
:1047600037B50446084602EBC3039A4202D16FF004
:104770005E0010E0114611F8085BA54211D1038AD2
:104780005178994209D908480121084A009426F035
:104790002DF96FF0150003B030BD53689847002025
:1047A000F9E70A46E1E700BF38160400C99E040095
:1047B00073B54048FFF748F80446002877D000F169
:1047C0000C05284626F093FB0228034603D0042854
:1047D00048D0394A03E0238A032B05D8374A012100
:1047E000374826F0CDFC13E004212846FFF798F95E
:1047F000FF23428806882376238AC6F30B009A4259
:10480000608309D0012100922D482E4A26F0EEF84F
:104810002046FFF775F812E00F2102F0D9FE054699
:1048200010B9638B284ADAE702F01AFF2146207696
:10483000320B284602F032FC284602F095FD234B4D
:10484000D3F84C31002B32D02149224829F0C5FD44
:10485000031E2CDA0121204A194802B0BDE870403D
:1048600026F08EBC238A012B01D81C4AB7E72846C4
:104870000221FFF755F90546007826F062FC10F09A
:1048800002060DD140F60C43154A1649164825F08C
:104890005BFA86F31188BFF36F8F0323184602DF9C
:1048A00006232146114A287826F087FCB0E702B09B
:1048B00070BD00BF5C0900209C9F0400EB9E0400BB
:1048C000381604000C9F0400309F040010080020DC
:1048D000080B0020A82600209F9D0400529F040082
:1048E000909E04006E9F04003A800400982004000B
:1048F00010B5012104460C30FFF712F92146BDE83E
:1049000010400823014A007826F057BCC820040054
:10491000F8B50121044600AF0C30FFF701F9067825
:10492000002321463046104AFFF71AFF5F3018D1A6
:10493000258AE0682946FFF79FF96C468AB06A46E7
:104940000A4BC2E90750C2E9053640F2024393849C
:10495000074B4FF43251074842F8103F26F012FC43
:10496000A546BD46F8BD00BF08210400B09F040065
:10497000050000013816040073B5C5680121B5F8BB
:104980000160304602F024FE044640B9334601215E
:104990003A4A3B4802B0BDE8704026F0F1BB2B78A4
:1049A000061D1A2B19D1C378012B4ED14FF480412B
:1049B000304626F0DAFB42040FD4D4F8883069463A
:1049C0000093D4F890302046019303F00BFE20466C
:1049D00002B0BDE8704002F0C7BC2B78ABBB40F61C
:1049E0007A41B5F80320A4F8862093B2B5F80520E3
:1049F000A4F88C20B5F80720A4F88E209A1F92B254
:104A00008A4204D902211F4A1D4826F0B9FBB4F896
:104A10008C30B3F5FA7F04D302211B4A184826F0E4
:104A2000AFFB40F67641B4F88E30A3F10A0292B2A1
:104A30008A4204D90221154A114826F0A1FB6FF4DD
:104A40008051304626F0A1FB13E0D6E8AF3FDB04EF
:104A5000F5D52B78202BF2D194F89430002BEED0A2
:104A6000013B84F894300A4A002304F1400010F01E
:104A7000F5FC204603F03AF8A9E700BF599D040071
:104A800038160400E29F04000AA0040031A00400CC
:104A90005A6202002DE9F04F83B00123D0F80C8058
:104AA000018A98F8004000AF03EB84038B4277D96A
:104AB0006D468AB06A46C2E9073105233B484FF488
:104AC0002151C2E905043A4842F8103F26F05AFB4A
:104AD000AD460C37BD46BDE8F08F4B465A46012126
:104AE000334826F04DFB013598F800309D42F0DA4E
:104AF00008EB8503B3F801900F214846B3F8036033
:104B000002F066FD04460028E7D000F1C0091EB996
:104B1000204602F029FCE6E7636983B90121254AB2
:104B2000234826F020FB244940F29D23234A2448B1
:104B300025F00AF940F29D21204825F0FCF8A169F2
:104B40001A688B422046626108BFA2617B6002F056
:104B50002DFA0FF053FE7B68C3F800A0226A82B9D9
:104B6000C4E90733D9E8AF3F013EB6B263B915498E
:104B700040F2A623114A124825F0E6F840F2A62199
:104B8000DAE713602362EDE7D9E8EF3F013BC9E8BC
:104B9000E23F002AF8D10021204602F013FAB6E7DE
:104BA0000025DFF824B0AA469EE700BF5DA0040000
:104BB00038160400A4A0040039CF0400909E04001D
:104BC0003A800400BBA0040088A00400054BD3E891
:104BD000AF2F02F00B02D3E8EF1FC3E8E02F00284D
:104BE000F9D17047E408002010B5C1E900239DF811
:104BF00008300C460B72FEF793FC0C22024B02FBB2
:104C000000335C6010BD00BF886F0020F8B502461D
:104C10000B46104826F059F90446C0B104210C3067
:104C2000FEF71EFF2046FEF77BFC0C2700260A4DF0
:104C300007FB005046802046FEF772FC07FB005041
:104C400086602046FEF76CFC07FB00556E60204630
:104C5000F8BD00BF8C100020886F002029289ABF63
:104C6000014B185C0920704782A5040070B5C36829
:104C70000F21B3F801601D78304602F0A9FC04460C
:104C800038B93346BDE870400121174A174826F06D
:104C900077BA65B12846FFF7E1FF2946024620466C
:104CA00003F01EF82046BDE8704002F05DBB867838
:104CB000012EEFD107F05CFE204626F02AFA0028EC
:104CC000E8D10520FFF7CAFF05210246204603F080
:104CD00007F83146064A054826F045FA05212046E0
:104CE00002F048FDDEE700BF339D040038160400E3
:104CF000D4A004002DE9F041C6680F21B6F8017078
:104D00003578384602F064FC044638B93B46BDE8C5
:104D1000F04101211F4A204826F032BA45B1284609
:104D2000FFF79CFF29460246204602F0D9FF08E023
:104D3000F278C37A934209D10221184A164826F024
:104D40001FFA2046BDE8F04102F00EBB8378C27224
:104D5000012B05D00020FFF781FF00210246E3E789
:104D60000AB107F005FE204626F0D3F90028F1D15C
:104D70000520FFF773FF05210246204602F0B0FF31
:104D80000121074A044826F0EEF90521204602F0E9
:104D9000F1FCD6E7339D040038160400FAA00400A5
:104DA000D4A0040070B590B06C4606460A4D0F2E94
:104DB0000FCD0FC40FCD0FC40FCD0FC495E80F005A
:104DC00084E80F009DBF10AB03EB860656F8400C3D
:104DD000024810B070BD00BF1418040029A10400DF
:104DE000034B0146D3F8700182689268104700BFF8
:104DF000100800202DE9F84300F10C060446304667
:104E000026F085F8012105463046B4F81080FEF7FB
:104E100069FE238A012B09D80121194A194826F075
:104E2000AFF92046BDE8F843FEF76ABD30460221DF
:104E3000FEF776FE0746007826F083F910F00109A8
:104E400006460DD141F236030F4A1049104824F0AE
:104E50007BFF89F31188BFF36F8F0323184602DFAE
:104E6000052321460B4A387826F0A7F9B307D8D591
:104E70006369A4F8108013FA85F5E560BDE8F8834E
:104E8000529F040038160400909E040031A10400D3
:104E90003A8004007020040038B50C4611F092FBF3
:104EA000E2681378022B1CD0042B0AD001210F4A90
:104EB0000F4826F065F92046FEF722FD6FF0150435
:104EC0000BE0507826F03DF9C207054602D5204692
:104ED000FFF790FFAB0704D4002411F0E1FB20465C
:104EE00038BD2046FFF7CEFAF6E700BF4AA104001E
:104EF000381604002DE9F84F042100AF454826F08C
:104F000034F96D4688B06A46434B4FF4E65153611D
:104F1000424B434893614FF400739383414B424C9F
:104F200042F8103F26F02EF9AD46E2793F4B404E55
:104F30002046012A88BF1E46FEF7C0FE8AB06A4698
:104F40003C4BD061C2E905363B4B4FF42351136211
:104F50003A4B334842F8103F26F014F9A346AD46C9
:104F60000125374EDFF8E880DFF8B490E3790BF1E4
:104F7000070B9D4238DB94F870506E462846FFF7C9
:104F800011FF8CB06A46B4F87210B4F87630C2E9FA
:104F900007514FF400755362DFF8B8C0294BC2E9DE
:104FA00005C015854FF4535142F8103F1C4826F0B8
:104FB000E9F8B54694F871603046FFF7F3FE8AB021
:104FC0006A46B4F874302049C2E907631F4BC2E94E
:104FD000051095844FF43351114842F8103F26F0E4
:104FE000D1F8BD46BDE8F88F5846FEF767FEEA46A1
:104FF0008AB06A4640F20133C2E90565D061138484
:105000004FF41351484642F8108F26F0BBF8013593
:10501000D546ABE7E408002062A1040074A10400B7
:105020003816040003000001100800205EA10400EF
:10503000C699040078A104000002010304000002E4
:1050400087A1040006000001D6A1040005000001AC
:105050000400000198A1040008B50848C37933B9D9
:105060000321074A074826F07EF8002008BD0821E2
:10507000D43026F07AF8FFF73DFFF6E7100800205D
:10508000FDA104003816040000487047957F040015
:10509000014810F015B800BFF80A002070B50546A9
:1050A0000C4659B94FF0FF304FF0FF31FFF7AEFD1E
:1050B000044618B96FF06805284670BD2046FEF713
:1050C0002FFA0C22184BA61802FB003330465D80E5
:1050D00025F01DFF03280BD903213046FEF7E2FC23
:1050E0000580238A0121033B8370304625F0F8FEBA
:1050F00040F635439D420FD12046FFF771FE05462D
:105100000028D9D003460121084A094826F038F87A
:105110002046FEF7F5FBCFE72146064829F0DEF8EA
:105120000025FFF7B5FFC7E7886F00202AA204001B
:105130003816040064090020F0B5C56801212F88E5
:1051400087B0BCB2204602F043FA064640B9234677
:105150000121274A274807B0BDE8F04026F010B8E3
:1051600002ACD5F80220D5F8063001946989009187
:1051700027F0C8FC48B34FF0FF304FF0FF31FFF786
:1051800045FD054648B901211B4A1A4825F0EBFFA9
:10519000304602F0E9F807B0F0BD12210C30FEF7FE
:1051A000DDFC0346224623F8027B06AF144603CCFF
:1051B000BC4218605960224603F10803F6D1294623
:1051C00042F21A00FFF76AFFE2E74FF0FF304FF0BC
:1051D000FF31FFF71BFD04460028D4D002210C301C
:1051E000FEF7BCFC2146078042F21B00EAE700BF45
:1051F000599D0400381604004CA2040073B5C3681E
:10520000D9789A781E8842EA0122ADF800205979AF
:105210001A79B4B242EA0122ADF80220D9799A791A
:10522000204642EA0122ADF804201A7A5B7A012175
:1052300042EA0323ADF8063002F0CAF9054658B930
:1052400001211D4823461D4A25F09AFF02212046D0
:1052500025F0EFFF02B070BD694602F0A5FC38B939
:105260001E21204625F0E5FF284602F07DF8F1E7F3
:105270004FF0FF304FF0FF31FFF7C8FC0446002825
:10528000F2D00E210C30FEF769FC00230680C0F836
:105290000A30BDF8003021464380BDF802308380DB
:1052A000BDF80430C380BDF80630038142F220000F
:1052B000FFF7F4FED8E700BF38160400599D04003C
:1052C00038B502460B462B4DD5F8541109B90020CC
:1052D00038BD05F598700FF015FB0028F7D10022B6
:1052E000002305F5AA700FF0FDF9044668B940F6F1
:1052F0001B43214A2149224824F026FD84F31188CA
:10530000BFF36F8F0323184602DFD5F848315BB136
:1053100001211C4A1C4825F026FFD5F84801FEF75C
:10532000EFFA0023C5F848312046FEF717FBC5F811
:1053300048012046FFF754FD0346C8B10121134A36
:10534000114825F01DFF12480FF058FA2046FEF7CD
:10535000E7F80C220F4B02FB0033588818B12246A5
:105360001F21FFF75BF92046FEF7CAFAFFF790FE10
:105370000120ADE710080020909E0400C59E0400A7
:105380003A80040063A20400381604002AA2040034
:1053900040090020886F00202DE9F04F87B00646B5
:1053A00090460C4600AF71B94FF0FF304FF0FF311F
:1053B000FFF72CFC0446C0B96FF0680528461C377F
:1053C000BD46BDE8F08F887AFEF7A2F8504B8342C5
:1053D0000BD05049504840F2C513504A24F0B4FC59
:1053E00040F2C5114D4824F0A6FC012200213846A8
:1053F00028F08DFF2046FEF793F80C23DFF854B118
:1054000003FB00B087602046FEF7A8FA014630464D
:10541000FFF744FE054618B12046FEF771FACDE7C6
:105420002BF0A2FA3E4B1A583E4B9A421DD13E48F1
:1054300028F069FF002182463C48FFF741FF814682
:1054400088B94FF4F973354A3949334824F07CFC64
:105450003146384824F078FC89F31188BFF36F8F08
:105460000323184602DF5445E1D1002338462F4A72
:105470000FF048FA814698B14FF4FC73274A2E4941
:10548000254824F061FC4A4631462C4824F05CFC57
:10549000002383F31188BFF36F8F0323184602DFC5
:1054A0002046FEF73DF80C2358431BF80090B9F155
:1054B000000F23D06D468AB06A46214BC2F81C907B
:1054C000C2E905361F4B4FF43251136240F20243DA
:1054D00093841D4B1D4842F8103FA9F1090925F09E
:1054E00051FE2046AD465FFA89F9FEF709FAB9F197
:1054F000090F09D8164B13F909505FE7B8F1000FEF
:105500008AD0C8F8004059E76FF0040556E700BF9D
:105510008C10002039CF04003A800400909E0400D3
:1055200008000000D83D002064090020B4C4040035
:105530007EA2040086A2040043BF0400A6A20400C9
:10554000EBA20400C699040005000001381604000F
:1055500078A50400886F0020F7B5144B054693F931
:105560009B300C46002B1DDA14B9204603B0F0BD69
:10557000082C4FF0000142F2180001AA264628BF6D
:105580000826FFF709FF0028F0D1019F3246F9688D
:10559000284601312AF0B7FF3846FEF7B1F9354405
:1055A000A41BE1E76FF08500E0E700BF10080020D2
:1055B00073B506460D4642F22F00002101AAFFF7FF
:1055C000EBFE044638B10121144A154825F0CBFD05
:1055D000204602B070BD0198C368B3F80120328044
:1055E000B3F803302B80FEF78BF93388A3F11B024D
:1055F000E02A04D902210B4A094825F0C1FD44F2F2
:1056000048112B88A3F5A47292B28A42E0D90221F4
:10561000054A034825F0B4FDDAE700BF0AA30400F9
:10562000381604002AA304004FA3040010B5F8F7AD
:1056300047FD034B1B6813B1BDE81040184710BD70
:10564000AC6F002073B52D4D0646D5F8700128F0DB
:10565000B6FD48B901212A4A2A4825F084FD6FF099
:105660001204204602B070BD6FF0020105F1D400B3
:1056700025F08BFD012125F078FDC3073AD4FEF714
:10568000DBFB04460028ECD11F4B1E60012205F510
:105690009870114628F03BFE05F5AA7028F011FE1F
:1056A0001A480FF0A1FD6FF0070340F69802184961
:1056B000164800940FF0B2FD1649144810F006F990
:1056C000D5F87001144983681B689847044630B1C7
:1056D00003460121114A0B4825F052FDC1E726B9C6
:1056E00002B0BDE87040F8F7EBBC05F1C4000FF064
:1056F000E7FCB6E76FF07704B3E700BF10080020BF
:10570000D3A4040038160400AC6F0020A8260020A3
:10571000480D0120EBA40400994E0100F4A40400FC
:105720002DE9F04F85B00478054600AF5CB16D49B6
:105730006D4840F27E536D4A24F006FB40F27E51E4
:105740006A4824F0F8FA6A4AB0F80190118849F4DE
:105750007043994246D05188994245D10123002196
:1057600022F81310634A12F8038000F0E9FAEB788C
:105770002E1D012B08BF604B304608BF93F86F40C9
:1057800025F0A2FC314688B34FF0010A07F108006A
:1057900025F08FFCD5F81130C7F80130B5F8153079
:1057A000A7F80530EB78012B33D03046FEF786FAA8
:1057B0006C4688B06A46514B4FF4E251C2E905305D
:1057C0004FF4007393834E4B4E4842F8103F25F040
:1057D000D9FC1321A546484625F047FD1437BD46A0
:1057E000BDE8F08F2346BAE7A046BEE7204625F085
:1057F00089FE0346006895F804A0B8609A889B79F2
:105800006868BA81BB73B288B3793860BA80BB71FB
:10581000C8E707F10800FEF753FEEB780446012BBA
:105820000AD100F0DBFD83466FF08001103025F0D7
:10583000ACFC584625F083FF002CB6D02346B5F8C3
:10584000012023F8702BBA7BB868B98920679A7158
:1058500000229980B5F81730A4F88630B5F81930D1
:10586000A4F88C30B5F81B30A4F88E30EB78227396
:10587000012BE37022D187F800A0BA88BB79386881
:10588000A4F87B2084F87D30C4F8770000F0A6FDF2
:10589000237A194AC3EBC3039918D358C4F87E304E
:1058A0008B88A4F882308B7984F88430D2E938135D
:1058B00003F03F03194301D000F054FF07212046B5
:1058C00001F0A2FDB8F1000F05D00121204684F8B7
:1058D0000C8001F099FD204601F03CFF204601F0CC
:1058E00043FD7BE710A504003A800400909E04006D
:1058F000C07C0020B47D00201008002024A50400F6
:10590000030000013816040000B5C36889B0187898
:1059100020B109B05DF804EBFEF740BEB3F80120FA
:105920008DF80000ADF80120DA788DF80320B3F887
:105930000B20ADF81720B3F80D20ADF81920B3F8FF
:105940000F20ADF81B205A7C8DF81D20586801905F
:105950001A899B7AADF808208DF80A30084B684602
:105960001A689B88CDF80B20ADF80F30CDF81120C8
:10597000ADF81530FFF7D4FE09B05DF804FB00BFA9
:105980008E9A040038B5042104460C30FEF7C8F89E
:10599000034640885D7818B122461978FEF73EFE2E
:1059A00035B104480EF02AFFBDE83840FFF770BB60
:1059B00038BD00BF40090020B0B50446032100AF48
:1059C0000C30FEF7ADF8E3680578197840F63543FA
:1059D000B0F80100984215D16C468AB06A460F4B68
:1059E0000F48C2E905310F4B4FF41251D36140F219
:1059F000013313840C4B42F8103F25F0C3FBA5463E
:105A0000BD46B0BD10B12246FEF708FE002DF7D00E
:105A100006480EF0F3FEFFF73BFBF1E740A504005C
:105A200038160400C6990400040000014009002053
:105A3000F8B506460024094DEF79E3B29F4202D83B
:105A40006FF0010007E02946304625F0A3FC07353A
:105A5000631C08B12046F8BD1C46EEE71008002084
:105A600037B504460D46B9B12846164925F092FCD3
:105A700090B929461448C4EBC404204425F094FC92
:105A8000124825F098FC430703D5FEF795FA25F058
:105A9000B2FA002003B030BD684625F0FCFA0028B9
:105AA000F8D16846FFF7C4FF0028F5DA064BC4EBCF
:105AB000C4006946184425F077FC002DE0D001466B
:105AC0002846DBE7819A040010080020E408002043
:105AD00070B51A4E0622314605462AF047FD38B306
:105AE0004FF0FF304FF0FF31FFF790F8044608B356
:105AF000062229460C3025F016FA2146002242F2F1
:105B00000500FFF749FC044648B110F10D0F04D120
:105B100002210B4A0B4825F045FC204670BD334658
:105B20002A6843F86929AA88B280012283F868208C
:105B30000024F2E76FF06804EFE700BF7908002067
:105B4000B7A604004016040038B505460C4659B9FE
:105B500020494FF47673204A204824F0F5F84FF49A
:105B600076711D4824F0E7F8086848B91C4940F2EE
:105B7000D933194A194824F0E7F840F2D931F0E74F
:105B80004DB9184940F2DA33134A144824F0DCF8CE
:105B900040F2DA31E5E7037A5A0709D512494FF4A2
:105BA00077730D4A0D4824F0CFF84FF47771D8E79A
:105BB0004B686BB90B7A13B92B7A5B0708D52A7837
:105BC00003789A4204D0294625F063FC00B1656051
:105BD00038BD00BFF4A60400C6A604003A80040045
:105BE0000CA704002FA7040047A70400064BD3E826
:105BF000EFCF4CF4806CC3E8E2CF002AF7D1037AF0
:105C000019430172704700BFE4080020F7B5002176
:105C100004460222084602F041F9064648B12046F1
:105C20000121FFF7E3FF304603B0BDE8F04001F08B
:105C30009BBB394D0146394800F0CAFB95F823312A
:105C40004BB1304625F0F7FB28B1354A02213548E3
:105C500025F0A8FB1DE095F8232195F822319A4202
:105C600021D10221304A2F4825F09CFB002242F22C
:105C700029001146FFF790FB10B12C4A0121E6E7FD
:105C800095F82331013385F82331237A43F0040357
:105C90002372012025F0CFFB0021254803B0BDE889
:105CA000F04000F095BB2246671C394612F82A0BDB
:105CB00025F084FB064608B11E4ADFE795F823313C
:105CC000013385F82331237A43F00403237295F8D6
:105CD000A7305B0701D4184AB8E73946684625F073
:105CE00063FB01234FF0FF304FF0FF318DF8073099
:105CF000FEF78CFF044660B1082269460C3025F09F
:105D000012F93246214642F24E00FFF745FB0028C9
:105D1000BFD00A4AB2E700BF10080020D5B4030084
:105D20007CA7040040160400A1A70400D2A7040029
:105D300069B40300F2A7040012A804003CA8040000
:105D4000084BD3E8EF2F22F48061C3E8E01F00285E
:105D5000F7D1530504D500220220034906F038BFCD
:105D6000704700BFE408002063B503001FB500239F
:105D70000190CDE9023302208DF80C1001AA0349ED
:105D800006F026FF029805B05DF804FB495B0100B0
:105D9000034610B470B10B4991F8224191F82321C8
:105DA0000CB1944209D2013281F823211A7A42F0CF
:105DB00004021A725DF8044B70475DF8044BFFF75C
:105DC00025BF00BF100800202DE9F041044660B354
:105DD000424D95F8222195F8233192B10132934238
:105DE0001CDC00210222084602F058F80646F0B1F9
:105DF00020460221FFF7FAFE3046BDE8F04101F0EF
:105E0000B3BA5BB93649374840F2D543364A23F036
:105E10009BFF40F2D541344823F08DFF013B85F8CC
:105E20002331237A23F004032372BDE8F081014675
:105E30002E4800F0CDFA304625F0FDFA064688B12E
:105E4000012103462A4A2B4824F0C6FD95F8233148
:105E500013B1012025F0EFFABDE8F04100212648FA
:105E600000F0B6BA95F8233195F822219A420CD267
:105E7000013B85F82331237A024623F004030220F4
:105E80001E49237206F0A4FEE0E74FF0FF304FF00A
:105E9000FF31FEF7BBFE04F10108074668B1072198
:105EA0000C30FDF75BFE414625F07EFA324639465E
:105EB00042F22800FFF770FA28B10121104A0D487C
:105EC00025F070FAC2E795F82331013B85F82331BC
:105ED000237A23F004032372B8E700BF10080020E0
:105EE00057A804003A800400C6A60400D5B40300F5
:105EF00070A804004016040069B4030021B4030034
:105F00009DA8040070B50446B1B9C0B11F4925F081
:105F100041FAA0B92046FFF78BFD00282FDA23783D
:105F2000012B04D1A37903F0C003C02B07D00121BA
:105F3000174A184825F036FA6FF0150070BD164D57
:105F4000EB79012B1ED005F1D40025F034FAC307FC
:105F500007D4002CF0D020460C4925F01BFA00286D
:105F6000EAD1EE792146731C3046EB71FFF778FDDC
:105F700008B93046E2E7EB79013BEB71DEE76FF001
:105F80007700DBE76FF00B00D8E700BF819A0400D1
:105F9000C2A8040040160400100800202DE9F341B7
:105FA000044640B91A4A02211A4825F0FBF900209C
:105FB00002B0BDE8F081002141F2090001AAFFF71B
:105FC000EBF9054608B1144AEDE7019E0622D6F822
:105FD0000C80124908F1010738462AF0C7FA28B1A7
:105FE000062238460E492AF0C1FA18B93046FDF7A4
:105FF00087FCDCE7D8F801303046C4F80130BB88B4
:106000002570A4F80530FDF77BFC0120D0E700BF28
:10601000F0A804004016040009A904008E9A0400A8
:10602000889A040007B56846FFF7B8FF044BD8719B
:1060300018B169460020FFF713FD03B05DF804FBBB
:1060400010080020F0B5304D89B0EC79002C53D108
:1060500095F8C26016F0010610D12C4A02212C4896
:1060600025F0A0F9EC71162600240127EB79E0B2A7
:1060700098422CD3002B3FD000203BE06A462146BB
:106080004FF60940FFF788F908B1224AE6E7DDF844
:1060900000C0DCF80C104B7823B96046FDF730FCEB
:1060A0001D4ADBE78B1C02AA01F11204174618688F
:1060B0005968083303C7A3423A46F7D118683446F3
:1060C00038609B886046BB80FDF71AFCCAE708ABC6
:1060D00006FB003353F8182C33F8143C6946CDF80E
:1060E0000120ADF805308DF80070FFF7B9FC0134E0
:1060F0000028BBD009B0F0BD0021084609B0BDE8BA
:10610000F040FFF7FFBE00BF1008002027A90400E1
:106110004016040053A9040073A904002DE9F041BE
:106120000D4617461C46064650B14BB10A0303788C
:1061300011D56D0708D501212D4A2E4825F032F9D9
:106140006FF01500BDE8F08125F0F0F90028F9D1D5
:1061500001232370F6E7E9072ED527480FB1AA06D9
:1061600008D4C3EBC302825C012A13D002B92270A7
:106170000020E7E790F8D820510635D5C3EBC302DD
:10618000825C012A06D002B92270237843F0020310
:106190002370EDE74FF00108072111FB0381014453
:1061A000304625F0BBF90028CCD184F80080002FC0
:1061B000DED0AB06DCD5E8E76A0712D50E49C3EBA3
:1061C000C3028E5C012E09D1072212FB036319441E
:1061D00025F0A4F90028B5D12670EAE7002EE8D111
:1061E000FAE725F0A3F9B3E76FF08500AAE700BF4F
:1061F0009CA9040040160400100800202DE9F74F68
:106200000C4600904FF0FF314FF0FF309246FEF702
:10621000FDFC0546002855D020210C30FDF79EFCE2
:106220002022814600212AF095F9002609F1010B70
:1062300004EBCA0A0023D4F80080626893420CD3AE
:106240000834A245F6D100222946009889F800605A
:1062500003B0BDE8F04FFFF79FB898F80120B01CDD
:1062600081181F2998F800C015D9BCF1090FC0F199
:106270001F0201D1002A0CDC0121144A144824F029
:10628000A2FB2846FDF73CFB6FF0150003B0BDE80C
:10629000F08F4FF0080CD7B2791C0BF80610711C68
:1062A000C9B20BF801C0D8F804105BFA80F0019372
:1062B00002372AF028F9019B3744FEB2013308F176
:1062C0000808BAE76FF06800E0E700BFC1A9040062
:1062D000F8150400072208B5034909302AF046F9E9
:1062E000003818BF012008BD819A0400F8B5154B8D
:1062F000067804460D4683F86F60FFF7EBFF70B930
:106300003046114901F040FD044610B96FF00B0012
:10631000F8BD052101F078F800202C60F8E704F1C1
:1063200009073946304601F081FD40B920783946E9
:1063300001F02AFD04460028E8D00621EAE76FF0C4
:106340001500E5E7100800207A9A0400F8B54568C2
:106350000646690535D4046914B115F0010330D03F
:10636000194F3078FB7983422BD9C0EBC00007224C
:10637000164938442AF0FAF8A8B115F0010306D1FD
:1063800097F87020082A02D8B2689F2A19D915F008
:10639000300F09D0ACB1EA060AD405F46035B5F582
:1063A000603018BF0120F8BDEB0601D4002CF4D1F9
:1063B000D6E902239A4204D81F2A02D9B3F5804FA6
:1063C000EBD90020EFE700BF10080020819A0400FD
:1063D00003460148184700BF2808002000487047BE
:1063E000280800202DE9F04F9A460023D1F810909C
:1063F0008DB0B9EB03060546944818BF01260592F7
:10640000079325F0CFF80C46410740F11381204651
:10641000FFF79CFF28B96FF0150B58460DB0BDE88B
:10642000F08F204625F099F880460028F3D005F13A
:106430001007384625F0B6F80206C0F3C01300F185
:10644000FC80CDE90933CDF82B30A3686068ADF846
:106450002030E3686FF48071ADF8223025F093F8B6
:106460008DF82D00794825F0A0F82378784A2B7014
:1064700082F86F302846324661680DF12503FFF738
:106480004DFE83460028C8D105F10902B9F1000F7D
:1064900018D021690868C5F8090088889080897932
:1064A0002046917125F013F962680646D0071BD487
:1064B000920503D4169B0BB9022E5DD102238DF8F1
:1064C000243023E0634B20461968C5F809109988E9
:1064D0009B799180937125F0FAF862680646D1079E
:1064E000E6D58DF8249011E012F0100F0CBF0122B8
:1064F0000422D8468DF8242022691168CDF8261090
:106500009188ADF82A1092798DF82C204FF0FF3049
:106510004FF0FF31FEF77AFB8346002800F09080B1
:106520000F2208A90C3024F0FEFC0022594642F24A
:106530000600FEF731FF002840F08580B9F1000F1A
:1065400020D06368DB072BD40121284625F0CFF843
:106550008346002866D001213F4A404824F033FAA0
:10656000079C002C3FF459AF2046002100F04CFF5F
:10657000204600F0F9FE50E70323DDF858808DF83F
:106580002430C3E7179B524600932846CDE9018685
:10659000169B059925F029F883460028D1D03CE7C1
:1065A000284607A9FFF7A2FE83460028CCD010F1A9
:1065B0000C0F7FF432AFB9F1000F7FF42EAF626899
:1065C00090073FF52AAF636883F00203C3F3400BE3
:1065D0000BF001020E21384624F0F2FF731E5A42DE
:1065E0005A410821384624F0EBFFB11E4A424A4185
:1065F0003846092124F0E4FF62680A21384602F097
:10660000010224F0DDFF42460B21384624F0D8FF7A
:1066100062680D213846C2F3800224F0D1FF4FF0AA
:10662000000BFAE6079808B100F09EFEB9F1000FE2
:10663000CED1C8E76FF00A0BEFE66FF0770BECE610
:106640006FF0680BE9E68346E7E600BFE408002048
:1066500010080020819A0400DAA90400F81504004B
:1066600073B51546069A0C46CDE900322B460A460C
:1066700001461148FFF7B6FE21460646002340F2C8
:1066800001109D4202D1304602B070BD0A8882429C
:1066900004D14A6812B11278D20702D4013308310A
:1066A000EFE7064906480EF029FE0023054A044894
:1066B0000EF05CFFE7E700BF2808002041670100FB
:1066C000400800201C4E0E0010B5194825F037F880
:1066D0006FF48041174824F068FF164824F062FFE9
:1066E00003461A06C0F3C01021D5124824F05AFF01
:1066F000430513D50E48FFF7EDFD03460E49087E0E
:1067000093B905220D4901F0C9FB044630B10021BF
:10671000017300F079FE204600F026FEBDE810402F
:106720000021034824F0E3BF06222131EBE710BD2E
:106730002808002038080020100800207A9A040059
:1067400010B5FFF7C1FF034630B1BDE8104002218C
:10675000024A034824F040B910BD00BFF5A9040067
:10676000F815040073B5334824F01CFF10F4804F73
:10677000304C38D0204624F015FF030633D4204691
:1067800024F010FF46052ED501A9A4F11000FFF753
:10679000ADFD40BBA4F11000FFF79CFD0246204672
:1067A00024F000FFC0F38031204624F0FBFE81F08E
:1067B000010145054FEA41011E4848BF41F0010172
:1067C00024F0F0FE800448BF41F004011A480DF1A6
:1067D0000303FFF7A3FC054638B101210346174A1E
:1067E000174824F0F9F802B070BD0121124824F0D6
:1067F0007EFF019E28B9304602B0BDE8704000F02F
:10680000B3BD2946304600F0FFFD6FF480410948D2
:1068100024F0CBFE0546304600F0A6FD6B04E2D521
:10682000D4E8EF3F43F48043C4E8E23F002ADAD0E3
:10683000F6E700BF380800202808002014AA04004A
:10684000F8150400884208B501F1200310D99842D8
:1068500013D20E4940F2B3230D4A0E4823F074FAC6
:106860000D4823F071FA40F2B321094823F063FA8E
:10687000EFD000F120029142EAE7013813F8012D30
:106880008B4200F8012FF9D108BD00BF83AA040094
:1068900051AA04003A800400DAAA040070B53D4B06
:1068A0009AB01822002103A8029329F053FE44F263
:1068B000010309A8099324F045FF099B6946049345
:1068C000354B02A8059328F094F9034610B3334AD8
:1068D0000121334824F080F81F25324BD3E8EF1F05
:1068E00021F00101C3E8E21F002AF7D12E4E0FF07C
:1068F00069FE3468002C46D0002D2C4D18BF0025B1
:10690000043C23680BB1284698476468002C3AD0B1
:10691000043CF6E701AB4122009809A928F03BF8B6
:10692000034608B1224AD3E7224A0DF125030DF1AF
:10693000650153F8040B8B4242F8040BF9D101AB0B
:1069400020221D49009828F006F8034608B11B4A8A
:10695000BEE700981EF0B6FF054610B1184A034680
:10696000B6E714491148FFF76DFF16491648FFF7BF
:1069700069FF164BD3E8EF1F41F01001C3E8E21F97
:10698000002AAAD0F6E70023C6E900330FF088FEFC
:106990001AB070BD12710001000002090CAB0400B6
:1069A00028160400B06F0020B86F0020167E00206B
:1069B0002AAB0400D67D0020B67D00204DAB04003C
:1069C00071AB0400F67D0020367E0020E408002034
:1069D000042330B5A7B03D22002116A8159329F055
:1069E000B9FD304B1822002107A8069329F0B2FD0B
:1069F00044F201030DA80D9324F0A4FE0D9B202268
:106A00000893294B2949099306A804AB1EF0AAFF55
:106A10000346E0B1264A0121264823F0DDFF6FF04E
:106A200004040FF0CFFD244B1D6865B100201860F1
:106A3000224BD3E8EF1F21F00201C3E8E21F002A36
:106A4000F7D144B3A8470FF02BFE27B030BD1C4B45
:106A50000DF15502194603F1400053F8044B8342EF
:106A600042F8044BF9D105AB029320230E48CDE93F
:106A7000001315AA4123049928F06DF8034608B1C4
:106A8000104AC8E704981EF01DFF04460028C8D02D
:106A90000D4A0346BFE70DA80949FFF7D3FE0DA82D
:106AA000D0E700BF1271000100000209B67D00208E
:106AB00091AB040028160400B46F0020B06F0020D2
:106AC000D67D0020C7AB0400E3AB0400402208B52C
:106AD000034929F04BFDB0FA80F0400908BD00BF22
:106AE0004BAC040010B51D4B9AB01822044600218F
:106AF00003A8029329F02EFD4FF4804309A80993BF
:106B000024F020FE099B21460493154B0DF125002E
:106B1000059304238DF82430FFF794FE04F120013F
:106B20000DF14500FFF78EFE412201AB09A902A835
:106B30001EF018FF044602A828F0D3F82CB90198DB
:106B40001EF0C0FE01201AB010BD064823460121E8
:106B5000054A23F041FF0020F5E700BF1241000184
:106B6000000002092816040000AC040010B500283B
:106B700034D01D4A136823B1043B984231D05B687E
:106B8000F9E71A4BD3E8AF1F890707D51848022148
:106B9000184A23F018FF6FF00F0010BD1468011D94
:106BA00044605068116000B95160D3E8EF2F42F0A3
:106BB0000101C3E8E01F0028F7D1D30701D5002069
:106BC000EBE70D4BD3E8EF1F21F01001C3E8E21F04
:106BD000002AF7D10948FDF769FAF0E76FF01500D0
:106BE000DBE76FF07700D8E7B86F0020B06F0020C8
:106BF0002816040024AC0400E4080020280B002020
:106C0000044BD3E8AF3F13F0100F034808BF002038
:106C1000704700BFE4080020167E002070B50546CE
:106C2000194803688B4228D0184BD3E8AF3FDA06E7
:106C300026D5036813B16FF00F0070BD144AD2E877
:106C4000AF3FDB07F7D4D2E8EF3F43F00204C2E8DE
:106C5000E64F002EF7D113F00204ECD10160294673
:106C60000C48FFF7EFFD0C4805F12001FFF7EAFDA6
:106C70000A48FDF71BFA2046DFE76FF07700DCE7F4
:106C80006FF07C00D9E700BFB46F0020E40800205B
:106C9000B06F0020D67D0020F67D0020180B00206C
:106CA00010B50446FCF73CFC044901EB00112046FA
:106CB000FDF7C4FABDE81040FEF7EAB9C06F002046
:106CC00070B50546134B1C6844B154F81C3C1C3C81
:106CD00013B12846297B9847E469F5E70E4C0F4E1F
:106CE000B44215D90E4940F26D730E4A0E4823F096
:106CF0002BF80E4823F028F840F26D71094823F074
:106D00001AF8236813B12846297B98472034E7E70F
:106D1000F7D370BD04700020B8150400D815040026
:106D2000C2AC040092AC04003A8004004C8D040014
:106D300070B5044649B90E490E484D230E4A23F05A
:106D400003F84D210C4822F0F6FF0022D1E901564C
:106D50000A48C1E9012227F0C1FA3DB13146204677
:106D60002B46BDE870406FF06D02184770BD00BF44
:106D7000DDAC04003A80040092AC0400A00F0020B7
:106D800010B50C46817801290BD00C490C4840F213
:106D9000F1330C4A22F0D8FF40F2F131094822F0D9
:106DA000CAFFA16904F118001160E26900211A60AC
:106DB000E27ABDE8104029F0CDBB00BFE0AC040092
:106DC0003A80040092AC040030B5051D04464FF42F
:106DD0008061284685B024F0D7FC400548D4284679
:106DE00024F0CDFC10F4803F224D30D095F8D930FE
:106DF000D90710D5022300211A462046009124F01D
:106E000092FA034620B101211B4A1C4824F0BAFC27
:106E1000637B072B2CD195F8D8309B0628D524F01E
:106E2000DAF928B30DF10E0103A8FEF7C1FBF8B99A
:106E30002046BDF80E20BDF80C1024F055FA03468C
:106E4000B0B101210E4A0D4824F09CFC10E095F8E9
:106E5000D8301A07CAD5204624F02BFA034620B1B1
:106E60000121084A054824F08DFC637B072BBDD027
:106E700005B030BD1008002013AD0400101604004A
:106E80002AAD0400F2AC040070B5054600220023D0
:106E900016480DF037FD38BB154B1C6834B154F85B
:106EA000143C1C3C03B19847E469F7E7114C124EBF
:106EB000B44213D9114940F27D63114A114822F0BE
:106EC00043FF114822F040FF40F27D610C4822F060
:106ED00032FFA36803B198472034E9E7F9D3284685
:106EE000BDE870400EF0ECB870BD00BF300F002060
:106EF00004700020B8150400D8150400C2AC0400CA
:106F000092AC04003A8004004C8D04002DE9F84353
:106F1000044629F029FD1F4BD3F8F8201E4B1B58BF
:106F20009A4211D140270025DFF87C80EFF31183CE
:106F300087F31288BFF36F8FE16989B983F31188F2
:106F4000BFF36F8FBDE8F8831449154840F21D1355
:106F5000144A22F0F9FE40F21D11124822F0EBFE15
:106F6000206A0A68814208BF2262E26183F31188C5
:106F7000BFF36F8FD1E901694046C1E9015527F0A0
:106F8000ADF91EB1002249462046B047FEF780F811
:106F9000CCE700BFD83D00200800000046AD04004B
:106FA0003A80040092AC0400A00F00200448B0F81E
:106FB000043100F58470002B08BF0020704700BF2B
:106FC0001008002070B5044629F0CEFC0E46164A83
:106FD00016498AB00858D2F8F810884205D12046E0
:106FE0000AB0BDE87040FFF791BF24342146104637
:106FF00027F0F3F9051E0FDA40F255130C4A0D493C
:107000000D4822F0A1FE29460C4822F09DFE40F2D8
:107010005511074822F08FFE1EB1694620460EF03A
:1070200055F80AB070BD00BFD83D00200800000030
:1070300092AC0400AF8E04003A8004008CAD0400D2
:1070400038B5002204468A4202D10024204638BDC9
:10705000012004F1C803D3E8EF5F002D04D1C3E899
:10706000EC0FBCF1000FF6D102D0D0340244EAE7B5
:10707000002CEAD0C8220021204629F06BFA04F146
:10708000400004490EF03AF9034904F124000DF0E0
:1070900037FFDBE7617F0100ABB70300F7B51646AA
:1070A0000D4601210446FFF78DFF012E27D0022E49
:1070B00054D123693BB132480121324A23F083FC89
:1070C000204624F090FB256121690B8A012B55D9BC
:1070D000CA681288043292B293424FD3A078022831
:1070E00043D0934241D9012100922548264A23F0FA
:1070F0007DFC204603B0BDE8F04024F074BB20695D
:1071000040B9224A31461E4823F05DFC204624F057
:107110006AFB01E02F8A2FB9284603B0BDE8F04092
:10712000FCF7EEBB0C3023F0F6FE87420CD9184A70
:107130003146134823F047FC00222046216901F024
:1071400025FA00232361E7E720692A8AE9680C30E1
:1071500023F0E9FE2846FCF7D3FBB5E733460121CF
:107160000C4A074824F00EFBD0E7002301222046FA
:10717000236103B0BDE8F04001F008BA03B0F0BDF0
:1071800010160400A7AD040027AE0400C4AD04002F
:10719000E2AD040009AE0400034610B590B100F161
:1071A000C802104624F0EBFAC0B1411CD2E8EF4F00
:1071B000844204D1C2E8EC1FBCF1000FF6D1F0D13B
:1071C000184610BD0649074840F2BC53064A22F053
:1071D000BBFD40F2BC51044822F0ADFD0346EFE791
:1071E00049AE04003A80040092AC040038B5012195
:1071F000044600F1BC03D3E8EF2FC3E8E51F002DE0
:10720000F9D152B9FFF7C8FF0FF0DCF9054804F1D6
:10721000B80124F0A4FA0FF043FABDE83840FDF7B6
:1072200037BF00BF3409002070B5484B5A8C32B1CB
:10723000474DD5F8244134B90024204670BD1B6861
:10724000002BF5D1F8E754F8B83903B1B83B002664
:10725000404912E01346B5F80421002A74D0D5F84D
:107260001021C2B904F1B806002BE5D0D3F8B8203C
:107270001C46002AEED0A2F1B803A342EBD1364956
:1072800040F2BB33354A364822F05EFD40F2BB3156
:10729000324822F050FD0A68002AE3D0D4F8A42036
:1072A000002ADFD0D4F8A820002ADBD0D4F8AC2004
:1072B000002AD7D0637B072B0DD12046904750B1D1
:1072C00004F1C00024F05BFA022804DC2046BDE88B
:1072D0007040FFF761BF04F1B803B34209D12149FF
:1072E0004FF476731D4A1E4822F02EFD4FF476713E
:1072F000CEE7D4F8B820FEB9D5F82811C5F8242176
:107300008B4201D1C5F82821002204F1BC03C4F846
:10731000B820D3E8EF1FC3E8E02F0028F9D12046BA
:10732000D4F8AC309847002887D0637B072B84D1F2
:107330002046FFF75BFF80E73260D5F828219342B3
:1073400008BFC5F82861DFE79368FFDE581000200A
:1073500010080020A00F002042AE040092AC0400F0
:107360003A8004004EAE040037B570B91E4940F2B1
:10737000E4531E4A1E4822F0E7FC1E4822F0E4FCBB
:1073800040F2E451194822F0D6FC8578C478C83020
:10739000D0E8EF3F5A1EC0E8E12F0029F8D101A83C
:1073A000019324F0ECF9019B002B0CDC124940F214
:1073B000F4530E4A0E4822F0C7FC104822F0C4FCD9
:1073C00040F2F451DEE701280BD10D480DF016FA1A
:1073D0000C480DF075FE012D03D1012C01D1FFF7F2
:1073E000C1F903B030BD00BF49AE040092AC040047
:1073F0003A80040069AE040088AE040090AE040038
:10740000300F0020480B0020F8B5467B04468E4222
:107410000D4600AF1BD1082E98BF624B6C4688B05A
:1074200094BF53F82630604B6A466049C2E90513A1
:107430004FF4007393835E4B42F8103F00234FF4E8
:10744000E4515C48FAF70EF9A546BD46F8BD417314
:1074500026B98378082B01D0FFF79EFE637B082BAB
:1074600000F29D8001A252F823F000BFC774010012
:10747000457501004B7401004B7401004B74010011
:107480004B7401004B740100917401004B740100B6
:10749000A378042BD9D00021474810F04DFA0023DF
:1074A000C4E90D33E378012BCFD1A378434A012BF4
:1074B00008BF032304F1400008BF84F89430002380
:1074C0000DF0CCFFC1E7A378042B03D12046FFF7D2
:1074D0004BFFBAE7082EB8D801A353F826F000BF37
:1074E000377501000575010029750100CD74010093
:1074F000CD740100CD7401002975010037750100BC
:107500003775010004F1400528460EF035F80121D9
:107510002046FFF757FD204624F065F9002200239E
:1075200028460EF023F890E7237B002BCED0204690
:10753000FFF7C6FBCAE72B46214A02211D4824F06B
:1075400021F982E7237B3E2B0FD16D4688B06A4636
:107550001C4BC2E90534032342F8103F00234FF4CB
:10756000C4511448FAF77EF8AD46174D05F58476F8
:10757000616911B9FDF78CFD67E7A2690B6891425B
:1075800008BFA36120466361FFF7D2FBB5F8043161
:10759000002B14BF304600200DF030F9E8E72B46F1
:1075A0000A4ACAE718210400AEAE0400B8AE0400CF
:1075B0000300000110160400580B00205A6202005C
:1075C000C9AE0400E0AE04001008002007AF0400BC
:1075D00070B5024605460E460A48022124F00CF911
:1075E000044610B90024204670BD83781E42FAD1AB
:1075F0002B460221044A054824F0C4F82046FFF730
:10760000B3FEEFE7C027002023AF040010160400EC
:107610002DE9F04706460F46904600254FF0D00969
:10762000DFF828A009FB05A0FFF7B6FD044620B14E
:1076300083781E4206D1FFF797FE0DB1BDE8F087B3
:107640000125EFE74146B8472046F4E7C027002070
:10765000002201200149FFF7DBBF00BF9FB70300F5
:1076600008B50C4B0C4AC31A1811D02B02FB00F0C2
:107670000ED90A4940F21A63094A0A4822F064FB0B
:10768000094822F061FB40F21A61054822F053FBE1
:10769000C0B208BDC0270020C54EECC43AAF0400FC
:1076A00092AC04003A80040003B004002DE9F843D2
:1076B00005460F4616461C469046994626F09DFE06
:1076C00058B11B491B4840F236631B4A22F03CFB71
:1076D00040F23661184822F02EFB34430DD029F0D9
:1076E00043F9164BD3F8F820154B1B589A4207D193
:1076F0000221144A144823F066F94FF00008C146ED
:10770000124942464B46002D14BF2846084623F036
:10771000DCFB044638B902210D4A0B4823F053F92B
:107720002046BDE8F883791D0C30FCF799F9F7E79E
:107730001DB004003A80040092AC0400D83D002043
:10774000080000002CB0040010160400BC0F00203C
:1077500055B0040010B5044605480DF0B1FC2046B4
:1077600000F05AFD2046BDE81040FFF7A9BA00BF5F
:10777000380B002010B5437B0446023B062B29D86A
:10778000DFE803F00B042828281E090001730021FC
:107790002046FFF739FE002010BD8378012BFAD078
:1077A00040F254730D4A0E490E4822F0CDFAA178EA
:1077B0000D4822F0C9FA40F25471084822F0BBFA91
:1077C000008823F052FD0028E6D1637B072BE2D12D
:1077D0000821DDE76FF07F00DEE700BF92AC040018
:1077E00039CF04003A8004007EB004002DE9F04F48
:1077F000002587B000AFFD607D61FFF715FD0446F1
:10780000002800F04A81437B072B12D06E4688B0D7
:107810006A46A44BC2E90530032342F8103F4FF4F7
:10782000C4512B46A048F9F71DFFB546FDF730FCC3
:1078300030E1DFF8B482D0F8A430B8F8041107F1D1
:10784000100298470546002800F02481B8F804216A
:107850003B699A4208D30146D4F8A860204607F154
:10786000140307F10C02B0473B69D7F80CA07B600A
:107870002B8AD7F814905BB98C494FF425738C4A46
:107880008C4822F061FA4FF42571894822F053FAAE
:10789000284623F035FC48B1844940F29B23844AB2
:1078A000844822F051FA40F29B21EEE7B8F8043107
:1078B0008148002B08BF0020002200230DF022F891
:1078C00060B17A4940F2AB23794A7A4822F03CFA17
:1078D0007A4822F039FA40F2AB21D6E700220023A1
:1078E00077480CF0FFFE064660B9704940F2B623B7
:1078F0006F4A704822F028FA724822F025FA40F2C6
:10790000B621C2E7C0E901A97B68B8F804B15B45BC
:107910002B7A98BFB7F804B0013B012B09D96A490B
:107920004FF43573624A634822F00EFA4FF4357112
:10793000ABE7284623F0E4FB814638B16349A32333
:107940005B4A5C4822F000FAA3219EE70146002230
:1079500000235F48FBF72CFE824658B1FBF7E0FDA1
:107960005C4B294603EB00135A465046FCF78EFC4D
:10797000054648B9584940F2DD234D4A4D4822F0AA
:10798000E3F940F2DD2180E77B68B8F8042194F840
:10799000C4B093428CBF4FF001090BF1020384F88D
:1079A000C49098BF5FFA83FB04F1C009D9E8EF2FB8
:1079B0000132C9E8E12F0029F8D104F1140331465E
:1079C00018467B6023F0CBFE94F802A0BAF1010FB9
:1079D0000DD040F20133364A3449364822F0B4F92A
:1079E000A1783E4822F0B0F940F201314DE705F1AF
:1079F0000C02042110463A60FCF754F821880BF081
:107A0000FD0341EA033303802B8A3A68043B438039
:107A10000221104623F064FA2846FDF7E1F9002818
:107A20003FF404AF3860D9E8EF2F013AC9E8E12FFD
:107A30000029F8D13146786823F0BAFE3B685146F8
:107A4000274A194823F09EFE2846FBF759FF204697
:107A50003146FFF76DF9B8F804311748002B08BF1D
:107A600000200CF0CBFE6D4688B06A461D4B53617A
:107A70006FF00403C2E90634042342F8103F4FF4C8
:107A8000015109480023F9F7EDFD1321AD462046C9
:107A9000FFF770FE2046FFF767FC1C37BD46BDE8C8
:107AA000F08F00BF95B004001016040039CF040019
:107AB00092AC04003A80040018090020ACB0040025
:107AC000A00F0020C1B00400D1B00400F9B0040040
:107AD00058100020C06F002013B1040027B104002B
:107AE0002AA2040044B1040010080020F8B5031DC8
:107AF0000446184623F043FE820415D5B4F88620C8
:107B0000B4F8881091420FD8B4F88A1091420BD380
:107B1000D4E92312914207D1D3E8EF1F21F4005199
:107B2000C3E8E21F002AF7D1184B1D686DB155F864
:107B30000C6C1C3D3EB12046B4F88E30B4F88C205D
:107B4000B4F88610B047ED69F0E7114D114FBD4212
:107B50001AD911494FF4F763104A114822F0F4F88A
:107B6000104822F0F1F84FF4F7610C4822F0E3F8E6
:107B70002E693EB12046B4F88E30B4F88C20B4F8AB
:107B80008610B0472035E2E7F2D3F8BD047000203C
:107B9000B8150400D8150400C2AC040092AC04006F
:107BA0003A8004004C8D04002DE9F0410746084658
:107BB0000D4623F012FB064618B900263046BDE8F4
:107BC000F0811C4B1C6884B154F8103C1C3C0BB970
:107BD000E469F8E72946384698470028EDD028465A
:107BE00023F0FBFA0028F3D1E7E7134CDFF85C80C1
:107BF000444518D911494FF40063114A114822F045
:107C0000A3F8114822F0A0F84FF400610C4822F0CC
:107C100092F82946384698470028CED0284623F0C7
:107C2000DCFA20B9C9E7C9D2E368002BF1D12034CE
:107C3000DEE700BF04700020B8150400C2AC0400E9
:107C400092AC04003A8004004C8D0400D815040066
:107C50002DE9F041C37804468BB900F17E06194B3B
:107C60001D687DB11C3D04F170076B691BB13A467C
:107C7000314620469847ED6925B11C3DF5E700F1F6
:107C80007706ECE7104D114F04F17008BD4216D98C
:107C90000F4940F688130F4A0F4822F055F80F4855
:107CA00022F052F840F688110A4822F044F86B6935
:107CB0001BB142463146204698472035E6E7F6D3C9
:107CC000BDE8F08104700020B8150400D815040048
:107CD000C2AC040092AC04003A8004004C8D040055
:107CE000F8B5437A05468372164623F0F3FE154B2A
:107CF0001C684CB154F8043C1C3C1BB1324628466D
:107D0000697A9847E469F4E70F4C104FBC4216D9E2
:107D10000F4940F6FE130F4A0F4822F015F80F489E
:107D200022F012F840F6FE110A4822F004F8A36986
:107D30001BB132462846697A98472034E6E7F6D3E5
:107D4000F8BD00BF04700020B8150400D815040069
:107D5000C2AC040092AC04003A8004004C8D0400D4
:107D600008B5084B00F11C011A6822B9054823F038
:107D7000F6FC104608BD914201D01268F5E76FF09D
:107D80001000F7E70470002038B505460C460F4890
:107D90000221FFF755F9C0B1057223680367A38874
:107DA000A0F87430A37980F876300123437283728F
:107DB0008370074BC0F8A430064BC0F8A830064BC0
:107DC000C0F8AC30054BC0F8883038BDC027002063
:107DD00071830100816D010073B703001800280052
:107DE0002DE9F04106460F464FF000080E4D28469B
:107DF000FFF7D2F9044620B18378012B0CD0FFF7AE
:107E0000B3FAD035B8F1000F03D000242046BDE806
:107E1000F0814FF00108EAE73A46314623F025FDAC
:107E20000028F3D12046EAE7C0270020B0B500AF14
:107E30000D46FFF7D5FF044610B32846FBF73EFF7B
:107E4000637B6D46082B98BF0E4A8AB094BF52F8E8
:107E500023300D4B6A46C2E907030C4B0C495362B1
:107E60000C4BC2E9051442F8103F00234FF4425175
:107E70000948F9F7F7FB2046AD46FFF775FA0120F0
:107E8000BD46B0BD18210400AEAE040001030204DB
:107E900067B1040005000002101604002DE9F04748
:107EA00005460E46904600274FF0D009DFF844A063
:107EB00009FB07A0FFF770F9044620B18378012B76
:107EC00006D0FFF751FA0FB100240FE00127EFE7CA
:107ED00036B13246294623F0C8FC08B92046F0E7FF
:107EE000637B4345FAD1237AAB42F7D12046BDE804
:107EF000F08700BFC027002038B5044608460D466D
:107F000023F06BF938B3154B93F8D830990707D4A1
:107F1000E37873B129462046BDE8384000F062BBE3
:107F200094F895309A07F3D5201D23F028FC4304DC
:107F3000EED42946204623F003FD58B92B88A4F837
:107F400088306B88A4F88A30AB88A4F89030EB882E
:107F5000A4F8923038BD6FF01500FBE71008002040
:107F6000F7B510F8333C0446A0F140068BBB304611
:107F700023F098FD394B1D684DB155F8183C1C3D58
:107F80001BB1304614F8341C9847ED69F4E7344DC2
:107F9000344FBD4216D9344940F27E73334A3448D7
:107FA00021F0D2FE334821F0CFFE40F27E712F48FF
:107FB00021F0C1FE6B681BB1304614F8341C9847A1
:107FC0002035E6E7F6D3304603B0BDE8F040FFF7D2
:107FD000CBB910F83E3C012B3ED1A0F13C05D5E8D1
:107FE000EF3F23F40052C5E8E12F0029F7D19904AF
:107FF0001FD5A36C69460093236D30460193FFF7AC
:108000007BFF034678B9D5E8EF3F23F48053C5E8FA
:10801000E23F002AF7D14FF40061284603B0BDE8E3
:10802000F04023F0B1BB144A0221144823F0AAFB0C
:10803000F1E74FF42813124A69463046CDE9002390
:10804000FFF75AFF034628B94FF48051284623F022
:108050009BFBE0E70B4AE7E703B0F0BD04700020AC
:10806000B8150400D8150400C2AC040092AC04009A
:108070003A8004004C8D0400A0B1040010160400E6
:1080800018002800C5B104000B4B58B11A6862B93A
:1080900002693AB902685AB942684AB982683AB97B
:1080A00042692AB91860002070476FF07700704766
:1080B0006FF01500704700BF1470002008B568B15C
:1080C000094B00F10C011A6822B9074823F047FB5D
:1080D000104608BD914204D01268F5E76FF0150014
:1080E000F7E76FF07700F4E70C70002010B50C484C
:1080F00026F0E7F80B490A4826F0F0F80A49084844
:1081000026F0ECF80949064826F0E8F824F0CBF808
:1081100004F0CEFC044608B923F044FD204610BD0F
:10812000A00F0020E06F0020EC6F0020F86F00200F
:1081300008B503460121034A034822F04DFC002004
:1081400008BD00BF78B204005016040080B500AF2F
:1081500088B06A46074BC2E90530032342F8103F56
:1081600000234FF4C2510448F9F77CFA6FF00B007A
:10817000BD4680BDA0B2040050160400074B1A682B
:1081800022B19A6D0AB1FFF7E1BF0122582000FB2E
:108190000233034A00205A600B60704718700020B9
:1081A0005C21040010B50268D2F8B0305BB9164902
:1081B00040F2D223154A164821F0C6FD40F2D221E2
:1081C000124821F0B8FDD2F8B4401968A34208BFA4
:1081D000C2F8B410C2F8B01000F14C029342E6D1DC
:1081E00000225030D0E8EF3FC0E8E12F0029F9D15C
:1081F0004BB9084940F2D623044A054821F0A4FDB2
:1082000040F2D621DCE710BDF8B20400C7B204008A
:108210003A80040012B30400F7B5044600262A4D44
:108220002A4FBD424DD92A494FF4CD73294A2A48D5
:1082300021F08AFD294821F087FD4FF4CD712548B2
:1082400021F079FD20466B6801A99847002833DBAF
:10825000019B2A889A829A84A86803F11002D2E8C6
:10826000EF1FC2E8EC6FBCF1000FF8D1C3E9146650
:10827000DE649E60A16B03F10802F9B9C4E90D2226
:108280001C60D86003F1300026F01BF801984368A9
:108290001B6803B19847019B1033D3E8EF1F41F0EF
:1082A0000101C3E8E21F002AF7D101984368DB69A6
:1082B00013B100F1100198470C35B2E70A60A263D0
:1082C000DEE7BFD303B0F0BD94150400B815040079
:1082D00016B30400C7B204003A8004004C8D0400B9
:1082E00070B5044652EA03000AD028F03DFB074D62
:1082F000074ED5F8F8503058854204BF0022134687
:108300002046BDE870400431FFF7D0B9D83D0020C9
:108310000800000073B5054618462B680BB35B7B5D
:10832000072B1ED1002A14BF022301230E7A9E427E
:1083300009DD01210C4A0D48009622F057FB6FF031
:10834000150002B070BDCB7A072BF8D9C8618A61DD
:1083500005F1300025F0C2FF284623F03EFB002047
:10836000EFE76FF07F00ECE73DB304005016040028
:108370002DE9F04780460E469146D0F8B04000AF58
:108380004CB14C3C236B6BB104F1300A504625F0E4
:10839000BAFF054658B9FCF77BFE00252846BD46C6
:1083A000BDE8F0872046FFF7FDFEE46CE8E798F8AB
:1083B0000D30072B0BD03C4940F2B3333B4A3C48CD
:1083C00021F0C2FC40F2B331384821F0B4FC22F075
:1083D00097FE80B16C4688B06A46364BC2E90535D7
:1083E000032342F8103F00234FF4C2513248F9F7FB
:1083F00039F9A546D1E72846FBF7B0FA636D054683
:10840000B3B9A38CB0F81080403B9BB23F2B03D88C
:10841000238D984528BF9846042105F10C00FBF7F1
:1084200041FBA0F80080A38C438008F1040363653E
:10843000636D2A8AB3420ED8934215D0A38C403B79
:108440009BB23F2B2CD92046FFF7ACFE236B13B118
:10845000204623F0C2FA636D9E422CBF00269E1B6D
:10846000C9F80030666599E70022002350460CF0F9
:1084700039F9854209D0114940F2E5330B4A0C48DD
:1084800021F062FC40F2E5319EE7FBF739FAA38C5C
:10849000A3F140023F2AD6D8094AAA61EB61D2E78C
:1084A00000221346F9E700BF5DB30400C7B2040021
:1084B0003A8004007EB304005016040096B3040012
:1084C00057BB030073B50D460646042105F10C00A9
:1084D000FBF726FB2B8A428804469A4207D000927B
:1084E0001C4A01211C4822F081FA02B070BD437879
:1084F0003BB90121194A184802B0BDE8704022F08A
:1085000062BA0378012BF0D0132B06D1022AECD0EB
:10851000022300931346124AE3E70221114A0E4850
:1085200022F05AFA617802220120356823F0EFFA2E
:1085300004460028D9D002210C30FBF70FFB0023A2
:10854000214603704370284602B0BDE8704023F016
:108550000FBB00BFA6B3040050160400C7B304004D
:10856000E8B3040013B4040008B50B8A032B06D843
:108570000121044A044822F026FA002008BDFFF732
:10858000A1FFFAE73BB404005016040038B50B8A8B
:108590000546032B0C4609D801210F4A0F4822F04B
:1085A00012FA2046BDE83840FBF7AAB9042104F1CD
:1085B0000C00FBF7B5FA4188284623F0EAFA30B9F7
:1085C000074A0B460548022122F006FAE9E743680C
:1085D00021465B699847E4E759B40400501604004B
:1085E00076B4040070B5124B0C461978054601317B
:1085F000C9B2012938BF012108221220197023F0C5
:1086000086FA064688B108210C30FBF7A7FA2288C3
:108610003146028062884280A2888280E288C280DD
:108620002846BDE8704023F0A3BA6FF00B0070BD80
:10863000567E002023281FD81A2804D8431E182B42
:108640000ED906207047A0F11B03082B1ED8DFE8C7
:1086500003F0051D1B231D19251D05000320704770
:1086600001230F4A83401A40C2B90E4A1A40002A19
:1086700014BF01200620704700F07F03522B05D164
:1086800000207047012070470520704710F0400F10
:108690000CBF06200020704704207047022070475E
:1086A000AAAA8A0254554501011F01480BF0D0BA0D
:1086B000C00D002010B5044600F15803D3E8EF1FA9
:1086C00041F00101C3E8E21F002AF7D1201F23F087
:1086D00028FB04F17C0004490CF010FE2068BDE882
:1086E000104002F0F3BD00BFF197010070B50378B0
:1086F0008AB004460E4607AD032B20D8DFE803F00E
:1087000002191B1D11492846F5F77AFB0595637878
:108710001E210493A37830460393E3780C4A029316
:108720002379019363790093A3791FF00BFF0AB0BB
:1087300070BD0849E7E70849E5E70849E3E70A218A
:108740002846074A1FF0FEFEE0E700BF3D7B04001D
:108750005F7B0400447B04004B7B0400557B0400DA
:108760006DC004002DE9FF414FF000084FF4205385
:1087700005460E46006802A9144617688DF8088061
:10878000ADF80A3022F039FCA0B142F601032868A6
:1087900003A98DF80C80ADF80E3022F02EFC48B104
:1087A00023691BB15A88B24200D25E80012004B016
:1087B000BDE8F0816168286822F01FFC10B1002339
:1087C0002361F3E7E368A0681A786AB1B7F81AC0C2
:1087D000798D038A8C4594BFC3EB0C03C3EB010373
:1087E000934201DA0020E2E704210C30FBF7B6F9EE
:1087F00020610680236929465E80074B019400931F
:1088000038460023A26823F0CFFA0028EADB20696B
:10881000003818BF0120CAE789BD03002DE9F041E7
:1088200082B000AF044688460022002339463B4808
:108830000BF082F90546B0B16D4688B06A46384BF8
:10884000C2E90534032342F8103F00234FF4C2511C
:108850003448F8F707FFAD466FF00B06304608378F
:10886000BD46BDE8F08128F07FF82F4B3E681A58CE
:108870002E4B29461A60301D2C2227F06BFE3460E7
:108880003C6800220023C4E90155C4E90A55284880
:10889000391D7D600BF050F9064688B123686C469F
:1088A00088B06A462349C2E90513032342F8103F02
:1088B0004FF4C4512B461B48F8F7D4FEA546CBE72E
:1088C0007B680146B822184627F044FE1A4A8260A7
:1088D000643025F0F6FC7B685C33D3E8EF2FC3E807
:1088E000E16F0029F9D17B681C60A36A7D681BB920
:1088F00004F10C0025F0E5FCA26A05F1B003C5F80F
:10890000B020E26AA36202B9E36217227B685A854B
:108910005A830433C8F80030A0E700BFA00D002040
:10892000ABB4040000160400080000001071002021
:10893000C00D0020D0B40400680B00202DE9F743DF
:108940001768054688460068516814467E6822F01C
:1089500054FB8146002842D130469522294623F017
:1089600021FF0646207540B1E3681B780BB184F8FF
:108970001490002003B0BDE8F083A068FBF706F870
:1089800002210C30FBF7EAF8164B2061A0F80080BA
:1089900000930194334629463846A26823F004FA2E
:1089A000002807DA10F1FF0F32BF0E204042C0B29C
:1089B0002075DEE72369002BDBD0A06823F0FDF8EB
:1089C0007B8B7A8D9A4294BFC0EB0200C0EB030010
:1089D000E3681B78984294BF00200120CAE7012079
:1089E000C8E700BFCBBB03002DE9F04F42F60103FF
:1089F000002591B0166880460F4600680BA9D6F88E
:108A0000049014468DF82C50ADF82E3022F0F5FA73
:108A1000002870D04FF42053D8F800000BA98DF82F
:108A20002C50ADF82E3022F0E8FA38B1A3681BB113
:108A30005A88BA4200D25F8001200EE06168084681
:108A400023F0BBF8728D738B9A4294BFC0EB020087
:108A5000C0EB0300032803D8002011B0BDE8F08F5D
:108A60000846FAF793FF0546606823F0A6F8728B74
:108A7000738D05F10C0B9A4294BFC0EB020AC0EB58
:108A8000030A584622F047FA824537D2606823F03D
:108A900094F8728D738B9A4294BFC0EB0200C0EBC6
:108AA000030070B96368987AFAF732FD0022002358
:108AB00022F00BFA05460028CED001466068FAF78E
:108AC000ABFF00230093D8F80460102341464846CA
:108AD00002AAB047061E0EDB227CE068B2422BD011
:108AE00001460BA822F0B7FA60B9237C144A022190
:108AF000144821F071FF0023A3609DE7584622F03F
:108B00000AFACEE7F2B202A906A822F0A4FA10B936
:108B10000D4A3346EBE706A90BA822F06EFA0028AF
:108B2000E9D100230421637405F10C00FBF716F86A
:108B3000A0600780A3687EE702A927F017FDEEE793
:108B4000F5B404000016040014B5040008B5437B16
:108B5000072B06D002210C4A0C4823F048F80020CD
:108B600008BD042123F015F810B9094A0121F3E7E3
:108B700000F15803D3E8AF3FDB0701D4054AF5E71E
:108B800050F8040CECE700BF33B5040000160400F5
:108B900041B504005CB5040010B50446807AFAF7CC
:108BA000B7FC0B4B83420BD00A490B484FF493732D
:108BB0000A4A21F0C9F84FF49371084821F0BBF834
:108BC0002046FAF7ADFC1822054B02FB003010BD21
:108BD000F00F0020A5B504003A80040076B504002B
:108BE000C87000202DE9F047074608460C46FFF7FD
:108BF000D3FFE3680646D0F8089007F15C02D2E89C
:108C0000AF2FD20709D40121284A294822F0EFFFCB
:108C10006FF015052846BDE8F087228A5AB9254924
:108C200025484FF4B973254A21F08EF84FF4B971F5
:108C3000224821F080F8E268127802710022026076
:108C40001B78D22B0FD13B682146186823F0CCFF4C
:108C5000054640B101211A4A154822F0C8FF2046B6
:108C6000FAF74EFED6E704F10C0022F050F900238B
:108C7000B4F810A080461A462146B760381DFFF7A9
:108C800049FB05460028C5D010F1690F04D1012128
:108C90000C4A074822F0ABFF6369A4F810A013FA4E
:108CA00088F3E360C6F808903560B3E75CB504006C
:108CB00000160400D1B504003A80040076B5040023
:108CC000F7B504000AB604002DE9F14F0446FFF79A
:108CD00063FF0021D0E902561822D0F800A090F8D6
:108CE0000490C788D0F8108027F034FCA07AFAF7F7
:108CF0000FFC6169834651B1637AD80705D4DBF86C
:108D00002C3020461B689B689847002363612146EE
:108D1000584625F0EEFAB9F1000F47D0002D45D0A6
:108D20002B68002B42D01B68002B3FD0BAF1000FFC
:108D300008D0012153462C4A2C4801B0BDE8F04F21
:108D400021F04ABE4846FFF775FC0446281D23F073
:108D5000E8F9052C37D80123A34013F0140925D1D5
:108D600013F0090F05F15C0219D113F0220F2AD07C
:108D7000D2E8AF3FDA0707D401211D4A1B4801B0F2
:108D8000BDE8F04F22F033BF2B6E7BB10023194AB0
:108D900005F1800001B0BDE8F04F0CF0E7BB2B6897
:108DA0001C68D2E8AF3FDB07E6D53EB901B0BDE8AD
:108DB000F08F41462046B04709F101091FFA89F3B7
:108DC000BB42F6D3F2E74FF435730B4A0B490C481C
:108DD00020F0BAFF21460B4820F0B6FF4FF4357162
:108DE000054820F0A8FF00BF2DB6040000160400BF
:108DF0005CB504001C4E0E0076B5040039CF0400AB
:108E00003A8004004CB6040073B50D46438D418B87
:108E100001328B4228BF0B469A42064609D90221ED
:108E200000921D481D4A21F0E1FD0024204602B0B9
:108E300070BD2846FFF7FEFB022812D0042810D090
:108E400027F092FD164B1958164BD3F8F8308B4289
:108E500016D0154B1B685A1A18BF4FF0FF32134635
:108E600001E00023114A00211148FFF739FA0446B6
:108E700040B901212B460F4A074821F0ADFDD4E748
:108E80000022ECE7FFF788FE0121866004F10C0068
:108E9000FAF764FE0570C9E70016040065B6040021
:108EA00008000000D83D0020107100201C4E0E006C
:108EB000F00F002078B20400F7B50B8A04460D4687
:108EC00007683BB90121294A294822F090FE002079
:108ED00003B0F0BD012105F10C00FAF721FE7B7B08
:108EE0000646072BF3D154F8043C002BEFD00022A8
:108EF00003782048043C10F8327000EBC2019F4216
:108F00000FD12A8A48788F78904222D90121009384
:108F100017481346184A21F069FD012FD7D10423C1
:108F200020E001320E2AE6D102211148134A21F035
:108F300053FD31780846FFF77DFB0028C7D0052890
:108F4000C5D00029C3D006230022204623F028F9EB
:108F5000BDE74B68204629469847012F0346B6D106
:108F60000028B4D031780029B1D0EDE78AB60400EA
:108F70000016040084210400BFB60400A5B6040056
:108F8000F0B51E4603680D460039044618BF01219E
:108F900087B01868174623F040FC40B904F15C0024
:108FA00022F0C4FF002844D0002007B0F0BD002EFE
:108FB00041D018220021684627F0CCFA47BB23682D
:108FC00031461B68304600930023ADF812300C9BED
:108FD0001A4A0393BDF834308DF80850ADF81030BC
:108FE00001238DF814306B4622F034FE9DF81430C6
:108FF000C3B1002FD8D00198FAF782FC9DF8143045
:10900000002DD1D032462946204623F0C9F8CBE7BF
:10901000002239462046FFF7F7FE01900028CED106
:109020001120C2E701990029BED0204623F0AAF8FA
:10903000BAE71220B9E70120B7E700BFF3BB03008E
:10904000F8B50F461646FFF781FDB0B1846A204699
:109050001CB150F8B04904B1B03C731C194638B18A
:10906000428D458BAA4228BF2A469A4207D264B94C
:1090700002210A4A0A4821F0AFFC0020F8BD32461E
:109080003946BDE8F840FFF7BFBED4F8B05005B18F
:10909000B03D20460B462C46E2E700BFDEB604009A
:1090A00000160400F8B5104A074600230F480D4685
:1090B00021F00BFF044638B901212B460C4A0D481C
:1090C00021F08AFC2046F8BD00F10C06092130464B
:1090D000FAF7C6FC2046FFF75FFD012187603046A6
:1090E000FAF73CFD0570EDE71C4E0E00F00F002076
:1090F00078B20400001604002DE9F0410E8A0446FF
:10910000043EF6B2022E08468CB001D0102E64D177
:1091100004210C30FAF704FD0DF108080588478892
:10912000011D3246404621F096FF002857D09DB3DE
:10913000002687B3AF422FD34FF42053404601A9F6
:109140008DF80460ADF8063021F057FF40BB1422C3
:10915000002107A827F0FEF911212046FFF7A2FF02
:109160000990002837D001210C30CDE90748FAF7E3
:10917000F5FC00230A90394603701A4A0B932846DF
:1091800007AB22F067FD0A9B1B78FBB90998FAF739
:10919000B7FB0A2301E03D4601232A4610210EE0D9
:1091A00042F60103404607A98DF81C60ADF81E3059
:1091B00021F023FF0028CAD010232A461946204652
:1091C00022F0EEFF00200CB0BDE8F08120460999A6
:1091D00022F0D8FFF6E71120F5E70420F3E70E2090
:1091E000F1E700BF658701002DE9F04303680446FD
:1091F0000D4685B00121186823F00FFB40B904F13A
:109200005C0022F093FEB0BB122005B0BDE8F083F5
:1092100010220021684627F09DF921212046FFF702
:1092200041FF029048B34FF00108DFF854900094DA
:1092300005F10C072B8A012B04D82046029922F055
:10924000A1FF18E0384621F05AFE6B464A46014617
:1092500006468DF80C8022F0FDFC9DF80C30002BAA
:10926000E8D00298FAF74CFB3246202120469DF8C0
:109270000C3022F095FF0020C7E71120C5E700BFA2
:1092800089BF03002DE9F043036804460D4685B00D
:109290000121186823F0C1FA40B904F15C0022F002
:1092A00045FEB0BB122005B0BDE8F08310220021BE
:1092B000684627F04FF90F212046FFF7F3FE029092
:1092C00048B34FF00108DFF85490009405F10C0703
:1092D0002B8A012B04D82046029922F053FF18E074
:1092E000384621F00CFE6B464A46014606468DF88C
:1092F0000C8022F0AFFC9DF80C30002BE8D00298D7
:10930000FAF7FEFA32460E2120469DF80C3022F084
:1093100047FF0020C7E71120C5E700BF43BF030098
:10932000F0B51D46036804460E4685B00121186855
:10933000174623F072FA38B904F15C0022F0F6FD0A
:1093400048BB122005B0F0BD65B31022002168466D
:1093500027F000F939462046FFF7A4FE029018B323
:10936000BDF828302946ADF80430012328468DF891
:109370000C300E4A6B46009422F06CFC9DF80C30C9
:109380005BB10298FAF7BCFA2A46314620469DF8AE
:109390000C3022F005FF0020D4E72046029922F08D
:1093A000F1FEF8E70120CDE71120CBE743BF030032
:1093B0002DE9F0410E8A0446043EF6B2022E08461C
:1093C0008CB001D0102E76D104210C30FAF7A8FB16
:1093D0000DF1040805884788011D3246404621F0FA
:1093E0003AFE002869D085B377B3BD422DD801215C
:1093F000606823F012FA064678BB42F602038DF845
:10940000000069464046ADF8023021F0F6FD20B379
:1094100042F60303404606A98DF81860ADF81A30ED
:1094200021F0EBFDC8B1012D03D14FF6FF739F4230
:1094300013D004F15C0022F079FD002814BF002055
:1094400012200CB0BDE8F0813D4601232A460821D8
:10945000204622F0A5FE0020F3E7182200210DEBA4
:10946000020027F077F809212046FFF71BFE08903D
:10947000F8B101210C30CDE90648FAF76FFB002363
:10948000099003700A2339468DF82C30284606AB24
:109490000B4A22F0DFFB9DF82C302BB10898FAF72D
:1094A0002FFA9DF82C30D1E72046089922F06AFE69
:1094B000D1E71120C5E70420C3E70E20C1E700BFB4
:1094C0003D8901002DE9F0430F460446062187B08F
:1094D00007F10C00FAF724FB0588B0F802808288B7
:1094E000D7F80C90C5B10023B8F1000F13D0454553
:1094F00012D88DF800308DF804304FF420536846B0
:1095000001A9ADF80220ADF8063021F076FD06463F
:1095100060B10A2301E0454601232A460621204680
:1095200022F03EFE002007B0BDE8F0830146142281
:1095300001A83F7C27F00EF807212046FFF7B2FD77
:109540000290D8B10A2341468DF81530284601AB68
:109550000B4ACDE9036901948DF8147022F07AFB6F
:109560009DF815302BB10298FAF7CAF99DF815301D
:10957000D3E72046029922F005FED3E71120D2E777
:10958000E98901007FB5CB6804461D885E8885B1F6
:1095900076B1B5420DD810220021684626F0DAFFD8
:1095A00005212046FFF77EFD019058B9112007E004
:1095B000354601232A460421204622F0F1FD0020F1
:1095C00004B070BD6B4631462846084A009422F02C
:1095D00041FB029B23B90198FAF792F90A23E9E7C4
:1095E0002046019922F0CEFDE9E700BF6BBC0300E5
:1095F00007B50B460021024627F0B6F901910F4945
:1096000009580F480068884204D00E48D0F8F80086
:10961000884201D10022134601A90B480AF08CFAB6
:10962000014648B9019B1C22184626F093FF0346C9
:10963000184603B05DF804FB0023F9E708000000BA
:1096400010710020D83D0020000E002010B5044607
:10965000806818B1FAF754F90023A3602146BDE8E9
:10966000104001480AF0F4BA000E00202DE9F3473B
:10967000044680300E4617461D460BF07DFF206ED7
:1096800058B918480221184A22F0B1FA204600F0D1
:109690008FF8002002B0BDE8F087144B4FF00008AF
:1096A000984205D12068C4F8608022F0F3FCF0E70E
:1096B000D0F80490C0F80480206ED0F818A0FFF70E
:1096C000C5FF2068C4F8608022F0E4FCB9F1000F07
:1096D000DFD02068CDF800A03B463246294600681E
:1096E000C847D6E700160400F9B60400147100203C
:1096F000F7B550F8044C0546002C55D000F1AC01EC
:1097000004F1280022F0F7FB2E1F05F1600700226C
:10971000002338460AF0E6FF024658BBEB6D2BB13A
:1097200001466FF067033046FFF7A0FF002345F8BE
:10973000043C05F15803D3E8EF1F21F00101C3E811
:10974000E21F002AF7D1A36A73BB04F10C060022C2
:10975000002330460AF0C6FF78B9666886B921460C
:10976000124826600AF074FA286803B0BDE8F04099
:1097700001F07ABEFAF7C4F8C9E7FAF7C1F8E6E7EC
:10978000A26833689642636008BFA36077683FB100
:10979000B3696FF067010093002320681A46B84749
:1097A0003046FFF753FFD8E703B0F0BDA00D00200F
:1097B00030B50546044655F8043B89B0186822F0D8
:1097C000B6F86946FEF792FF2846FFF791FF13218E
:1097D0006068FDF7CFFF034620B10121024A03482C
:1097E00021F0FAF809B030BD10B7040000160400EB
:1097F000B0B588B0044654F8803D00AF186822F038
:1098000096F83946FEF772FF6D4688B06A460B4BF4
:10981000C2E905374FF400739383094B42F8103FB8
:1098200000234FF4E2510748F7F71CFF2046AD46EE
:10983000FFF7BEFF2037BD46B0BD00BF2EB7040006
:10984000030000010016040070B50E4658B9214906
:1098500040F6A273204A214820F076FA40F6A27121
:109860001D4820F068FA49B91D4940F6A3731A4A09
:109870001A4820F069FA40F6A371F1E7FFF766F99C
:10988000044628B93046FAF73BF86FF07F0070BD08
:1098900000F10C052846314624F020FDA06A38B1BD
:1098A00050F8B04904B1B03C294622F021FC20B95F
:1098B0000020ECE71C466FF00100002CF8D0D4F833
:1098C000B03023B90230F5D020461C46ECE7B03B5F
:1098D000F8E700BF49AE040076B504003A80040002
:1098E000C59E040038B50C46054658B9184940F6DF
:1098F000B773184A184820F027FA40F6B771154890
:1099000020F019FA49B9154940F6B873114A1248BE
:1099100020F01AFA40F6B871F1E70CF053FE284631
:10992000FFF714F920B90CF0BBFE6FF07F0038BDD3
:109930000023236083683BB9C0E9014422F0AAFBFD
:109940000CF0AEFE0020F2E71C608460F6E700BF7A
:1099500049AE040076B504003A8004005AB704000A
:1099600008B525F0A0F838B1034601210348044AA0
:1099700022F02BFD6FF0040008BD00BF301604007C
:1099800065B7040010B51846144607491022A047D1
:10999000041E07DA23460121044A054822F015FD7A
:1099A000204610BD0024FBE7D02900207BB704002F
:1099B00030160400F8B506460F460024094D15F888
:1099C000013CB34207D12946384622F053FD10B17D
:1099D00005482044F8BD1034402C05F11005EED1A7
:1099E0000020F7E76171002060710020F8B506469D
:1099F0000F460024094D15F8013CB34204D1294615
:109A0000384622F037FD30B90C34302C05F10C0506
:109A1000F1D10020F8BD02482044FBE76129002075
:109A200060290020F8B506460F460024094D15F8B8
:109A3000013CB34207D13946284622F01BFD10B144
:109A400005482044F8BD0C34302C05F10C05EED14E
:109A50000020F7E7CD7C0020CC7C002070B5204BA7
:109A6000144682689A420FD1A568C66875B92279F2
:109A70003046216822F006FD024628B1194901301E
:109A800022F033FD15701581012070BDE0680028BB
:109A9000FBD02B888B420AD0F6D2E068A36801384D
:109AA0000433E060003818BF0120A360EDE72568AB
:109AB00022792946304622F0E5FC024660B930465C
:109AC000084922F0DFFC02460028E6D02946013092
:109AD00022F00BFD23791370A3685B881381DCE708
:109AE000ADA00100819A0400102110B50648FAF7D4
:109AF00055FA034630B1BDE810400121034A04483D
:109B000022F063BC10BD00BFC02900209CB7040038
:109B1000301604002DE9F041054600260C4CDFF814
:109B200034802746621C6DB94146104622F0A2FCE3
:109B300028B90136042E04F11004F2D1002738466A
:109B4000BDE8F0812846217821F08FFEF0E700BFC4
:109B500060710020819A040038B54A1C0C46054605
:109B600068B910460D4922F085FC30B90B4904F163
:109B70000B0022F07FFC70B10A3420460CE009781B
:109B800021F073FE0028F8D12846A17A04F10B02D7
:109B900021F06BFEEFE7002038BD00BF819A040082
:109BA0002DE9F04106460F46904621F039FB394633
:109BB00005463046FFF71AFF044695B370B91A4BB5
:109BC000184622F099FCC0B90C256543174A681C59
:109BD0003946104422F089FCAC185655012104F195
:109BE000080001FA08F122F06AFCBDE8F04147F6EE
:109BF000122200230E480BF0B9BC0134042C03F1EF
:109C00000C03DDD10B4940F2BA530B4A0B4820F04C
:109C10009BF80B4820F098F840F2BA51064820F023
:109C20008AF8BDE8F08100BF682900206029002083
:109C300090290020F2B70400C2B704003A80040063
:109C400004B804000246014610B5042311F8010BC4
:109C50000832FAF771F9034630B1BDE8104001212E
:109C6000024A034822F0B1BB10BD00BF23B8040074
:109C7000301604002DE9F04180460F4616461D4679
:109C8000FFF7D0FE044680B91549FFF7CBFE044626
:109C900030B9BDE8F0410121124A134822F02FBC2F
:109CA000394600F8018B22F020FC228963896AB9C9
:109CB00073B926816581214611F8010B21F0B0FAB4
:109CC00040B12046BDE8F041FFF7BCBF964203D348
:109CD0009D42EFD8BDE8F0819D422681EBD9E9E7AE
:109CE000819A04003FB804003016040008B5012131
:109CF000024A034822F003FC002008BD5EB80400BD
:109D00003016040038B514460E4B82680D469A4250
:109D100015D122792168C06822F0B4FB78B1D4F85B
:109D2000C8302F2B03D9BDE83840FFF7DFBF04EB65
:109D300083021581018901335181C4F8C8300120A3
:109D400038BD00BFADA0010008B502210346034A9B
:109D5000034822F03AFB6FF00D0008BDB2B80400D2
:109D60003016040008B50121034A044822F0C7FB5D
:109D70006FF0150008BD00BFDAB80400301604000B
:109D80001FB519464FF428131046064ACDE90223A1
:109D90000823BDF8182000936B4422F0D6FB05B0D1
:109DA0005DF804FB1800280070B50E4B144682685D
:109DB0009A4214D1C56821686E1C304622F05AFBC5
:109DC00018B13046616822F090FB0B3528462168B7
:109DD00022F050FB18B12846616822F086FB012072
:109DE00070BD00BFADA0010008B513468168074AE9
:109DF000914209D11A791968C06822F043FB18B161
:109E00000023036043600381012008BDADA0010071
:109E100040F23912002301480BF0A8BB582A002059
:109E200008B50421084822F04AFB6FF002010648F9
:109E300022F050FB044822F05FFBC30701D5FFF777
:109E4000E7FF002008BD00BF882A0020024608B5B1
:109E50000749013022F049FB00230C3202F8043C90
:109E6000D2E8EF1FC2E8E03F0028F9D108BD00BFEB
:109E7000819A040010B5FFF7D5FD044678B101467C
:109E800011F8010BFAF766F8034620B10121054AE3
:109E9000054822F09AFA002323606360A360002043
:109EA00010BD00BFE6B804003016040070B500F124
:109EB000700605463146007A21F0B2F90446314673
:109EC000287A54B1FFF7D6FF034660B1BDE8704071
:109ED0000121054A054822F078BAFFF7A3FD10B129
:109EE00004604460846070BD03B90400301604004F
:109EF0002DE9F04385B00E4690469946044600AFE2
:109F000058B90121344A354822F0F9FA6FF01505A5
:109F100028461437BD46BDE8F08307F1080121F05B
:109F200046F8054698B16D4688B06A462C4BC2E9A2
:109F300005344FF4007393832A4B42F8103F0023FB
:109F40004FF4E2512548F7F78DFBAD46DEE720469A
:109F5000391D20F01CFE786858B10A2229461EF0EF
:109F60001DFB034628B101211F4A1C4822F02DFA8F
:109F7000CCE7002007F10801FFF754FD044620BBA1
:109F8000002EC5D01949FFF74DFD044638B901210F
:109F9000174A124822F0B3FA6FF00B05B8E7002316
:109FA00007F1080100F8013B22F09FFA04F10801D3
:109FB00004224846C047041EAADA234601210D4A5E
:109FC000064822F002FA2546A2E7002EEED10660EE
:109FD000466086609CE700BFAC9A0400301604001F
:109FE00019B904000300000135B90400819A040086
:109FF00050B904007BB704002DE9F047284B164602
:10A00000826807469A422BD1C568AB8A43B34FF0AA
:10A0100000086C1C05F11509B4F807309BB1224605
:10A02000304614F8011C21F020FCE0B9214614F858
:10A03000010CFDF7D5FE30B1437B072B08BF4FF075
:10A040000108FDF791F90A344C45E5D1B8F1000F4C
:10A0500006D1AB69A5F8148013B14146384698473C
:10A060000120BDE8F08706F1700A5146307A21F0F0
:10A07000D7F878B90B4B9D4202D13046FFF716FF57
:10A080002046094922F031FA002304F8013CA4F8E3
:10A090000730D8E75146204622F027FAD3E700BF21
:10A0A000ADA00100D80B0020819A04002DE9F047F3
:10A0B0001F46BDF8203006468846D1F80C90002B8C
:10A0C0004ED17B1E012B4ED8012F4946157818BF63
:10A0D0001588FFF741FD0446B8B915B93846BDE803
:10A0E000F0874946FFF738FD044638B91F4802217A
:10A0F0001F4A22F004FA6FF01000F0E706F1700139
:10A10000013022F0F2F9337A2370D9F81C30DBB930
:10A11000B4F808A02581B9F81430AB4203D0494601
:10A12000404622F0EEF9AA4505D00022307A06F129
:10A130007001FFF735FD002DD0D10E49601C22F0D3
:10A14000D4F925702581C9E72A464146304698470B
:10A150000028C4DB01380128DAD96FF00D00BEE712
:10A160006FF00600BBE76FF00C00B8E73016040094
:10A1700072B90400819A040008B50121114822F047
:10A180009EF910F0010F104B0AD1104A9A610D4848
:10A1900022F0B2F9830713D4BDE80840FFF738BEB8
:10A1A0001A8B588B012A4FF6FF7205D8904207D0C0
:10A1B0004FF6FF725A83EAE790421983E7D0F7E738
:10A1C00008BD00BF882A0020382A00200100FFFFB8
:10A1D0002DE9F0411F46BDF818300646012B904688
:10A1E00035D83B44012B3D4634DCFFF793FC044655
:10A1F00068B9FFF78FFC044648B90221184A19488C
:10A2000022F07DF96FF010052846BDE8F08197B186
:10A210000023217A98F8002021FA03F0C70703D51C
:10A2200022FA03F0C00718D50133032BF4D102F052
:10A2300007021143217206F17001601C22F055F9EA
:10A24000337A01212046237022F02DFADCE76FF0EB
:10A250000605D9E76FF00C05D6E76FF01205D3E7D6
:10A260008CB904003016040010B56FF002010446EA
:10A270000E4822F02FF90D4822F03EF9C20704D50E
:10A28000002200230A480BF071F9204622F04FF813
:10A2900058B12046FFF73EFC38B1037ADB0704D5FE
:10A2A000BDE81040012122F0FEB910BD882A00202F
:10A2B000582A00202DE9F04385B089461646984675
:10A2C000044600AF58B90121414A424822F017F92B
:10A2D0006FF0150528461437BD46BDE8F08307F139
:10A2E000080120F064FE054698B16D4688B06A46C4
:10A2F000394BC2E905344FF400739383374B42F86E
:10A30000103F00234FF4E2513248F7F7ABF9AD4666
:10A31000DEE72046391D20F03AFC786858B10A2261
:10A3200029461EF03BF9034628B101212C4A294851
:10A3300022F04BF8CCE7002007F10801FFF73AFBC9
:10A34000044690B9FFF7E6FB044638B90121254AD7
:10A35000204822F0D4F86FF00B05BBE7002307F18B
:10A36000080100F8013B22F0C0F8B9F1000F2AD033
:10A37000022239464046B047061E07DA334601211D
:10A38000194A144822F021F83546A3E73B78022EFB
:10A39000237209D00221154A0E4822F0B0F800219C
:10A3A000204622F080F995E77B78012B05D93146CC
:10A3B0000F4A084822F009F8F1E7204603F00101AE
:10A3C00022F061F986E72046FFF740FD82E700BFF3
:10A3D000AC9A04003016040019B90400030000010F
:10A3E00035B90400B8B904007BB70400DAB9040039
:10A3F0002EBA040037B504460D46FFF7DBFA0246D5
:10A40000C0B1037A0C308DF8043022F075F80223C5
:10A4100000F001008DF8050001AA29462046F9F751
:10A42000A1FD034620B10121034A044821F0CDFFDC
:10A4300003B030BD0346F0E77FBA040030160400D5
:10A44000F8B500250A4C0B4F661C3946304622F001
:10A4500011F8014630B9204622F015F9314620782E
:10A46000FFF7C8FF0135042D04F11004ECD1F8BD4D
:10A4700060710020819A0400012110B5244822F067
:10A480001EF8C30743D40221214822F018F80840DF
:10A490001FD12049204A0B88204CA24216D900B176
:10A4A0000B801F494FF4BE631E4A1F481FF04CFC2F
:10A4B0001E481FF049FC4FF4BE611A481FF03BFCD8
:10A4C0005068083203449BB20120E6E7F8D300B19C
:10A4D0000B80174917480AF011FF40F23912002388
:10A4E0001448F9F7DDFD144914480AF007FF02216A
:10A4F000134821F0E4FF134913480AF0FFFE134804
:10A50000FDF7DCFDBDE810401148FDF729BC10BD8A
:10A51000A0710020FC7C0020D8150400F015040078
:10A52000AFBA0400C2B704003A8004004C8D0400A6
:10A53000A1C70300E0290020F5AD0100582A002042
:10A54000882A0020F9C8030090290020B00B0020C1
:10A55000900B002003462DE9F04198B3008A88BB98
:10A5600001244FF0140C1949DFF874E0714528D923
:10A57000174940F26A73174A17481FF0E5FB17485E
:10A580001FF0E2FB40F26A7112481FF0D4FBD1E9E0
:10A590000076BB4204D30CFB0672143A93420ED9E8
:10A5A0003444A2B214460831E0E70CFB0578434579
:10A5B0000AD001356219B54292B2F6D1F2E7002510
:10A5C000F8E7E4D3BDE8F0811046FBE7D8150400B6
:10A5D000A8BA0400C2B704003A8004004C8D0400FD
:10A5E000F01504002DE9F74F99464FF6FF73BDF8BB
:10A5F00030500746002D08BF1D462B4B90461B8848
:10A600000091834232D203B0BDE8F08F40468958B2
:10A61000019320F0F2FC019B90B101340AF1010A90
:10A62000A4B2736853452CD9009B31689C42EAD888
:10A63000BC42F2D30BFB0AF28B18B8F1000FE5D144
:10A64000B9F1000F0BD1013D1846ADB221460E9A6B
:10A650000D9B9847002DD6D00028DED1D3E7DA68CD
:10A660009145DAD1EFE74FF0000ADAE701244FF025
:10A67000140B0E4E06E0C6D273682344BB42F2D2DE
:10A680009CB208360A4B9E42F5D90A4940F632037D
:10A69000094A0A481FF058FB09481FF055FB40F6CD
:10A6A000320105481FF047FBFC7C0020D815040050
:10A6B000F0150400A8BA0400C2B704003A800400F0
:10A6C0004C8D0400002110B5ADF5107D182205A8B1
:10A6D000CDE90011CDE9021125F03CFF4FF41053F4
:10A6E000ADF8103080231022ADF812304FF48063A3
:10A6F000214C6946CDE906340DEB02008EAB1BF010
:10A7000031F9034638B11D4A01211D4821F05DFE93
:10A710000DF5107D10BD01464FF403720BA825F016
:10A7200019FF22468E990BA824F0BAF9034608B106
:10A73000144AE9E74FF6FF710120134A0BAB22F0F0
:10A7400024F804AB102211490BA824F0C0F90346E9
:10A7500008B10F4AD8E719460C4A02F110001378E5
:10A7600010F8014D0131082902F8014B0370F6D1B0
:10A77000084821F0A4FECBE70002C003D7BA0400CA
:10A780003016040000BB0400CFC30300C029002022
:10A790001EBB0400882A00202DE9F0411849044618
:10A7A000A1F1300015461E46BDF818700AF040FFB2
:10A7B000144821F0A1FE010705D4FFF783FFFFF73E
:10A7C0003FFEFFF791F92046FFF7A4F968B1037A3D
:10A7D000DA070AD500F10C04204621F08DFEC307EC
:10A7E00003D40221204621F06AFE10233A46069344
:10A7F00031462846BDE8F041034B21F0A6BE00BF1C
:10A80000102A0020882A0020C029002010B51A48EC
:10A8100021F072FEC0F3C00080F0010408B9FFF718
:10A8200051FF154821F068FE0346134821F064FEED
:10A83000DA061FD5830606D5E4B1FFF701FEBDE8B1
:10A840001040FFF751B920210B4821F038FE1022AB
:10A850000A49881825F08AFE48B909480AF08CFE92
:10A86000BDE810406FF00101034821F033BEFFF74F
:10A8700083FCE2E710BD00BF882A0020C029002029
:10A88000582A002008B51021034821F018FEFFF7D0
:10A89000BDFF002008BD00BF882A00202DE9F04F31
:10A8A000B9B000AF0C46904637493A46D7F8080190
:10A8B000994620F048F938B9FFF754FA054628467A
:10A8C000E437BD46BDE8F08F3E68391D304620F0C4
:10A8D0005EF93EB901212D4A2D4821F010FE6FF09E
:10A8E00015043EE07868F8B94FF0000B07F1080A4C
:10A8F0005146304687F814B020F059FB054600B3A6
:10A900006C4688B06A46234BC2E905364FF40073A3
:10A910009383214B42F8103F4FF4E2515B461C48B1
:10A92000F6F7A0FEA546DAE70A2200211DF036FE62
:10A9300003460028D8D00121184A154821F045FDCA
:10A94000CDE7C7F810A0E4B1C022484607F12001C6
:10A95000C047041E07DA23460121114A0C4821F0A2
:10A9600034FD2546ABE7A40807F12003C7E9063408
:10A970004FF6FF7101200B4A07F1100321F005FF8C
:10A980009DE72346F2E700BF34BB0400AC9A040005
:10A990003016040019B904000300000135B90400A1
:10A9A0007BB704005D9A0100002307B50193FFF710
:10A9B000D1FD411C89B20846034A01AB21F0E5FEF6
:10A9C000019803B05DF804FB8BC303002DE9F0434D
:10A9D00087B00C461646804602AF70B9734940F600
:10A9E0009153734A73481FF0AFF973481FF0ACF9E5
:10A9F00040F691516E481FF09EF961B96F4940F6DB
:10AA000092536B4A6B481FF09FF96B481FF09CF9FB
:10AA100040F69251EEE7437B072B40F0C2800023C3
:10AA20003B7342F603032068FB8107F10C0120F021
:10AA3000E4FA0546002843D1D4F80490B9F1000F98
:10AA400005D101215E4A5F4821F059FDA9E00123AB
:10AA50002146009007F10802C847031E11DA6E462E
:10AA600088B002AAD36104235749C2E9051442F809
:10AA7000103F4FF401512B465248F6F7F3FDB5460F
:10AA80008FE0012B05D00121504A4E4821F09DFC5A
:10AA900087E03B7A13F0300F00F083802046FFF709
:10AAA00083FF044660B945494FF45B63404A41481F
:10AAB0001FF04AF946481FF047F94FF45B6199E7E8
:10AAC000002320683B7342F6021307F10C01FB815F
:10AAD00020F093FA88B12046FFF766FF044660B97C
:10AAE000364940F6B653324A32481FF02DF93848FD
:10AAF0001FF02AF940F6B6517CE7002542F602190C
:10AB0000206839463D70A7F8029020F076FA10BB15
:10AB1000002320683B7342F6021307F10C01FB810E
:10AB200020F06BFA054600283BD1D4F80490B9F127
:10AB3000000F86D0022300902146404607F10C0208
:10AB4000C847031E8BDB022B9DD1BB891E4214BF5D
:10AB50000120002026E042F603032068391D3D71E4
:10AB6000FB8020F04AFA0028D2D04FF4205320680E
:10AB700007F108013D727B8120F03FFA0028C7D021
:10AB800042F60103206807F10C013D73FB8120F0C0
:10AB900034FA0028BCD02046FFF706FF0446002800
:10ABA000AED100201437BD46BDE8F08349AE0400A5
:10ABB000C2B704003A8004003BBB040050BB040051
:10ABC00055BB04003016040069BB04008FBB0400B1
:10ABD000A8BB04002DE9F84315468946942269680C
:10ABE000064621F0DFFD804648B102212A4A2B4863
:10ABF00021F085FC4FF0FF352846BDE8F88302229E
:10AC000030466968FFF7E2FE38B90221244A23483A
:10AC100021F075FC6FF01505EEE700212148AF8AA1
:10AC2000FEF7E6FC02370446A8B11D211E4B476122
:10AC30003A464174C0F80C80436085613046FEF7A7
:10AC4000FFF9074650B915480221184A21F057FC70
:10AC50002046FEF7FBFC6FF00B05CDE701234246D3
:10AC6000414621F086FBA98A07F10C000231F8F772
:10AC700075FF20F8029BAA8A296925F044FC214629
:10AC80003046A760FEF72EFE05460028B4D02046C9
:10AC9000FEF7DCFCB0E700BFBEBB040030160400CA
:10ACA000D4BB04001C4E0E0091C30300FFBB040084
:10ACB00030B505460C468BB071B9464940F636436F
:10ACC000454A46481FF040F845481FF03DF840F619
:10ACD000364141481FF02FF84B6873B90B6863B9D0
:10ACE000404940F637433C4A3C481FF02DF83C4869
:10ACF0001FF02AF840F63741EBE73B4821F0FCFB18
:10AD0000420761D515B16B7B072B60D16068059058
:10AD1000FFF720FC2268ADF818003AB305A90291AC
:10AD2000324900230191012100914FF6FF710593F3
:10AD3000FFF758FC059B1BB96FF001000BB030BD4D
:10AD40006360059B04A9186800238DF8103042F653
:10AD50000303ADF8123020F050F970B90598C368BC
:10AD60009B799B0605D46FF01500E7E70028E8D132
:10AD7000E2E721F0C3FCADF81800BDF818003DB1C2
:10AD80000123014622462846A375FFF723FFD5E796
:10AD90006FF07F0307930223ADF8203042F60213D1
:10ADA000ADF8123005ABA5750293114B4FF6FF714C
:10ADB0000193012304AA00932B4609948DF81050A7
:10ADC000FFF710FC0798B9E76FF00A00B6E76FF0DD
:10ADD0007F00B3E726BC0400C2B704003A80040039
:10ADE0002DBC040043BC0400E4080020BFC30300E2
:10ADF00091B10100F7B500F130050446A0F120073C
:10AE0000284621F079FB8307C0F340060ED5194987
:10AE100040F24A53184A19481EF096FF18481EF08F
:10AE200093FF40F24A5114481EF085FF54F8083C45
:10AE30006FF001012846019321F04CFB114B39467C
:10AE400044F81C3C104B304644F8183C01AB44F825
:10AE5000103C042324F8086C24F8066C24F80C3CFD
:10AE6000FFF726FF18B90221284621F028FB03B07E
:10AE7000F0BD00BF60BC0400C2B704003A8004000B
:10AE800091BC04002C22040069A201002DE9F84FB6
:10AE9000904614683F4B826805469A4200AF75D1D0
:10AEA000D0F80C9009F1010609F1150AB6F807303F
:10AEB000F3B13246204616F8011C20F0D6FCB8B19A
:10AEC0004FF495722946204621F06CFC30B30328DC
:10AED00012D1EB4688B06A462F4BC2E9053542F8DD
:10AEE000100F00234FF4C4512C48F6F7BBFBDD468E
:10AEF0000A365645DAD149E0052820460CBF4FF006
:10AF0000030B4FF0020B20F00AFD834506D998F899
:10AF100004305B45ECD288F804B0E9E7494628469E
:10AF200021F0EFFA1E4B994530D1207A04F17001DF
:10AF3000FEF778FD054648B303890BB943892BB367
:10AF40002046FCF78DFB2B89164A698922F82030B0
:10AF500002EB8003598018231349144D03FB00139F
:10AF600000B202EB80021A61042200EB40005D6037
:10AF70000F4D01EBC00120469D609A82FFF798FEBD
:10AF800020B101210B4A054821F0B9FA0120BD4644
:10AF9000BDE8F88FADA00100ACBC04003016040081
:10AFA000D80B0020C47C0020307100202C2204002B
:10AFB000C3C60300C0BC0400F8B514460F46942273
:10AFC0006168064621F0EEFB38B11E4802211E4A98
:10AFD00021F095FA4FF0FF30F8BD0122304661684C
:10AFE000FFF7F4FC38B917480221184A21F087FA14
:10AFF0006FF01500F0E7A2891B2130460232FEF700
:10B000001FF8054638B90F480221114A21F077FA96
:10B010006FF00B00E0E7A1890C300231F8F79EFDDC
:10B0200020F8027BA289A16825F06DFAD4E9041208
:10B030002846012321F09DF929463046BDE8F84015
:10B04000FEF702BC30160400BEBB0400D4BB0400F3
:10B05000DDBC040030B505460C468BB071B94449DF
:10B0600040F65533434A44481EF06EFE43481EF0F6
:10B070006BFE40F655313F481EF05DFE4B6873B9DC
:10B080000B6863B93E4940F656333A4A3A481EF0D7
:10B090005BFE3A481EF058FE40F65631EBE7394861
:10B0A00021F02AFA42075DD515B16B7B072B5CD1E5
:10B0B00060680590FFF74EFA2268ADF818003AB3C1
:10B0C00005A90291304900230191012100914FF619
:10B0D000FF710593FFF786FA059B1BB96FF001001E
:10B0E0000BB030BD6360059B04A9186800238DF880
:10B0F000103042F60303ADF812301FF07EFF70B936
:10B100000598C3689B79DB0605D46FF01500E7E767
:10B110000028E8D1E2E721F0F1FAADF81800BDF817
:10B1200018002DB1014622462846FFF745FFD7E714
:10B130006FF07F0342F6021207930123ADF812204D
:10B1400005AA0292114AADF82030CDE900324FF63F
:10B15000FF712B4604AA09948DF81050FFF742FAAC
:10B160000798BDE76FF00A00BAE76FF07F00B7E716
:10B1700026BC0400C2B704003A8004002DBC0400C1
:10B1800043BC0400E4080020BFC3030091B10100E8
:10B190002DE9F84F1446474B826881469A4239D1CF
:10B1A000D0F80CA0444B9A451CD10026434D444F87
:10B1B0003946284621F05EF978B90722294615F864
:10B1C000010CFCF76BFE40BB236929461A6915F890
:10B1D000010C53881288FEF74DFD0136042E05F14F
:10B1E0000C05E5D10AF101070AF1150BB7F80720A4
:10B1F000A3899A420BD1394617F8010CFCF7F0FDF0
:10B20000054620B1437B072B0AD0FCF7ADF80A377F
:10B210005F45EBD14FF0010849E0FCF7A5F8DCE70A
:10B22000DAF8203023B14946984708B92846ECE7B8
:10B2300094224946284621F0B5FA804628B10221D9
:10B24000204A214821F05BF9F0E7A389022B15D1B0
:10B25000B7F8073013F0020604D12846FCF784F84B
:10B26000A660D4E728462269A188FFF7B3FC06460A
:10B27000B8B92269937D01339375EEE7012B05D0B0
:10B280002846FCF771F8C4F80880C0E7B7F8073023
:10B2900013F00106E1D028462269A188FFF78CFE51
:10B2A00006462846FCF760F8002EA660AFDA404656
:10B2B000BDE8F88FADA00100D80B0020CD7C0020A8
:10B2C000819A0400BEBB040030160400012370B54F
:10B2D00000F170058EB0044603902946007A8DF87F
:10B2E00010301FF09DFF90B1227A52B302AE0421BC
:10B2F00030461EF03AFE00962421134A05A82B463C
:10B30000F8F76AFD05AA10461049F6F797FD4FF6C3
:10B31000FF7101200E4A03AB21F037FA204620F0DE
:10B32000FEFA9DF81010884209D2204620F0C4FA97
:10B33000034620B10221074A074821F046F80EB023
:10B3400070BD0092D8E700BF37BB04009DA8010084
:10B350008DAE010006BD040030160400F8B50546A8
:10B360000E461746064B1C684CB154F8043C043C8E
:10B370001BB13A463146284698476468F4E7F8BD61
:10B38000A471002013B50446009001204FF6FF7110
:10B390006B46074A8DF8040021F0F7F9002120469A
:10B3A00021F03BFA08B9FEF7E7FE02B010BD00BF7E
:10B3B0008DAE0100002330B5B5B001918DF80800C5
:10B3C0003393044601AB0D4601204FF6FF710C4A42
:10B3D00021F0DBF9339B83B19B0003AA2046294669
:10B3E000F8F7CEFD044628B103460121054A064878
:10B3F00020F0EBFF204635B030BD1A46EEE700BF27
:10B40000059D010032BD0400301604002DE9F34112
:10B4100000F17008CDE9001204460F46007A41465B
:10B4200016461FF0FDFE05466B464FF6FF710120E4
:10B430000C4A21F0AAF91DB14146207AFFF7BAFF64
:10B440003946207AFEF7B6FA40B13146013021F094
:10B450004CF81DB14146207AFEF7CCFF02B0BDE8A2
:10B46000F08100BFA99D010073B5044603464FF665
:10B47000FF710120184A04F1700621F086F9314667
:10B48000207A21F003FA3146207A1FF0C9FE50B12C
:10B49000237A4FF6FF718DF8043001206B460F4A76
:10B4A000009621F072F92046FEF734FB054688B17C
:10B4B0003146207A1FF0B4FE28B9284602B0BDE814
:10B4C0007040FEF7C3BC3146681C02B0BDE8704056
:10B4D00021F00BB802B070BDF99F0100E99D010099
:10B4E000014608B5084821F029FA50B9074821F06B
:10B4F00025FA28B101234FF4C072054802FB03006E
:10B5000008BD0023F7E700BF942A0020142C002078
:10B51000902A0020084B00F5BC701A68074BD0E851
:10B52000EF1F994204D1C0E8EC2FBCF1000FF6D117
:10B53000D0E8AF0F704700BF14700020902A0020A1
:10B5400008B5FFF7E7FF0346C8B1D0E9001221B9FB
:10B55000002A0CBF0320022010E032B1836813B927
:10B56000094B1B7833B9042008E00749087828B153
:10B570009B6833B9003A18BF0122500008BD032070
:10B58000FCE70120FAE700BF577E002008B5012143
:10B59000024A034821F0D0F9002008BD6CBD040028
:10B5A000801604000221024A024821F0C5B900BFFA
:10B5B00087BD040080160400002370B51A460446B7
:10B5C000EC300D46FCF7A6FE58B1693004D10121DC
:10B5D000084A094821F0B0F92846BDE87040F8F75C
:10B5E0008FB904F5A4700023BDE87040034A09F048
:10B5F000BDBF00BF0AB60400801604001C4E0E003A
:10B6000038B50446051D0821284621F0D8F9084917
:10B6100004F15700FBF702FB48B10821284621F04E
:10B62000B4F904480121044A21F086F9082038BD04
:10B630004FCC030080160400A0BD040038B50546B9
:10B64000EC22002124F086FF102105F1270005F0EF
:10B65000C3FA044648B90521284621F0B0F9FBF7A2
:10B66000CFFA034B1860204638BD0824FBE700BF23
:10B67000AC71002070B5051D0E462846042121F04E
:10B680005DF968B10022002100230846FCF728FE7E
:10B69000044638B90421284621F091F9204670BDAE
:10B6A000034AF0E701210C30F8F758FA0670F5E785
:10B6B0001C4E0E0070B504460E4686B0FFF72AFFFA
:10B6C00004F137021146F368054603F1100053F800
:10B6D000046B834241F8046BF9D1237A052B00F205
:10B6E0009580DFE803F017232303936A02AB4B49ED
:10B6F0000093096804F1270304F1570001F068FD85
:10B7000058BB0A21201D21F05AF9AB680299D4F8E0
:10B71000EC00984720460D2121F051F9201D102101
:10B7200021F04DF9204621F05AF920E094F8DC1080
:10B73000D4F8D83002ADCB40384903F0010300956E
:10B74000096843F0800304F1570021F00AFB30B18F
:10B750000121334A334821F0EFF8082007E0102296
:10B76000294604F1170024F001FF10B1042006B0AF
:10B7700070BD0321204621F022F921F030F9002884
:10B78000F5D194F8DC300133DBB2142B84F8DC30D3
:10B7900009D10D21204621F012F91021201D21F0A0
:10B7A0000EF90020E3E7102104F1270005F014FA58
:10B7B000003818BF0120C000D9E7102104F127008C
:10B7C00005F00AFA0028C8D135B3EB6823B3164B4D
:10B7D000E27A1B88D207ADF80830A37C03F001039E
:10B7E00012D4002B14BF012303238DF8093000234A
:10B7F000201DC4E938330C2121F0E1F8EB68D4F8BE
:10B80000EC0002A99847CCE75B00EEE70121074A6C
:10B81000044821F0C5F8A0E70220A8E7AC71002099
:10B82000B9BD040080160400AC1B0400D2BD0400A6
:10B830002DE9F047044690B00CAD102200212846B7
:10B8400024F088FE237A052B34D8DFE803F00603C2
:10B8500003063323D4F8D8300C93D4F8EC3004F139
:10B86000470204F1C707CDE9017204F1370803F17B
:10B870007E0204F12709009241464A46773304F1DB
:10B88000970001F03DFCF0B1454A0121454821F007
:10B8900053F814E0D4F8E430002BDED02E4603F148
:10B8A0001007324618685968083303C2BB4216466F
:10B8B000F7D1D2E701213C4A3A4821F071F808203B
:10B8C00010B0BDE8F087D4F8EC3008AE03F1770291
:10B8D0007E33019304F111030292009342462B46FA
:10B8E00049463846039621F061FA08B12F4ACCE761
:10B8F000237A052B0ED1D4F8E01011B30B46AC46D9
:10B9000001F1100E624618685968083303C2734586
:10B910009446F7D1D4F8EC300DF1100A03F17E0211
:10B920007733019304F10A03029200934A462B46AF
:10B9300041463846CDF80CA021F038FA30B11C4A07
:10B94000A3E71022284624F005FEE3E71022514623
:10B9500004F1B70024F00AFEF8B90D212046FFF7E4
:10B9600089FE07460028AAD010210C30F8F7F6F817
:10B9700032460346164603CEAE4218605960324640
:10B9800003F10803F6D139462046FFF715FE201DC6
:10B99000012121F014F8002092E70B2090E700BF6E
:10B9A000EEBD040080160400D2BD040003BE0400F6
:10B9B00026BE040073B5047A0546022C23D844B190
:10B9C00090F8DC30D0F8D840DC4004F0010444F0BA
:10B9D000800403212846FFF74DFE0646D8B110210A
:10B9E0000C30F8F7BBF8009012482346006805F1C8
:10B9F000270205F1570121F0B4F9044680B1304621
:10BA0000F7F77EFF07E0032C08D0234601210A4AFE
:10BA10000A4820F0C5FF082002B070BD0024D8E716
:10BA200031462846FFF7C8FD281D214620F0ADFF0E
:10BA30002046F1E7AC710020D2BD0400801604005E
:10BA400070B5061DCD6804460B21304620F09DFFE1
:10BA50002B4604F1170205F1100153F8040B8B4239
:10BA600042F8040BF9D1237A012B09D0022B13D110
:10BA70002046042120F0A3FFBDE87040FFF79ABFE5
:10BA80000A21304620F05AFF0028F1D0304600212C
:10BA900020F095FF002070BD03480121034A20F0EB
:10BAA0007FFF0820F7E700BF80160400D2BD040026
:10BAB000F8B50446FFF72EFD251D06460E21284643
:10BAC00020F03CFF70B94B4B2022196804F157005D
:10BAD00024F04CFD30B90221474A484820F02CFFA1
:10BAE000082033E00C212046FFF7C4FD074600285C
:10BAF000F6D040210C30F8F731F83E4B02461B6877
:10BB0000014603F1200053F804CB834241F804CBF3
:10BB1000F9D1203203F1200153F8040B8B4242F893
:10BB2000040BF9D139462046FFF746FD237A052B51
:10BB300058D8DFE803F003380C035754042120469B
:10BB400020F03DFFFFF736FF00283BD0F8BD204630
:10BB5000D4F8EC70FFF7DEFC0421064604F1D800AF
:10BB600005F03AF80028BBD1D4F8D830244A84F83C
:10BB7000DC00B3FBF2F102FB1133C4F8D83056B14C
:10BB8000336843B10B21284620F019FF384633684B
:10BB9000D4F8D81098470321204620F010FF0E213A
:10BBA00020F00DFF0EE02046032120F008FF0E21BB
:10BBB00020F005FF28460A2120F001FF7368D4F821
:10BBC000EC0098472846072120F0F9FE0820FFF7EF
:10BBD00087FC68B92046BDE8F840FFF711BD042195
:10BBE0002046DDE70121074A044820F0D9FE77E727
:10BBF0000020ABE7AC7100204ABE040080160400B0
:10BC000040420F00D2BD040070B504460E4604F158
:10BC10005705FFF77FFC2A46F36803F1200153F82C
:10BC2000040B8B4242F8040BF9D104F1770203F1C3
:10BC3000200153F8040B8B4242F8040BF9D128463B
:10BC4000FAF744FF00B303211C4A1D4820F074FE9C
:10BC50000E21201D20F0B3FED4F8EC50D5F8A03012
:10BC600033B9287A05F1700100F09CFFC5F8A000F7
:10BC7000D5F8A0309BB1DA8902F024027AB15B7B5F
:10BC80009B070CD4032070BD2846FAF72BFF30B970
:10BC90000B4802210B4A20F04FFE0B20F3E70A4B22
:10BCA0001D682DB9201D062120F089FE2846EAE7EF
:10BCB0002046BDE87040FFF7FBBE00BF65BE040034
:10BCC0008016040086BE0400AC71002038B5134B0A
:10BCD00005461B78E3B101F00F042846FFF730FC5E
:10BCE0000F4B03281B780CBF04F00B0444F0040432
:10BCF00005F5BE70D0E8EF2F013203D1C0E8E13F77
:10BD00000029F7D1D0E8AF3F2BB144F0010038BD96
:10BD100001F00704E1E704F0FE00F8E7577E002099
:10BD2000390D0020F8B50D460446D0F8EC60FFF759
:10BD3000F1FBEF68FB78102B01D00620F8BDD6F898
:10BD4000A0305BB1251D0F21284620F0F7FD80B9FA
:10BD50002046FFF773FC60B1C0B2EFE7307A06F11E
:10BD6000700100F01FFFC6F8A0000028EAD10820EB
:10BD7000E4E7012363723B682046C4F80A30BB88BD
:10BD8000E38102232374B978FFF7A0FFE074204613
:10BD9000FFF7D6FB1023607423753B7903F0030390
:10BDA00063757B7903F00103A375E37C1A070CD557
:10BDB000BB781B0709D50521284620F000FE637DCE
:10BDC00003F0020363750023A3750521284620F0C4
:10BDD000B5FD002843D0474B1B78A374E37C98063D
:10BDE00006D5BB78990603D51421284620F0E7FD37
:10BDF000E37CDA0735D5BB78DB0732D50D21284641
:10BE000020F0DDFDA37D032184F8E830637D284622
:10BE100084F8E93020F0D3FD237BE17C3F7803EA0E
:10BE20000102100704D5E27AA07C0243D2071CD499
:10BE3000042F1CD80B4313F0040307D02046FFF750
:10BE40007FFB2D4B07EB87073B441B5C237220468F
:10BE5000D6F8A01020F078FD58B903206EE7274BE4
:10BE6000BAE700236375A375CCE70523EEE700234B
:10BE7000ECE7D4F8EC309B7A032B36D024D8013B86
:10BE8000012B3FF674AF0521284620F057FD00280E
:10BE9000E3D00C21204620F092FD0221FFF7EAFBBF
:10BEA000054600283FF463AF06210C30F7F756FE35
:10BEB000D4F8113029460360B4F815308380204649
:10BEC000FFF77AFB002039E7042B7FF450AF237D86
:10BED000627B934228BF1346102B7FF42EAF0521BF
:10BEE000284620F02BFD0028B7D0237A002BCAD19A
:10BEF000B3E700BF597E00207EC10400587E0020B9
:10BF000038B504460D49A0F1EC055C3009F0F6F9AE
:10BF1000284620F0DCFD0A4A04F18C03D3E8EF1F29
:10BF2000C3E8E02F0028F9D14FF0FF339034D4E874
:10BF3000EF2FC4E8E13F0029F9D138BD41C9010024
:10BF4000902A002080B500AF88B06A46074BC2E94E
:10BF50000530032342F8103F00234FF4C251044838
:10BF6000F5F780FB6FF00B00BD4680BDA2BE04005C
:10BF70008016040010B40D4AD2F8EC303BB1D2F870
:10BF80006C321BB15DF8044BFFF7DCBF01234FF4AB
:10BF9000C0704343064CD018EC33C0F8F0401A444C
:10BFA00000205DF8044B0A60704700BF902A002013
:10BFB000302304002DE9F0410B46064600AF0D2169
:10BFC000043020F0BBFC78B3DD68D6F8EC300220FA
:10BFD00003F170084246197A00F036FF0446C8B9EA
:10BFE0004046F7F76BFE6D4688B06A46114BC2E9D2
:10BFF00005304FF4007393830F4B42F8103F0F4806
:10C0000023464FF4E251F5F72DFB0820AD46BD461F
:10C01000BDE8F0812B462A3405F1100253F8041BC9
:10C02000934244F8041BF9D13046092120F0C7FCA3
:10C030000020ECE7C7BE04000300000180160400E6
:10C040002DE9F041C6780446012E04D06FF01504A6
:10C050002046BDE8F08120F0A5FC0546002800F050
:10C06000AB80071D0421384620F068FC002840F012
:10C07000A6800321384620F061FC10B16FF00F0458
:10C08000E6E73146384620F059FC0028F6D128462C
:10C09000FFF740FAD5F8EC3006469B7A032B42D0E6
:10C0A00032D8013B012B48D90F21201D20F046FC3E
:10C0B0000028CBD1D4F8A03083B904F17006324601
:10C0C0002020217A00F0BCFDC4F8A00030B932462F
:10C0D0000420217A00F0B4FDC4F8A000D4F8A03008
:10C0E000002BB3D0DA8912F0240FAFD0A17A022945
:10C0F00023D9587BC007A9D503291ED09206A5D500
:10C100001B7B102BA2D118E0042BCDD12846FFF7C2
:10C1100017FA032804D1002EC6D0F368002BC3D031
:10C12000284B1B7807E02846FFF70AFA032804D1BA
:10C13000002EB9D0F368002BB6D0D4F8A0303BB1B4
:10C140002846FFF77BFA044670B16FF068047FE77A
:10C15000207A04F1700100F025FDC4F8A000002849
:10C16000EED16FF00B0473E70B212846FFF782FA3C
:10C1700006460028E9D001210C30F7F7EFFC092131
:10C1800080462846FFF7A2FD2346224688F8000095
:10C19000314605F1EC00FCF7BDF8044618B1304615
:10C1A000F7F7AEFB54E738460F2120F008FC0121D9
:10C1B000284620F004FC4BE76FF07F0448E76FF05F
:10C1C000040445E7577E0020F8B5D0F8EC40064659
:10C1D000D4F8A030051D002B33D10221404A41483C
:10C1E00020F0AAFB0721404B5F5CD4F8A0304BB194
:10C1F0001B7B002B5DD1D4F8A00000F049FE00238A
:10C20000C4F8A0300221284620F098FB48B9072F37
:10C2100094BF364B1F213A46204698BFD95DFBF7A5
:10C220005FFD0321284620F089FB68B3304B1B6873
:10C2300053B31D6805B10C3D53F8083C002B41D1A8
:10C2400043E081BB0D21284620F078FB074620B152
:10C25000D4F8A00008B100F0FDFE254B1B689BB18F
:10C260001D6805B10C3D53F80C3C13B1394620460E
:10C2700098474DB12B46ED681B681DB10C3D002B56
:10C28000F4D1F7E7002BF1D1304620F020FC637B9E
:10C29000072B24D1627AA37A9A4220D02046BDE8A7
:10C2A000F840FFF7CDBE0139C9B20E299BD9092745
:10C2B0009BE70221284620F041FB00289BD1A1E703
:10C2C0000C3D23B1394620469847002DDCD02B4643
:10C2D000ED685B68002DF3D1002BF3D1D4E7F8BDF6
:10C2E0006ABF0400801604006FC104005EC1040030
:10C2F0000C700020F8B5031D06460F4618460221B3
:10C3000020F01CFB044620B1B6F8E840B4FA84F4EF
:10C3100064090321184620F011FB80B139463046EC
:10C32000FFF752FFC4B1022119481A4A20F004FB5A
:10C330000521D6F8EC00FBF71DFA0020F8BD01211D
:10C34000184620F0FBFA0028E8D10F21184620F00B
:10C35000F5FA0028E2D1E5E705213046FFF78AF932
:10C36000054688B101210C30F7F7F8FB234607702A
:10C370002246294606F1EC00FBF7CCFF0028DCD072
:10C380002846F7F7BDFAD8E76FF06800D6E700BF98
:10C390008016040094BF0400254B10B504461860B5
:10C3A0004FF0FF324FF0FF33224807F011FF58B132
:10C3B000214941F2DD23214A21481DF0C5FC41F20B
:10C3C000DD211E481DF0B7FC1E4809F0E9F91948A7
:10C3D00007F0CEFF48B1184941F2E223174A184846
:10C3E0001DF0B2FC41F2E221EBE71CB9BDE81040C0
:10C3F000FFF7D8B80621144820F0A0FA38B1134846
:10C40000FFF756FB014610B11048FFF773FF0621F6
:10C410000F4820F093FA48B10E48FFF749FB014658
:10C4200020B1BDE810400B48FFF764BF10BD00BF4E
:10C43000AC710020140C002043BF0400E1BE0400D6
:10C440003A800400280C0020942A0020902A002022
:10C45000142C0020102C002010B520F0A3FA044664
:10C4600010B96FF0150010BD0A21043020F008FB50
:10C470000028F6D0237A062B11D8DFE803F00E044B
:10C48000040A100C0C0001212046BDE81040FFF703
:10C4900031BF0421F8E70221F6E70821F4E7034859
:10C4A0000121034A20F07CFA0020DCE7801604001A
:10C4B000D2BD04002DE9F3410B8A04460E4643B970
:10C4C00001212D4A2D4820F037FA002002B0BDE8A6
:10C4D000F081012106F10C00F7F722FBA4F1EC0535
:10C4E000E83C07460421204620F028FA3B7828B192
:10C4F000234A0221214820F053FAE6E70E2B01D906
:10C50000204AF6E7DFF88C8058F833204AB9022138
:10C510001D4A1A4820F044FA07212846FFF7EAFE90
:10C52000D3E71946284620F0ABFA3B7860B90221E0
:10C530001248164A20F034FA0321204620F0FEF972
:10C540000028C2D00821E8E708EBC301328A097944
:10C55000914208D001210093084813460C4A1EF06E
:10C5600045FA0A21D9E73146284658F8333098472A
:10C5700001460028A9D0D0E7ECBF040080160400D3
:10C5800007C0040038C004005AC0040074C004008E
:10C59000BFB60400582304002DE9F04782B090F89C
:10C5A000E930D1F80C8023F0020380F8E930D0F8AC
:10C5B000EC6098F80030044600AF06F17009BBB398
:10C5C00098F8063003F0C003C02B31D04046F7F78F
:10C5D00075FB6E4688B06C464FF4007A25466B4B6F
:10C5E000DFF8B881C4E90530A4F81CA045F8108F25
:10C5F00000232A464FF4E2516548F5F733F84846E0
:10C60000B546F7F75BFBA546624BA4F81CA0C4E94E
:10C610000530C4F810805E4800232A464FF4E251EA
:10C62000F5F720F80A20B5460837BD46BDE8F08783
:10C6300007224146484623F099FF68B14146307AC7
:10C6400000F0B6FB054638B10146204620F07CF9E3
:10C6500030B3284600F01CFC0D21201D20F06EF99F
:10C66000002800F081804A460220317A00F0ECFB7D
:10C670000546B8B94846F7F721FB6C4688B06A46CC
:10C68000454BC2E905304FF400739383434B42F8A6
:10C69000103F4FF4E2512B463D48F4F7E3FFA54627
:10C6A0000820C1E7F378002B3ED106F17E0318780D
:10C6B000012828D19A7902F0C002402A23D1D3F868
:10C6C0000120C5F83A20B3F80530EB8796F87030B2
:10C6D000CBB196F8763003F0C003C02B13D03A46A6
:10C6E0002F49C7E90098FAF793FFD8F80030304691
:10C6F000C5F80130B8F80430A5F8053098F80630D0
:10C70000EB71FBF7A5FA94F8E91011F002010ED0D5
:10C71000244940F6DE73244A24481DF015FB40F6F8
:10C72000DE7121481DF007FB06F17703BFE72846BD
:10C73000F9F71CFB014630B1154802211C4A20F0D4
:10C74000FBF8032070E72846F9F710FB48B11949B8
:10C7500041F20203144A15481DF0F6FA41F20201B3
:10C76000DFE72846F9F714FB94F8E9305B0703D5B7
:10C770000A21204620F023F9B4F8E81009B100207E
:10C7800052E72046FFF720FDF9E700BF8FC0040005
:10C79000801604004AC10400C7BE04000300000163
:10C7A000A5CA0300A3C00400E1BE04003A8004004F
:10C7B000BEC00400F9C004002DE9F0410E46044655
:10C7C000D0F8EC80FEF7A6FEF66801210546337826
:10C7D0000F48104A271D20F0E3F80A21384620F0C0
:10C7E0004FF938B16DB920463178FFF7EDFC0020E4
:10C7F000BDE8F0810B21384620F042F90028F1D144
:10C80000F1E72B69002BEED040469847EBE700BFDD
:10C81000801604001BC104002DE9F8430546A0F171
:10C82000E8060446884600AF0121304655F8EC99E9
:10C8300020F026F938B3B8F1000F19D003213046A3
:10C8400020F07CF8F8B14046F8F708FA0138C0B299
:10C8500008288CBF0024364B4FF0020198BF1C5CA7
:10C86000304620F0ACF821462846FFF7ADFC0AE040
:10C8700099F80B303BB10321304620F05FF828B91E
:10C88000284620F024F9BD46BDE8F883052130464E
:10C8900020F054F8B8B114F8043C1B0707D514F87D
:10C8A000033C180703D51121304620F088F814F80E
:10C8B000043C23F0080304F8043C14F8033C23F080
:10C8C000080304F8033C14F8033CD90710D50621EB
:10C8D000284620F074F83046022120F070F82068D5
:10C8E000D0F8A06066B134F8041C0029CBD1BBE7B6
:10C8F0009A0701D50821EBE75B07ECD50A21E7E7AA
:10C900007030F7F7DBF96C4688B06A46094BC2E92C
:10C9100005304FF400739383074B42F8103F4FF4F8
:10C92000E25133460548F4F79DFEA546ABE700BF4C
:10C9300066C104003DC1040003000001801604002C
:10C9400010B504460121084A08481FF0F5FFA4F578
:10C95000A4700821FFF738FCA4F5A2700421BDE8FB
:10C96000104020F02CB800BF52C104008016040013
:10C970002DE9F84300AF044620F014F8054670B3E3
:10C98000061D032130461FF0D9FF40B3D4F8A000A4
:10C9900008B100F07DFA04F170094946207A00F0F0
:10C9A00001F98046C4F8A000E0B94846F7F786F9D7
:10C9B0006C4688B06A463B4BC2E905304FF40073C1
:10C9C0009383394B42F8103F4FF4E25137484346C6
:10C9D000F4F748FE0821A5462846FFF78BFCBD4624
:10C9E000BDE8F8830E2130461FF0A8FF28B1D4F827
:10C9F000A020537B43F0020353732A7AD4F8A0108B
:10CA0000032A4B7B3AD8002A3FD0D4F8A020537B8E
:10CA100043F0010353732B7D697BD4F8A0208B4234
:10CA200028BF0B463046137305211FF087FFD4F84B
:10CA3000A0305A7B90B342F010020D2130465A7359
:10CA40001FF07CFF0028CAD02021D4F8A00000F0FD
:10CA5000E3F9D4F8A03005F147021A33573552F8FC
:10CA6000041BAA4243F8041BF9D10023D4F8A020E8
:10CA700013615361D4F8A0201383B0E7053A012A6B
:10CA800003D843F020034B73BFE723F020034B731D
:10CA9000D4F8A020537B23F00103BBE722F010025F
:10CAA0005A739CE7C7BE040003000001801604000F
:10CAB000012208B5034B04481A70FAF757F8002012
:10CAC00008BD00BF577E0020300C002008B558B9C3
:10CAD0000B490C484FF4FD730B4A1DF035F94FF428
:10CAE000FD7109481DF027F9437B5B0607D401213E
:10CAF000F9F77CF8BDE80840044808F0E1BA08BD41
:10CB0000CEC104003A8004009EC10400380C00200D
:10CB1000F8B5204D07462B780E46834204D10722F4
:10CB2000681C23F023FDA8B107221B491B4823F0F2
:10CB30001DFD95F84030044618B9BB420CD0204684
:10CB400019E0BB4210D107223146154823F00EFDF3
:10CB500050B940202844F8BD07223146104823F040
:10CB600005FD0028EBD1F4E707220B490C4823F020
:10CB7000FDFC68B901208301EF5431680133E950AD
:10CB8000EA18B38805EB80109380B3799371E2E7DC
:10CB90000020E0E7B0710020819A0400B17100200C
:10CBA000F171002008B549B9064907486323074ACF
:10CBB0001DF0CAF8632105481DF0BDF8BDE8084026
:10CBC000FFF7A6BFE2C104003A8004009EC1040042
:10CBD0002DE9F041064615460C4681B10E4FFB8902
:10CBE000034202D011463846A047B7F84E303342D0
:10CBF0000FD029462346BDE8F041084818470849A8
:10CC00000848BD23084A1DF09FF8BD2106481DF0C5
:10CC100092F8BDE8F08100BFB0710020F0710020F3
:10CC2000F6C104003A8004009EC1040008B5002249
:10CC300002200249FFF7CCFF002008BDCDCA010049
:10CC4000F8B506460F4615464AB915491548CA2390
:10CC5000154A1DF079F8CA2113481DF06CF8134CE1
:10CC6000E389034208D023788B4205D10722294665
:10CC7000601C23F07BFC78B1B4F84E3013EA060058
:10CC80000BD094F84030BB4208D10722294608480F
:10CC900023F06CFC10B940202044F8BD0020FCE7D4
:10CCA000E2C104003A8004009EC10400B07100207B
:10CCB000F1710020F8B507460E4649B935493648A6
:10CCC000F323364A1DF040F8F32134481DF033F8C1
:10CCD0000B78012B01D00020F8BD8D7905F0C0053F
:10CCE000402DF8D12E4CE3899D070FD4B4F84E3077
:10CCF0009807F0D594F84030BB4212D1062204F1D7
:10CD00007A01701C23F032FC38B934E02378834276
:10CD10001CD0B4F84E30990723D4B4F84E309B079A
:10CD2000D9D594F84030BB42D5D1751C29461D4851
:10CD30001EF02AF90028CED04023286803F13A02D9
:10CD4000A050A118AA88E0188A80C5E7062204F13D
:10CD50003A01701C23F00AFC70B1B4F84E309A0707
:10CD60000CD594F84030BB4208D106220E49701C05
:10CD700023F0FCFB10B940202044ADE72378BB42F0
:10CD8000CBD1751C294609481EF0FEF80028C4D0F6
:10CD90000023D2E7E2C104003A8004009EC10400EF
:10CDA000B07100201A7200202A720020DA7100206F
:10CDB00070B506460D46A1B1124C2378834204D1CA
:10CDC0000722601C23F0D2FBC0B194F84030B3427C
:10CDD00005D1072229460C4823F0C8FB68B1002082
:10CDE0000EE00A490A484FF492730A4A1CF0ACFF5D
:10CDF0004FF4927107481CF09EFF012004EB801055
:10CE000070BD00BFB0710020F1710020E2C10400CC
:10CE10003A8004009EC1040008B558B90749084883
:10CE20004FF49A73074A1CF08FFF4FF49A7105482C
:10CE30001CF081FFC3891943C18108BDCEC1040024
:10CE40003A8004009EC10400F8B506460F46154618
:10CE50004AB90C490C48DC230C4A1CF075FFDC2154
:10CE60000A481CF068FFFFF7EBFE044640B929466C
:10CE70003846FFF797FE044610B13146FFF7CCFF66
:10CE80002046F8BDE2C104003A8004009EC10400BF
:10CE900010B5044658B90E490E484FF4A2730E4A15
:10CEA0001CF052FF4FF4A2710B481CF044FF037AB0
:10CEB0005B0701D5F8F788FF214611F8010BF7F75A
:10CEC000CBF82046BDE810404022002123F042BBB1
:10CED000CEC104003A8004009EC10400F0B593B0B6
:10CEE0001546044602AF50B90121514A51481DF080
:10CEF0006AFD6FF0150630464437BD46F0BD34225A
:10CF0000184607F10C01A847051E06DA2B464A4AC7
:10CF1000012148481DF060FDEBE72046391D1EF059
:10CF200046F8064698B16D4688B002AA434BC2E95E
:10CF300005344FF400739383414B42F8103F0023B4
:10CF40004FF4E2513B48F4F78DFBAD46D1E739464B
:10CF500020461DF01CFE386838B10A2231461BF00D
:10CF60001DFB034608B1374AD2E70DBB29463F20D7
:10CF70003A1DFFF765FE20B14022294623F0EAFA68
:10CF8000B9E7381DF6F79AFE6C4688B002AA2E4B18
:10CF9000C2E905304FF400739383294B42F8103FE8
:10CFA0004FF4E4512B462348F4F75CFBA546A2E777
:10CFB0000020391DFFF7ACFD0446C0B9381DF6F757
:10CFC0007DFE6D4688B002AA204BC2E905304FF4C1
:10CFD000007393831A4B42F8103F4FF4E2512346FB
:10CFE0001448F4F73FFB6FF00B06AD4683E7342D92
:10CFF0000BD0342301210093154A2B460D481DF018
:10D00000F5FC2046FFF744FF73E707F10C0200F13F
:10D010000C0307F13C05144603CCAC421860596080
:10D02000224603F10803F6D12068186063E700BFC9
:10D03000AC9A0400481604000AC2040019B904009E
:10D040000300000135B9040029C204004CC20400E9
:10D050006BC20400024610B558B90E490E4840F2A2
:10D0600079130E4A1CF070FE40F279110B481CF047
:10D0700062FE0146342311F8010B0C32F6F7DEFF95
:10D08000044628B101210346054A06481DF0A4FCC8
:10D09000204610BDCEC104003A8004009EC10400A9
:10D0A00089C2040048160400884210B500EB020350
:10D0B00011D98C18A04211D20D4940F2B3230D4A68
:10D0C0000D481CF041FE0D481CF03EFE40F2B3211D
:10D0D00008481CF030FEEFD09942ECE7013A1144C9
:10D0E00011F8012900F8012B8342F9D110BD00BFCE
:10D0F00083AA040051AA04003A800400DAAA0400BA
:10D100002DE9F0479AB01646DDE923970CAA84462C
:10D110008A4690461D462C4B03F1300E1446186883
:10D120005968083303C473452246F7D118681B7940
:10D13000614620602371202204A8FFF7B5FF6B46EB
:10D140002022224804A900F071F80446C0BB102236
:10D1500051460DF13500FFF7A7FF102231460DF1C2
:10D160004500FFF7A1FF294611F8013B06220DF10A
:10D1700056008DF85530FFF797FF2299062211F8D7
:10D18000013B0DF15D008DF85C30FFF78DFF4B46E4
:10D1900035224146684600F049F8044680B94846C1
:10D1A0001FF0D1FD012335228DF8303041463B463A
:10D1B000684600F03BF8044610B938461FF0C3FD3E
:10D1C00020461AB0BDE8F087AE1B0400B6C20400CA
:10D1D00070B50E461D46144698B00146202204A89C
:10D1E000FFF762FF202231460CA8FFF75DFF1022F7
:10D1F000294614A8FFF758FF102221466846FFF77A
:10D2000053FF6B465022184604A900F00FF840B9AE
:10D21000039B054A1BBAB3FBF2F102FB11331C9AC4
:10D22000136018B070BD00BF40420F002DE9F041FF
:10D230008EB007460C4615460021182208A81E4647
:10D2400023F088F94FF41053ADF81C308023ADF86B
:10D250001E304FF44063DFF860801022CDE90938BA
:10D26000394605AB07A818F07DFB034648B10F4AC5
:10D270000F4801211DF0B0FB6FF004000EB0BDE8B7
:10D28000F08106AB0293102322464146CDE90063AC
:10D2900005982B4621F052FC0446059818F012FB25
:10D2A0002043EBD0034A2346E2E700BFD0C204008C
:10D2B00018160400ECC204000002C0032DE9F0417E
:10D2C00006691D4696F8883017469A07069C07D4CB
:10D2D000144815491FF0BAFD6FF00400BDE8F08155
:10D2E000631C06F1540818D047F6122C40F2E730C0
:10D2F000002124EAE4744FF47A720023C4FB0C0189
:10D30000ECF7DCFD02460B463946404606F07EFE51
:10D310000028E3D1F3692B60E0E74FF0FF321346BA
:10D32000F2E700BFB816040005C3040037B5044691
:10D3300000220121D020F5F7F3FC63680021DD69AC
:10D3400001AA284620F037F800282BDB019B2A6829
:10D350001979186801F088FA002823DB124D134B65
:10D36000284640F8543B042311491A4620F07AFF1E
:10D37000042310491A4605F1200020F073FF002015
:10D38000246900F077FC606058B90B490B4840F203
:10D39000A3230B4A1CF0D8FC40F2A32108481CF040
:10D3A000CAFC002003B030BD3072002014240400F9
:10D3B000CC720020BC7200204FC304003A800400ED
:10D3C0001EC304002DE9F04F436805698DB0049336
:10D3D00095F889300C460E6903F0FF0743B19A486F
:10D3E0009A491FF033FD6FF00F000DB0BDE8F08FCC
:10D3F00091F824A091F82630BAF1010F0DD1012B3C
:10D4000081F825A081F827A00F6213D090498E489B
:10D410001FF01CFD6FF01500E7E7022281F82520C0
:10D420000122934281F827200F62EFD1BAF1020F57
:10D43000ECD110276369BB4201D0012BE6D1A26970
:10D44000002AE3D1316809B1317971B995F8883092
:10D45000980708D5286805F0ADFA95F888306FF37D
:10D46000410385F888300020BFE7102901D07949B1
:10D47000CDE70AF1FF31D1F1000A4AEB010ABB42C4
:10D48000049B0DF1180803F1040918BF9346B9E88D
:10D490000F00A8E80F00236818BF012799E80300D0
:10D4A00008BF4FF0010B0293012388E803004FF0FF
:10D4B000FF38DFF8A8918DF818A08DF819B0E76152
:10D4C000039399F800303268059353436249B1FBE6
:10D4D000F3F3B1FBF3FA02998A4542D361688A45B6
:10D4E0003FD80599BAFBF1F7BA4294BFA7EB020BFC
:10D4F000A2EB070BD84547D90993BBF1000F5BD1CD
:10D50000D646BC46554B039A03EB420313F8013C45
:10D510008DF82B3003217346514A4B48CDF800C09B
:10D520001DF064FA95F888309B0708D5286805F047
:10D5300041FA95F888306FF3410385F88830049BF1
:10D5400028681A6806A905F0F1F9464A0346904290
:10D5500067D03D480121444A1DF03EFA6FF00400B7
:10D5600043E73D490133B1FBF3F1029F8F4227D9D5
:10D57000039B09F102090133092B0393A1D1B8F1EF
:10D58000FF3FC7D1394942E76746C3464FF0000A1B
:10D5900031490133B1FBF3F10298814206D3BC4615
:10D5A000D8466768B9420ED96746C346BAF1000F3C
:10D5B0001AD1BC46D846DBE7D6464FF0010AE7E76A
:10D5C0004FF0000AEDE70598B1FBF0F0824210D968
:10D5D000121A42451AD2099399F801308DF82B306E
:10D5E0008E4684469046C3E799F801308DF82B307B
:10D5F000DFE7821A424509D2099399F801308DF884
:10D600002B30002AECD18E46844683E7BAF1000F16
:10D61000AED099F801307146604642468DF82B3005
:10D62000DEE7F38895F88820EB61B36822F0030207
:10D63000AB61049B93F82030003B18BF012343F0FB
:10D64000020313430DE700BFB816040070C30400C3
:10D650009BC30400C4C304000048E8014CC5040097
:10D66000E6C304000000AD0B41C4040013C4040071
:10D6700038B50546006805F0BBF9104A03469042EC
:10D680001AD001210E4A0F481DF0A6F995F88840DE
:10D6900014F001040CD06868F2F7E2FF041E07DA08
:10D6A00001212346084A07481DF096F9204638BD57
:10D6B000002385F88930F9E70024F7E70000AD0B77
:10D6C00062C40400B81604007EC404000B4670B5A2
:10D6D0000269032B47D8DFE803F0020E020E92F82E
:10D6E00089300BB9002070BD0123106882F88A30A0
:10D6F00005F004FAF6E792F888309B0706D41E4935
:10D700001E481FF0A3FB6FF00400ECE792F889308D
:10D7100003F0FF05002BE5D1012682F88A50046949
:10D7200094F8883084F8896013F0010F15D0144BF9
:10D730006561E3604FF003032361D3D0606804F1B7
:10D740000801F2F7F5FE031ECCDA84F889500D4A81
:10D7500031460A481DF040F9D5E72046FFF788FF1B
:10D7600000EAE070BFE705480121074A1DF034F9DF
:10D770006FF01500B7E700BF05C30400B81604003A
:10D780008DD701009AC40400B6C4040010B591F806
:10D79000813083B991F88030DB0712D551F8040C41
:10D7A000F2F75EFF031E0CDABDE810400121054AC6
:10D7B00005481DF011B9A1F10800BDE81040FFF7C0
:10D7C00057BF10BD7EC40400B8160400F7B5067834
:10D7D0000546594C4EB994F88A206B68002A3DD111
:10D7E000002B40F0888003B0F0BD00230022A06928
:10D7F00001A906F0A1F9031E10DA504A0121504890
:10D800001DF0EAF894F88A206B68002A3DD1002BBD
:10D8100072D10123206884F88A307FE0019F0022C2
:10D82000002301A904F1200006F012FB002808DA09
:10D83000444943481FF00AFB0199A06906F008FA21
:10D84000E7E7E2693946C2F34F02206805F006F9BE
:10D850003D4A03469042BED03C4ACFE73BBB94F8DA
:10D860008930002BBFD0002384F8893094F88830A9
:10D87000D907B8D56068F2F7F3FE031EB3DA0121C9
:10D88000334A2F481DF0A8F8ADE78BB994F88930DA
:10D89000002BBED0002384F8893094F88830DA0752
:10D8A000B7D56068F2F7DCFE031EB2DAE7E70026C0
:10D8B00000220023274801A906F0A8FB002804DA6B
:10D8C00025491F481FF0C2FA8DE70199A06906F0AB
:10D8D000BFF994F889305BB1002384F8893094F85B
:10D8E0008830DB0704D56068F2F7BAFE031EC6DB9A
:10D8F000002E8ED177E70026164D00220023284601
:10D9000001A906F083FB00280BDA0D4812491FF02D
:10D910009DFA012355F8200C84F88A3005F0EEF8C2
:10D9200061E70022002301A905F1340006F090FA16
:10D930000028DDDA09497CE730720020CAC40400FF
:10D94000B8160400E8C404000000AD0B08C50400CC
:10D950007EC404005072002025C5040038C50400B0
:10D960000122024BC3F80424704700BF002008E0E6
:10D9700037B540230C460A490093411A4911054620
:10D980002346084A08481FF065FA011E05DA2846B2
:10D99000234603B0BDE83040184703B030BD00BF98
:10D9A000F0720020BDCE0300640A0400C9B2012950
:10D9B00008B509D9084909487F23094A1CF0C4F968
:10D9C0007F2107481CF0B7F90C22036901FB0233E1
:10D9D000986C00F0070008BDBCC504003A80040044
:10D9E0007FC5040070B5C9B2012903690BD9184974
:10D9F000184840F2D113184A1CF0A6F940F2D11190
:10DA000015481CF098F9EFF31185402484F312882F
:10DA1000BFF36F8F0C2606FB0134A46C14F0C00416
:10DA200008D0A24206D085F31188BFF36F8F4FF064
:10DA3000FF3070BD012271430B449A6485F3118855
:10DA4000BFF36F8F43680B445B6898470020F0E793
:10DA5000BCC504003A8004007FC5040070B50D46C3
:10DA600006490446411A491140220548FFF7BAFF0A
:10DA70002B4601462046BDE870401847F072002052
:10DA8000640A040070B500220121044640F205102A
:10DA9000F5F746F90F4803F0F7F90F4B984215D107
:10DAA00020F0FDF926690D4930461CF019FB0028CD
:10DAB0000BDB0125B5642469084904F120001CF042
:10DAC0000FFB002801DB0020656570BD6FF00400CE
:10DAD000FBE700BF9DDB01000000AD0B2824040024
:10DAE0007FB500220123CDE9022304ABCDE9043345
:10DAF000094A6B46CDF800D0CDF804D01FF0D7F915
:10DB0000002805DB43F609520023684606F0FAFEBA
:10DB100007B05DF804FB00BFD5CE030010B5EFF3EE
:10DB20001184402383F31288BFF36F8F074A136871
:10DB300023F00201DB07116002D4012003F084F915
:10DB400084F31188BFF36F8F10BD00BF48730020AE
:10DB50000C22104B014602FB0033002030B4D3E905
:10DB600010521864EFF31180402484F31288BFF33D
:10DB70006F8F9C6C04F0C00444F002049C6480F33A
:10DB80001188BFF36F8F1DB12B4630BC0248184778
:10DB900030BC7047F0720020640A040008B5062803
:10DBA00018D8DFE800F02121090B04212100002012
:10DBB000BDE80840FFF7CCBF0120F9E70B494FF45F
:10DBC0003D730B4A0B481CF0BFF84FF43D710848F9
:10DBD0001CF0B1F805494FF44173054A05481CF0A3
:10DBE000B3F84FF44171F2E708BD00BF39CF04002C
:10DBF0007FC504003A80040010B4EFF31182402383
:10DC000083F31288BFF36F8F1748016841F0020455
:10DC10000460C80708D482F31188BFF36F8F012016
:10DC20005DF8044B03F0E6B81049D1F80C14C903B1
:10DC3000F1D5EFF3118083F31288BFF36F8F0C4996
:10DC40008B6C03F0C00343F002038B6480F31188F4
:10DC5000BFF36F8F82F31188BFF36F8F00205DF8E1
:10DC6000044BFFF775BF00BF4873002000E0105061
:10DC7000F0720020024BC0B203EB4010704700BFAF
:10DC8000F07200202DE9F041012206464049D1E81A
:10DC9000EF3FC1E8E02F0028F9D1A3B93D493E4844
:10DCA0004B60CB608A60F2F743FC00280BDA3B49FB
:10DCB0004FF429733A4A3B481CF046F84FF4297157
:10DCC00037481CF038F85EB3731E012B56D8012E6E
:10DCD00006D1354BD3F8503403F00303012B1FD08A
:10DCE00020F08BFB0546E8B9304B1B78D3B10422FA
:10DCF00007462D4BC3F808232B4CDFF8B880D4F827
:10DD00004C24D4F84C34D20315D503F00303012B73
:10DD100001D0012E0FD165B387F31188BFF36F8F48
:10DD2000BDE8F081EFF31187402383F31288BFF33E
:10DD30006F8F0125E0E7BDB138461DF089F8D4F8B2
:10DD4000403413F0FF03DAD1D4F80821002AD6D0EA
:10DD5000C4F80831D4F8083120220123C4F8403433
:10DD6000C8F8A0212361CAE70021202008F04AFE5C
:10DD7000E5E704220C4BC3F80423D1E70C4940F239
:10DD8000B623074A07481BF0DFFF40F2B62197E7AA
:10DD9000EC720020DC72002010730020AF8E0400B3
:10DDA0007FC504003A80040000E010500E8100207E
:10DDB00039CF040000E100E008B5074820F0FFF982
:10DDC00038B10648F5F76AFB0448F1F7D7FE0020A2
:10DDD00008BD6FF01200FBE7440B0400E1DD010019
:10DDE0000A2838B50446074D04D1AB680D212846F2
:10DDF000DB699847AB680348DB69E1B29847204686
:10DE000038BD00BF440B040038B508461446EFF394
:10DE10001185402383F31288BFF36F8F114603F0FF
:10DE2000A5FB85F31188BFF36F8F064B984201D194
:10DE3000204638BD044B984214BF6FF00A006FF0C3
:10DE40001500F6E70000AD0B0400AD0B08B503F0BC
:10DE50006DFB034B984214BF6FF00400002008BD17
:10DE60000000AD0B0023024A0020C1E900237047E7
:10DE700000501600004870474C240400024B0B6011
:10DE800001231360704700BF5424040008B5012229
:10DE90000548114620F03BFA03F078F8034B044A9A
:10DEA0000020C3F80C2508BD4C73002000B00450BE
:10DEB0008000008010461A46084B10B5994209D8D8
:10DEC000C1F5B21404F58054A24203D822F01BFB22
:10DED000002010BD6FF01500FBE700BFFF4F1600DC
:10DEE00038B542F201030F4D1446C5F80035A1B113
:10DEF00022F009FBBFF35F8FD5F81834DB0706D497
:10DF0000C4F308041CB10123AB60BFF35F8F4FF46F
:10DF10000052044BC3F8002538BDFF2122F01AFB44
:10DF2000E8E700BF00B00450F0B51D4B054698422D
:10DF30000F46144687B030D8C0F5B21303F58053AE
:10DF40009A422AD8FAB14FF0FF324FF0FF3315480A
:10DF500006F0D8FC1FF0A6FF0646B8B101238DF8E5
:10DF60001430114B4FF4FA50009302AB0494019318
:10DF7000CDE9027503F012F8684603F015F804467F
:10DF8000084806F03BFC204607B0F0BD2246394663
:10DF90002846FFF7A5FF3446F2E76FF01504F2E7D5
:10DFA000FF4F16004C730020EBCF03000048704772
:10DFB000902404002DE9F34743680F1E05461646DA
:10DFC000D3F818907DDBBB184B457AD847EA02049A
:10DFD000C4F30B04002C74D100691FF04DF82146E6
:10DFE00028461FF09FF84FF0FF3A0446002E45D117
:10DFF000012128461FF096F8002C08BF0446286926
:10E000001FF038F8204602B0BDE8F08780462E4B5E
:10E010005A7882B10AFA02F137EA01010BD10121E3
:10E020009140B14207D8B8F1000F1ED098F8011006
:10E03000914238BF98460134042C03F10203E7D122
:10E04000B8F1000F13D00023812298F80010284661
:10E05000CDE900333B461FF015F8012398F8012065
:10E06000044693401F44F61A21E09846E3E76FF018
:10E070001504012128461FF055F8C0E7002CF8D1FF
:10E080002346CDE900448022062128461EF0FAFFEF
:10E0900004460028EDD1B145B8D10346CDE90000D2
:10E0A0008022C72128461EF0EDFF00260446002CE2
:10E0B000DFD140F21B62002328461FF061F80446BE
:10E0C00094E76FF015049DE746C704002DE9F0437F
:10E0D00085B0044602AF00694FF0FF32012120F005
:10E0E00016F96668306820F06AF8B0B1F06880B957
:10E0F00020691EF0C1FF20461FF0E8F8031E13DA66
:10E100000121984A98481CF067FC20691EF0B2FF74
:10E1100003E020F054F80028EAD16FF012052846F9
:10E120000C37BD46BDE8F08320461FF018F8051EE9
:10E1300028DDE8071BD420691EF09CFF20691EF033
:10E140009BFF4FF00309002307F104081A469F21A3
:10E150002046CDF80490CDF800801EF093FF0546D0
:10E1600020691EF087FFCDB1804A2B4611E00221C5
:10E170007F4A7D481CF027FC0022002320461EF029
:10E18000FFFF054620691EF075FF002DD6DA2B46ED
:10E19000784A012174481CF01FFCBEE740464A46FD
:10E1A00006F1240122F0E2F9804618B36C468CB0E7
:10E1B00097F8048097F805E097F806C096F82400D1
:10E1C00096F8251096F8263002AAD36208236A4EE4
:10E1D000C2E907ECC2E90568C2E9090142F8103F4B
:10E1E00044F240012B466048F3F73CFA6FF0150506
:10E1F000A54694E796F828309BB320691EF03CFFB3
:10E2000020461EF0ACFF051E26DD96F82830802241
:10E2100025EA0305FD70434606212046CDE9008826
:10E220001EF030FF054628B120691EF023FF534A37
:10E230002B46AEE70121FB1C00938022034601918F
:10E2400020461EF01FFF05460028EDD100220023C6
:10E2500020461EF095FF054620691EF00BFF002D9D
:10E26000E5D196F827506B1EDBB2FD2B1DD815F0BB
:10E270000B0F3CD020691EF0FFFE15F008031ED0E6
:10E2800001238022FA700193FB1C009317210023C5
:10E2900020461EF0F7FE054620691DBB037F43F0B4
:10E2A0000103037720691EF0E5FE20691EF0E4FEFD
:10E2B000636893F830309A071CD420692BE0A907D3
:10E2C00005D400238022B721CDE90033E0E7802286
:10E2D00006212046CDE900331EF0D4FE0546002875
:10E2E000EFD020691EF0C6FE254A2B4651E76FF09D
:10E2F0008505F9E700238022B9212046CDE90033C6
:10E300001EF0C0FE054620BB6368266993F83030D6
:10E310009B070FD430461EF0ADFE20691EF0ACFE08
:10E3200020461EF0D3FF054620691EF0A3FE05EA35
:10E33000E575F4E620F0D5F84FF47A75A0FB050CEE
:10E3400047F61222002305FB01C1EBF7B7FDB061D0
:10E35000B3E720691EF08EFE002DDEDA15F1860F80
:10E36000DBD0DCE646C6040040170400A4C6040067
:10E370005EC604007BC60400BDC60400FBC60400E4
:10E3800010C7040010B5036961B920493F23204A32
:10E3900020481BF0D9FC20481BF0D6FC3F211C482C
:10E3A0001BF0C9FC486850B91C494023184A194859
:10E3B0001BF0CAFC1A481BF0C7FC4021EFE7586865
:10E3C000F8B1884219D19C680868A142586000D110
:10E3D0009860002008602AB15A680A609A685960FB
:10E3E00002B99960002010E0814206D108682060DF
:10E3F00098688142EDD19C60EBE7044600680028F4
:10E40000F2D1002AE8D16FF0150010BD4F7E040054
:10E410004EC704003A8004008AC7040099C704006C
:10E42000ABC7040008B503685F2B4FEA531107D848
:10E430000C4A03F01F0352F82120DA40D2070BD414
:10E4400009490A4840F2CA33094A1BF07DFC40F2F0
:10E45000CA3107481BF06FFC0360064B53F82100DC
:10E4600008BD00BFA4240400F5C704003A800400DE
:10E47000C2C7040098240400F0B5406801F01F04EE
:10E48000057B87B044EA45140569002D77D0B2F5C5
:10E49000001F00F1100506D1214628461FF0EEFDB1
:10E4A000002007B0F0BD0027B2F5800F01AE019744
:10E4B000776033D1B3F1007F14BF052304238DF8B7
:10E4C00004300023CDE9046303938368CB40D9076C
:10E4D00039D4B2F1A07F36D168460094FFF7A2FF8D
:10E4E000009B203350F82330DB072CD46A462146AA
:10E4F000284603F0DBFC254B98421AD0CDF808D013
:10E500002146284603AA03F041FB214B984239D10A
:10E5100001222146284603F05DFDC1E7B3F1C06F3B
:10E5200005D0B3F1007F14BF01230223C7E7032303
:10E53000C5E76946284603F045FD154B9842DDD0F6
:10E540006FF00B00ADE76A462146284603F0AEFCAB
:10E550000F4B06469842D3D128469DF8001003F091
:10E5600029FDB042CCD00B490B4840F2E1130B4AD5
:10E570001BF0EAFB40F2E11108481BF0DCFB6FF0F6
:10E5800085008EE76FF015008BE700BF0400AD0B30
:10E590000000AD0B44C804003A80040018C8040011
:10E5A0002DE9F043466840F20635337BD00601F092
:10E5B0001F0747EA431748BF032302EA050558BF70
:10E5C000C2F3401387B0B5F5837F14468DF803304E
:10E5D00043D00FD8062D42D007D8B5B1022D14D0A4
:10E5E0006FF0150007B0BDE8F083B5F5807FF7D177
:10E5F00001250AE040F20222954232D0B5F5407F73
:10E6000031D0B5F5007FEBD1042522032DD50123B0
:10E6100072688B405360336973BB03A80397FFF79D
:10E6200001FF039B00EB830084F48033C3F30043BA
:10E63000C4F34044D0F8802044EA43049DF80330FA
:10E6400022F4706244EA830422F00F0244EA0523B4
:10E650001343C0F880300020C4E70925D5E708251A
:10E66000D3E70625D1E70525CFE7630341BF0123A3
:10E6700072688B409360CEE71036394630460DF114
:10E68000020203F013FC14F4403F804617D13946D0
:10E6900030461FF0F1FC254B9845DCD130469DF803
:10E6A000021003F087FC4045D5D021492148DE23E4
:10E6B000214A1BF049FBDE211F481BF03CFB4FF0B9
:10E6C000000901AB3946304603AACDE90439CDE94A
:10E6D0000199CDF80C9003F059FA144B98427FF44D
:10E6E0007FAF14F4003315D09DF8033084F48034E8
:10E6F000C4F300448DF80E3039464B46304603AA29
:10E700008DF80C508DF80D4003F028FB074B984214
:10E71000C1D065E7CDE9043339460DF10303304636
:10E7200003AA039303F032FAF0E700BF0000AD0B39
:10E7300044C804003A80040018C804004209022AB0
:10E74000034670B503D0012A1FD002B370BD154E29
:10E75000326951680029F9D0012503F01F030C68C4
:10E760009D400029F2D08A682A4014D04B6883B9B2
:10E770000D4964230D4A0E481BF0E6FA0D481BF0C4
:10E78000E3FA642109481BF0D6FA0B4EE0E70B4E82
:10E79000DEE7304698471CB1236821461C46E0E777
:10E7A0002346FAE7C40A0400FCDE04004EC7040056
:10E7B0003A800400ABC70400A40A0400840A0400E1
:10E7C00038B545682B69E3B11035284603F0E4FB02
:10E7D0000446B0B90146284603F098FB0B4B98421B
:10E7E00011D1224628460A4903F052FB2246012154
:10E7F000DB20F4F795FA2246012140F20D10F4F7E0
:10E800008FFA002038BD6FF00400FBE70000AD0B6D
:10E810003DE7010008B503685F2B4FEA531107D8A5
:10E820000C4A03F01F0352F82120DA40D2070BD420
:10E8300009490A4840F2CA33094A1BF085FA40F2F6
:10E84000CA3107481BF077FA0360064B53F82100E2
:10E8500008BD00BF04250400F5C704003A80040089
:10E86000C2C70400F82404002DE9F04F1546824683
:10E8700040F2FF19DFF874B185B000EB8108C245A2
:10E8800003D1002005B0BDE8F08FDAF80020C2F314
:10E89000C3210829C2F3080400F2A380524B4C455F
:10E8A00008BF4FF0FF34B2F1D05F5F5C4FEA1261F6
:10E8B00010D2192910D8DFE801F01219205B2329A2
:10E8C0005B0F0F0F0F0F0F0F0F0F0F0F0F0F5E616B
:10E8D00064787B7E382971D06FF08500D2E7C5F867
:10E8E0000446631C57D10AF1040AC8E7C5F80C4670
:10E8F000621CF8D00026314616E0C5F81046F0E755
:10E90000661CC5F80046EED0002604E0C5F80446B3
:10E91000601CE8D0012603A80394FFF77BFF0121C8
:10E92000039A01FA02F28260DAF80020039402F4FA
:10E930000040002818BF002103A818BF012601923B
:10E940000091FFF767FF039C019A00EB8400D0F869
:10E950008040C2F3412C00993A0242EA8C020A43F9
:10E9600004EA0B04224342EA4602C0F88020BAE7D8
:10E97000C5F80846BCE7C5F84045C9E7C5F84445B1
:10E98000B6E7C5F86045611CDAF80020ABD0C2F3E9
:10E990000042002ABED0012603A80394FFF73AFFE5
:10E9A000039A06FA02F24260A5E7C5F86445EAE771
:10E9B000C5F86845E7E7C5F86C45E4E703A80394A4
:10E9C000FFF728FF039A631C00EB8200D0F8802039
:10E9D00022F0E04242F08042C0F8802083D001263D
:10E9E00089E76FF015004DE77AC80400F0F0FCFFEE
:10E9F00073B5044605680021C0681EF0F7FD0823C2
:10EA0000C5F8003594F83C300BB30021E06801AA4A
:10EA10001EF0D1FC002815DB002340F2FF15019900
:10EA20000879DAB2904212D90A6852F82320C2F368
:10EA30000802AA4204D094F93D60B6EB521F08D1F7
:10EA40000133EEE701210A4A0A481BF0BCFF02B07D
:10EA500070BD094940F26133084A09481BF074F956
:10EA600008481BF071F940F2613104481BF063F96A
:10EA700083C804005017040039CF04009CC8040068
:10EA80003A800400D0C8040070B504460022012179
:10EA9000C620F4F745F9C620F4F720F9656801218E
:10EAA000E8681EF0A3FD636819686B69C1F8243536
:10EAB000EA8BAB8BA87E13432A8C13436A8C1343D7
:10EAC0006A7E9BB20243287E02431343C1F86C3531
:10EAD00025692868A0B1636800221C4908301E68B7
:10EAE0001FF046FD2B68DC63286800221849683057
:10EAF0001FF03EFD2B68C3F89C40164BC6F804334C
:10EB000061680B68D3F8002242F48022C3F8002227
:10EB10000822C3F800254A6B0121C3F83C270022D4
:10EB2000C3F840271965D3F830110029FBD0C3F88A
:10EB300000256368596811F0040105D1D8681EF0FA
:10EB400055FD6068FFF754FF002070BD9BD50300A2
:10EB5000D7D70300200218002DE9F84304460F46DA
:10EB600046681FF04AFC6368C0B9304A1278AAB1FF
:10EB70004FF040091D684FF0640863681B68D3F8C4
:10EB80003031002B40D101201FF09CF9B8F1010871
:10EB9000F3D10021202007F035FFECE71D6840236A
:10EBA0002269EFF3118883F31288BFF36F8F6168D6
:10EBB0000968D1F83011A9B11368C3B9736801228B
:10EBC0005B0744BF4FF48053C5F80433736B204692
:10EBD0001F70716B1EF019FD88F31188BFF36F8FE2
:10EBE000BDE8F88388F31188BFF36F8FD9E7D3F8B6
:10EBF000A420002AE2D0D3F8B420002ADEDAD5F827
:10EC00004427C3F8B420D9E7EFF31183984689F37A
:10EC10001288BFF36F8F62681268D2F83021002A21
:10EC2000CCD183F31188BFF36F8FB2E70E81002040
:10EC30002DE9F04FD0F804901F46D0F810B099F8A5
:10EC40000830824688461646DBF80050D9F8004066
:10EC500085B073B1644940F29B73644A64481BF009
:10EC600073F864481BF070F840F29B715F481BF02A
:10EC700062F895F86130002B40F0B38095F862207F
:10EC800002F0FF03002A40F0AC80781C00F0828084
:10EC9000D9F810104FEAE77CA1FB070E0023564A73
:10ECA00001FB0CE1EBF70AF940F2FF33984228BF71
:10ECB0001846C4F87805D4F8003243F00053C4F87D
:10ECC000003227EAE773DA171F3342F100025B09CB
:10ECD00043EAC2635209C5E916320023C5E910862A
:10ECE000C5E912332B65D9F80430590757D5EFF32E
:10ECF0001181402383F31288BFF36F8FDAF810205D
:10ED0000936843F0020090609A0705D1DAF8040096
:10ED10000391FFF76DFE039981F31188BFF36F8FA5
:10ED2000D9F804305B073AD595F86030BBB3B342ED
:10ED300028BF33469A461A464046D9F8301021F08B
:10ED4000E2FBB6EB0A0627D195F860200BF1080B21
:10ED5000A2EB0A02D2B285F86020D9F8300000EBAD
:10ED60000A0121F0DDFBDBE8EF3F43F00403CBE8D1
:10ED7000E23F002AF7D10122C4F34343C4F3043431
:10ED800002FA04F41D4A403342F82340002005B043
:10ED9000BDE8F08F1A469EE7013712D1D044002318
:10EDA000C4F80487C4F80867C4F84C31D4F84C217F
:10EDB000C4F85031D4F85031012385F86130A36292
:10EDC000E4E70023C4F81031D4F81031D5E9162354
:10EDD00000200021CDE9000105F1080008F0E4FC65
:10EDE000DCE76FF00F00D2E739CF04009CC80400C5
:10EDF0003A8004000FC9040040420F0000E100E027
:10EE000008B503685F2B4FEA531107D80C4A03F08B
:10EE10001F0352F82120DA40D2070BD409490A48CF
:10EE200040F2CA33094A1AF08FFF40F2CA3107484C
:10EE30001AF081FF0360064B53F8210008BD00BFA4
:10EE400080250400F5C704003A800400C2C704000E
:10EE500074250400012310B503FA01F14368046925
:10EE60001B6819420ED10E4940F28D630D4A0E48BF
:10EE70001AF06AFF0D481AF067FF40F28D610948E9
:10EE80001AF059FF2368194218BF82F0010222B11B
:10EE90008368DB68BDE81040184783681B69F9E7A1
:10EEA00074C9040043C904003A800400B2C90400D4
:10EEB0002DE9F84F4568D0F8108006460021E86B30
:10EEC00000AF1EF07CFE041E11DB296C481C1AD01A
:10EED00005F1440000F052FB10F1130F04460AD173
:10EEE00001214D4A4D481EF050FE6FF0120420469D
:10EEF000BD46BDE8F88F411D05D10121484A47486C
:10EF00001EF043FEF3E74FF001096B6B9847D8F80A
:10EF10000850D8E9023203EBC2039D4209D34046B0
:10EF20001EF08FFE73680021D86B1EF048FE00248F
:10EF3000DDE728681FF043F90346B0B92A686C463C
:10EF40008AB0106829796A46D1614FF40071354D55
:10EF500011843549C2E9055042F8101F4FF4115190
:10EF60002E48F2F77FFBA546BFE728682979EB8892
:10EF700003F03002302AD0F810E0D0E901BA0ED107
:10EF80002A4940F2E2332A4A2A481AF0DDFE2A488A
:10EF90001AF0DAFE40F2E23125481AF0CCFE03F016
:10EFA0000602042A09D1254940F2E933204A2148C2
:10EFB0001AF0CAFE40F2E931EEE7DA0754BF43F433
:10EFC000B01483F4D014DBF8003009FA01FC1CEA19
:10EFD000030F24F480120CD119494FF47F73144AA3
:10EFE00014481AF0B1FE17481AF0AEFE4FF47F71C4
:10EFF000D2E7DEF80030E4074CBF43EA0C0323EA13
:10F000000C03CEF80030DAF800309847041EFFF603
:10F010006EAF08357DE700BFC4C90400481704007F
:10F02000EFC904000CCA04000400000130CA040047
:10F0300043C904003A80040069CA0400A6CA040057
:10F0400074C90400B2C904002DE9FF4105690646F0
:10F05000AA6DD0F804802B6E002A35D1002B53D036
:10F06000B8F83840686D9C4228BF1C46EF6DEB6DC8
:10F0700053B12A6E42B107F06042B2F1005F03D093
:10F08000082C28BF08246F6F6A6DAC661AB1AA6D90
:10F09000002A18BF224601921BB12B6E002B18BF0D
:10F0A000234600900022694640460393029704F0ED
:10F0B00055F8184B984229D06FF00401304604B03F
:10F0C000BDE8F0411EF0DFBD696DEF6D0846B8F890
:10F0D0003840ABB1934228BF13469C4228BF1C4620
:10F0E0000029C4D001F06043B3F1005FBFD0082C09
:10F0F00028BF0824286F224621F005FA286FB6E7BA
:10F10000944228BF1446EBE71946D7E704B0BDE8A0
:10F11000F08100BF0000AD0B10B502780346002A55
:10F120005FD10C69A26E32B9606E6FF07301BDE8F9
:10F1300010401EF0A8BDE06D40B1216E31B1DB681A
:10F1400023B1834202D0616F21F0DDF9A36DA26E7D
:10F1500033B19A4213D90121224A23481EF015FDEA
:10F16000236EA26E33B19A4222D901211D4A1E4854
:10F170001EF00BFD606EBDE81040FFF765BF9B1AE7
:10F18000A3657BB9636C04F1580208336364A36C14
:10F1900004F14801013BA36404F144001EF0FCFCAF
:10F1A0006065DDE7636D002BDAD013446365D7E754
:10F1B0009B1A23667BB9E36C04F160020833E364B5
:10F1C000236D04F15001013B236504F14C001EF056
:10F1D000E3FCE065CEE7E36D002BCBD01344E365A1
:10F1E000C8E710BDD9CA0400481704002DE9F04F44
:10F1F00091B000AFFB6043680646BB608B88046932
:10F2000098048846914633D44FF0FF324FF0FF33D5
:10F2100004F1100005F076FBC4F80480D6F804B0C1
:10F22000D6F810A0DBF808303B609AF86D3023B1B7
:10F23000DAF80030984500F0B480B8F804E01EF425
:10F2400000631CD00121AB4AAB481EF09EFC6FF05E
:10F25000850523689B8813F4005304D1636004F18F
:10F26000100005F0CBFA28464437BD46BDE8F08FC4
:10F27000A369002BC8D163689942C5D1CEE71EF0BF
:10F28000010F15D06D4688B031686A469B48C2E9C7
:10F2900005014FF400719183994942F8101F4FF412
:10F2A000E2519548F2F7DEF9AD466FF01505D0E76B
:10F2B0001EF0080F05D0934A01218F481EF065FC0F
:10F2C000F3E7CEF34513082B01D08F4AF4E7D8F8C3
:10F2D00000307B607A688D4B9A4201D88C4AEBE70C
:10F2E00007F118050BF10C0CBCE80F000FC5BCE8CA
:10F2F0000F000FC5D7E90032934294BFFB62FA6258
:10F300001EF0020F9CE803000EF0040385E80300E2
:10F3100037D0002B14BF0323022387F83030CEF3FD
:10F32000001387F83130DBF80030D3F80036591C71
:10F330000BD01EF0020F7B6107F1140025D1FFF7FF
:10F340005FFD01237A69934083609AF86D302BB199
:10F35000584603F0A7FE00238AF86D3033466D4A05
:10F36000584607F1180103F057FE6B4A03469042D6
:10F3700012D00121694A60481BF02EFB6FF0040592
:10F3800067E7003B18BF0123C7E7FFF739FD0123FB
:10F390007A6993404360D8E70123CAF800808AF86D
:10F3A0006D30012384F86C30BB68196C4A1C0AD09C
:10F3B00003F1440000F012F9743004D10221584ADC
:10F3C0004D481EF0E2FBB9F1000F68D1C4F844903B
:10F3D0000023A36404F1580204F1480104F144003D
:10F3E0001EF0DAFBFB686065002B60D1E36400234C
:10F3F000236504F1600204F1500104F14C001EF099
:10F40000CBFB002501212A46E065256420461EF03D
:10F41000F7FB3046FFF718FE2A462B46A06C8342C6
:10F420004DD100231946256DA9424FD19A4238BFCC
:10F430001A46A0464FF4FA5303FB02F558F8283B4E
:10F4400047F6122C1B6840F2E730B5FBF3F50021BC
:10F45000C8354FF47A720023E5FB0C01EAF72EFD64
:10F4600002460B46404605F04DFA0246002834D0CD
:10F4700001212C4A20481EF088FB0025B868A566AB
:10F4800003F010FE6FF07301304684F86D501EF0EB
:10F49000FAFB404605F0B0FA6FF07305D9E6D9F8EB
:10F4A00000306364002B93D0D9F8043091E7FB68F7
:10F4B0001B68E364002B9AD0FB685B6898E7616C7B
:10F4C00001EBC301496801330A44A8E7E06C00EB93
:10F4D000C100406801310344A6E7256C15F1740FA3
:10F4E000CBD0002D3FF4B5AE014630691EF088FB4D
:10F4F000AFE600BFF7CA04004817040011CB0400B0
:10F500000300000133CB040052CB040047E80100A4
:10F5100081CB040019F101000000AD0BB2CB040057
:10F52000D9CB040003CC040008B503685F2B4FEA75
:10F53000531107D80C4A03F01F0352F82120DA4078
:10F54000D2070BD409490A4840F2CA33094A1AF0D3
:10F55000FBFB40F2CA3107481AF0EDFB0360064B93
:10F5600053F8210008BD00BF10260400F5C70400B1
:10F570003A800400C2C70400042604000123F0B549
:10F5800087B08DF80230022300248DF804306B44DC
:10F5900003930F4601AB0DF103010493054602915D
:10F5A000059402F00FFD0C4B064698420FD13946E8
:10F5B000284603AA02F0EAFAB0420BD028469DF88A
:10F5C000031002F0F7FC6FF0040007B0F0BD6FF01D
:10F5D0001200FAE72046F8E70000AD0BF7B50C463D
:10F5E00005461EF04DFD002221460646284602F043
:10F5F000F1FC01A80194FFF797FF019B00EB830248
:10F60000D2F88010154B0B4043F00C03C2F8803049
:10F6100000F08AF807462B689B59B3B100262146B3
:10F6200028461EF02BFD01A80194FFF77DFF019BEA
:10F6300000EB8300D0F88020084B134043F0040314
:10F64000C0F88030304603B0F0BD00F06DF8C01B4C
:10F65000C728E0D96FF07306E1E700BFF0F0FCFFC8
:10F6600070B514461D461EF01FFBA042A94113D3DE
:10F670000A4AD2E90061A41B24F01F0365EB0100D4
:10F680009B1941EB0001C2E90031640944EAC06002
:10F69000BDE8704007F0DEBE70BD00BF582E0020F0
:10F6A00010B500220121E420F3F73AFB174A0020AD
:10F6B000D2F8183723F44033C2F8183702F04CFE62
:10F6C000134B0446984208D10120124902F0F8FE7B
:10F6D000A04205D0104B984214D04FF0FF3010BD1F
:10F6E0001EF0E2FA67220D4B20F01F00C3E9000173
:10F6F0000B4BC3E900010B4B02201A60FEF7C2FA64
:10F700000020ECE76FF00B00E9E700BF00200E508F
:10F710000000AD0BD40C00200200AD0B582E0020D1
:10F72000502E0020A873002038B5EFF31185402338
:10F7300083F31288BFF36F8F174807F0D3FC68B9C3
:10F740008823164A164917481AF0FEFA1249164835
:10F750001AF0FAFA882111481AF0EDFA0E4807F06B
:10F76000E5FC1EF0A1FA04460B4807F0C9FC68B995
:10F7700040F23113094A0D490A481AF0E5FA0649E0
:10F780000B481AF0E1FA40F23111E4E785F31188F1
:10F79000BFF36F8F204638BDAC730020568904003C
:10F7A000838904003A80040098890400AE8904002B
:10F7B000C589040008B51EF077FA054AD2E900327F
:10F7C000C01A61EB0201400940EAC16008BD00BFF8
:10F7D000582E002037B5431C0CBF6FF0004420EAC0
:10F7E000E0741EF061FA0D4BD3E90025801A61EB3D
:10F7F00005032021C4FB0103402873F100042CBF42
:10F8000020F01F01002352184FF0010145EB0303C4
:10F810000091034802F0E8FE03B030BD582E0020EE
:10F82000CC0C00202DE9F04112F0FC6F1346D0E91A
:10F83000014706690ED0424940F2DF33414A42484F
:10F840001AF082FA41481AF07FFA40F2DF313D485F
:10F850001AF071FA02F03002302A0CD13C4940F221
:10F86000E233384A38481AF06FFA3A481AF06CFA1C
:10F8700040F2E231EBE7384A384D1A40AA420CD147
:10F88000374940F2E6332F4A2F481AF05DFA3548DF
:10F890001AF05AFA40F2E631D9E703F00602042AD8
:10F8A00009D1314940F2E933264A27481AF04CFA87
:10F8B00040F2E931CBE713F4402216D09D030CD47B
:10F8C0002A494FF47B731F4A1F481AF03DFA284813
:10F8D0001AF03AFA4FF47B71B9E7B2F5402F18D01D
:10F8E000244A9A4301D183F44023012524688D40A2
:10F8F000254223F4801219D11F494FF47F73114A16
:10F9000011481AF021FA1D481AF01EFA4FF47F71BF
:10F910009DE71B494FF47C730A4A0B481AF014FA0E
:10F9200018481AF011FA4FF47C7190E73468DB073D
:10F930004CBF2C43AC4334603B68BDE8F0411847F2
:10F94000DECD040043C904003A8004003BCE04002D
:10F9500030CA040069CA040002000300020001006A
:10F960005FCE0400A6CE0400A6CA0400F5CE0400B3
:10F970003BCF04000100100074C90400B2C90400A8
:10F9800076CF0400B7CF040070B5836846689C69E1
:10F990000569002C66D002F4C003B3F5C00F0ED188
:10F9A000324940F27B33324A32481AF0CDF93248BC
:10F9B0001AF0CAF940F27B312D481AF0BCF963B94C
:10F9C0002E4940F27F332A4A2A481AF0BDF92C48C2
:10F9D0001AF0BAF940F27F31EEE702F0E863B3F1D2
:10F9E000C86F0CD1274940F28233214A21481AF0CE
:10F9F000ABF925481AF0A8F940F28231DCE702F0B1
:10FA0000C863B3F5800F0CD1204940F28933184AFE
:10FA100018481AF099F91E481AF096F940F28931FF
:10FA2000CAE7012336688B4033420CD1194940F2B2
:10FA300093330F4A0F481AF087F917481AF084F9E0
:10FA400040F29331B8E7160204D52D682B4218BF57
:10FA500082F0C062114BA446BDE87040134002F032
:10FA6000B07260476FF0570070BD00BFE3CF040075
:10FA700043C904003A80040024D0040050D004009C
:10FA80007AD00400A5D0040026D104007AD1040065
:10FA9000C4D1040074C90400B2C9040040000006C7
:10FAA000012310B503FA01F1436804691B68194288
:10FAB0000ED10E4940F28D630D4A0E481AF044F9FA
:10FAC0000D481AF041F940F28D6109481AF033F9F6
:10FAD0002368194203D022B183681B6903E0002A1E
:10FAE000FAD08368DB68BDE81040184774C9040089
:10FAF00043C904003A800400B2C9040008B50349B0
:10FB000003481EF0DAF86FF0150008BD09D20400B2
:10FB1000A816040008B5034903481EF0CEF80020DB
:10FB200008BD00BF24D20400A81604002DE9F74345
:10FB300000244FF0010825461C4E30683779436891
:10FB400008FA07F71B681F420ED1194940F23463C7
:10FB5000184A19481AF0F8F818481AF0F5F840F25F
:10FB6000346114481AF0E7F8D0F81090836801A9BE
:10FB70005B68984700280CD012DB08FA05F31C4399
:10FB80000135042D06F10806D7D1204603B0BDE8A3
:10FB9000F083D9F80020019B53403B42F0D0ECE7C2
:10FBA00003B0BDE8F043FFF7B5BF00BF3C2604003B
:10FBB00074C9040043C904003A800400B2C90400B7
:10FBC0002DE9F041074688460025104E27FA05F238
:10FBD00012F0010210D128FA05F3DB070ED53179B6
:10FBE0003068FFF75DFF044640B1094909481EF03F
:10FBF00064F82046BDE8F0810122F0E70135042DCC
:10FC000006F10806E2D10024F3E700BF1C26040039
:10FC100039D20400A81604002DE9F843074600264F
:10FC2000144DDFF85C80DFF85C902868AFB1404588
:10FC300016D0484514BF4FF0E8624FF0986229791A
:10FC4000FFF7A2FE044670B1012103460A4A0B48A1
:10FC50001AF0C2FE2046BDE8F8834FF40012EEE72A
:10FC60004FF09862EBE70136042E05F10805DCD170
:10FC7000F0E700BF3C2604004FD20400A8160400A1
:10FC8000840A0400A40A040070B50446EFF3118648
:10FC9000402383F31288BFF36F8F234807F022FAC3
:10FCA00068B98823214A224922481AF04DF81E4992
:10FCB00021481AF049F888211C481AF03CF81F4DD9
:10FCC000194807F033FA2B78BBB91D4B9C4202D080
:10FCD0001C4B9C420AD10020FFF79EFF18B11A4925
:10FCE0001A481DF0EAFF0022194B1A700123202246
:10FCF0002B701848002305F039FC0B4807F000FA78
:10FD000068B940F23113094A13490A481AF01CF83D
:10FD1000054912481AF018F840F23111CCE786F381
:10FD20001188BFF36F8F70BDD47300205689040013
:10FD3000838904003A800400988904007A7E0020B8
:10FD4000840A0400A40A04006FD20400A816040068
:10FD5000797E0020602E0020AE890400C589040051
:10FD60002DE9F041494F3B7853B10020FFF754FF94
:10FD700028B147494748BDE8F0411DF09EBF3870A3
:10FD8000FFF7D4FE0446444BD3E8EF2FC3E8E14F1E
:10FD90000029F9D1414BDFF83C811A7842BBD8F8F1
:10FDA0000060A64219D03E4B66401B680BB131463D
:10FDB00098474FF0FF334FF0FF323A4804F008FA0B
:10FDC000394B1D6835B1043D2B68314620469847B4
:10FDD0006D68F7E7334804F0CBFAC8F8004054B137
:10FDE000BDE8F04140F239120023304805F0BEBBB7
:10FDF00000221A70F1E7EFF31186402383F3128893
:10FE0000BFF36F8F2A4807F06DF968B98823294A34
:10FE100029492A4819F098FF2549294819F094FFE3
:10FE20008821244819F087FF214807F07FF9254BE6
:10FE30001D78012D17D01E4807F062F968B940F20D
:10FE400031131C4A20491D4819F07EFF18491F48EC
:10FE500019F07AFF40F23111E3E786F31188BFF31E
:10FE60006F8FBDE8F08128461C70FFF7D5FE044671
:10FE70000F483D7007F044F90028E0D086F3118860
:10FE8000BFF36F8F002CECD0114973E7797E00200F
:10FE90008BD20400A8160400E47300203A0D002061
:10FEA000E8730020B8730020CC730020602E00207F
:10FEB000D473002056890400838904003A8004002A
:10FEC000988904007A7E0020AE890400C589040068
:10FED000A4D20400B473002070B500260C4CE28854
:10FEE0002068217942F40032FFF79CFC054648B9AE
:10FEF0000136042E04F10804F1D1BDE870400F2151
:10FF0000FFF75EBE034904481DF0D7FE284670BDCA
:10FF10001C260400BCD20400A8160400054BD3E83C
:10FF2000AF3F00B10360044811B102685A400A6053
:10FF300003607047E4730020B07300202DE9F8439C
:10FF4000394B1860394D3A481EF0A8F92E464FF04B
:10FF500000082F46F288306812F0010F14BF1023FA
:10FF6000202331791A4342F48032FFF75BFC0446C8
:10FF700030B1304930481DF0A0FE2046BDE8F8837E
:10FF800008F10108B8F1040F06F10806E2D10646AF
:10FF900080464FF00109286829794FF40012FFF7D5
:10FFA000F3FC044608B12549E4E72B7908F1010880
:10FFB00009FA03F3B8F1040F46EA030605F1080550
:10FFC000E9D10546DFF890801D4BC8E9013657F8A6
:10FFD00035008368DB6933B1012241469847044606
:10FFE00020B11849C6E76FF05704FAE70135042D30
:10FFF000EDD11549154805F081F90122144B13483C
:020000022000DC
:100000001A700023002205F029FA21462046FFF746
:1000100085FFFFF78BFD0F4BD3E8EF2FC3E8E10F10
:100020000029AAD0F8E700BFE87300203C260400AE
:10003000B8730020D6D20400A8160400F3D204003E
:1000400089FC01000ED3040061FD0100602E002038
:100050007A7E0020E4730020D873002003280A462B
:1000600010B503D9BDE81040FFF748BD074B03EBBF
:10007000C001097953F83000FFF712FD044618B1AA
:10008000034904481DF019FE204610BD1C2604003B
:1000900039D20400A816040002460B46014804F0B9
:1000A00097B800BFD80E0020014804F061B900BF26
:1000B000D80E002004460D46094E08B5324640F2DF
:1000C0003B130849084819F03FFE214607482A46D5
:1000D00019F03AFE40F23B11304619F02CFE00BFF9
:1000E00036D3040039CF04003A8004006FD30400F3
:1000F00003460A4610B5114881680C6864B9104976
:100100005B23104A104819F01FFE104819F01CFE1E
:100110005B210C4819F00FFE1946A04768B10C4945
:1001200040F2B5230B4A084819F00EFE0A4819F0B0
:100130000BFE40F2B5210748ECE710BD240B04008C
:10014000CBD3040097D304003A800400EBD304001F
:1001500043BF040036D3040011D4040008B50A4993
:100160000A481EF03AF900280CDA09492F23094AF7
:10017000094819F0E9FD094819F0E6FD2F21054865
:1001800019F0D9FD08BD00BFF0730020903A00209F
:1001900039CF04004BD404003A80040074D4040026
:1001A000094B93F84A30042B02D1810709D47047D8
:1001B000022B02D1020704D47047082B03D1830617
:1001C00001D5FFF7CBBF70477B7E0020F0B589B02B
:1001D000064600AF0D463448344904F091FE07F15D
:1001E0000C00E0F7FDFA6C4688B06A46304B53616C
:1001F000304B93614FF4007393832F4B42F8103FC1
:100200002E492F4807F10C03F1F72CFAA5462D488B
:100210001DF0D5FF50B901212B4A29481AF0D3FB14
:100220006FF0120420462437BD46F0BD274B381D21
:100230007B60E0F739FB034638B10121244A2048AE
:100240001AF0CAFB6FF01504ECE74FF0FF304FF0E7
:10025000FF31FFF721FF04460028E3D11D491E4866
:10026000E0F77CFA044610B1FFF71EFFDAE741F62B
:100270004C5307F10800BB60EAF7D9F920B1FFF74A
:1002800013FF6FF08504CDE7012338463B70EAF792
:10029000C6F90028F3D1FFF707FF33690F481D6047
:1002A000F3F7A2FFBEE700BFF073002085DD030077
:1002B00095A1040097D4040003000001C01C400174
:1002C00070160400240B0400BED40400F1000200E8
:1002D000DED40400902E0020C1030200A101020020
:1002E00010B5344886B0E0F7AFF920B9E0F78AFAE4
:1002F00018B16FF0850006B010BDE0F797FA00283E
:10030000F7D1E0F7A7FA0028F3D1E0F7B1FA002817
:10031000EFD1E0F7BBFA04460028EAD1022103AA94
:100320008DF80C10E0F7CAF90028E4DB0823072158
:10033000204603AAADF80C30E0F7C0F90028DADB5C
:100340004FF04513039340F203230321204603AAF1
:10035000ADF81030E0F7B2F90028CCDB012304211E
:10036000204603AA8DF80C30E0F7A8F90028C2DB7C
:100370001F230621002003AAADF80C30E0F79EF9F8
:100380000028B8DB40F6FA33984210DD01210090D6
:10039000094A0A481AF02AFB002383F31188BFF3A5
:1003A0006F8F0423184602DF6FF00B00A3E70020D5
:1003B000A1E700BFB500020002D5040070160400DA
:1003C00073B5474C94F84A3023B394F84A30042B61
:1003D0005BD120783E2830D0FF2834D000256378C8
:1003E00002334A2B34D94A22012100923D483E4A29
:1003F0001AF0FCFA6FF00B0301213C4A39481AF05D
:10040000EBFA002383F31188BFF36F8F04231846A0
:1004100002DF26E04FF0FF304FF0FF31FFF73CFEE8
:1004200048B9204604F14A0100F0C0FB0546FFF739
:100430003BFE002DC9D002B070BDA578022D14BFBF
:1004400000250125CBE7A57805F0FD05802DF6E711
:10045000002200232946F3F7D3FE064648B9002DB3
:10046000E9D0002384F84A3002B0BDE87040FFF7BD
:1004700075BE62781A4902320C301AF054FD3146CA
:100480001B4B1B681B489847EBE7022B15D100223A
:1004900000230820F3F75CFE05460028CBD06388D4
:1004A00004334A2B9FD81A460D4905F10C001AF067
:1004B0003AFD0F4B29461B68E4E7082B09D10023BE
:1004C00000222020F3F744FE638805460028E7D188
:1004D000B1E70121084A03481AF07EFAC1E700BFDC
:1004E0007B7E00207016040024D504007DD5040016
:1004F000EC730020640B040044D50400F7B5804D74
:1005000006462B78002B40F0498304238DF80730F2
:100510007C4B04881F68B7B10DF106030DF107028B
:10052000691CB84701280ED09DF80630002B40F01A
:100530007B819DF807300E22AB7001236A70EB704F
:10054000AC80A87179E1B4F5105F4FEA94230AD228
:10055000002B4ED0013B072B08D8DFE803F009073A
:10056000367A070707C13F2B00F02182012055E0B2
:10057000304640F2064230F9033B93420FD040F23E
:100580001D4293421ED0012040F206439C4200F0DF
:100590004B8140F21D439C4200F046813EE0EAF769
:1005A000B0F842F264039C4240F2CD8242F28503ED
:1005B0009C4233D842F267039C4200F2D68242F258
:1005C0006603E8E7EAF79FF8EBE7304640F6634258
:1005D00030F9033B934230D00DDC40F603429342A6
:1005E0001FD040F62D4293421ED040F60142934266
:1005F00012D0012018E140F67B42934220D040F611
:100600007C429342F5D19DF807303F4902338DF883
:100610000730E9F78BFF01E0E9F77AFF0128E8D01E
:1006200087E7E0F713FAF9E79DF807303649033317
:100630008DF80730E9F771FFF0E7E9F770FFEDE7B4
:100640009DF80730304904338DF80730E9F76CFF27
:10065000E4E73388A3F58053013B082BC9D801A2F6
:1006600052F823F0890602009B060200AF06020042
:10067000F3050200F3050200F3050200F305020092
:10068000F3050200CF0602009DF807301E4808332C
:100690008DF80730E9F7E6FFC0E79DF807301A4804
:1006A00040338DF807301DF06FFB002041E700223A
:1006B0009DF8073008338DF80730134B1A605A60E5
:1006C000EB7A23F0600343F06003EB72EDE79DF8F3
:1006D00007300D4806338DF80730E9F7C5FF9DE771
:1006E000304642F24E0130F8033B1AB28A4242F2DF
:1006F00064016BDCB2F5005F08DC8C425EE000BF99
:10070000C67E002000740020CD7E0020A3F500539B
:10071000013B4D2B4FD8DFE813F0600068007100FB
:100720004E00950098009B00A400A700AA004E0070
:100730004E004E004E00AD00B600B900BC004E00A9
:100740004E00BF00C800CB00D4004E00DD00E60024
:10075000EF004E004E004E004E004E00F900020128
:100760000B014E004E000E011101140117014E0045
:100770004E002001230126012F0138013B014E00CC
:100780004E004E004E004E004E004E004E004E00F9
:100790004E004E004E004E004E004E004E004E00E9
:1007A0004E004E004E004E004E004E004E003E01E8
:1007B0004E004E00470142F264039C423FF419AFE1
:1007C00040F2D18142F285030120F1E642F27C033E
:1007D0009A4292D1E9F793FF01E0E9F747FF42F22D
:1007E00064039C427FF4DDAE1EE09DF80730CE48E6
:1007F00003338DF80730E9F73EFFF0E79DF8073047
:10080000C94808338DF807301DF0F9FA42F2640345
:100810009C4208D040F2968142F285039C4240F20D
:10082000BB810020FAE600200F236B700423AB701D
:100830000123E8702B71A5F80540012300202B70DF
:1008400003B0F0BDE9F719FFC9E7E9F718FFC6E7FC
:100850009DF80730B44801338DF80730E9F711FFF0
:10086000BDE7E9F710FFBAE7E9F70FFFB7E7E9F7E8
:100870000EFFB4E79DF80730AB4801338DF8073021
:10088000E9F707FFABE7E9F706FFA8E7E9F705FF98
:10089000A5E7E9F704FFA2E79DF80730A24907336F
:1008A0008DF80730E9F7FDFE99E7E9F7FCFE96E7DA
:1008B0009DF807309C4910338DF80730E9F7F5FEB5
:1008C0008DE79DF80730984808338DF80730E9F731
:1008D000EEFE84E79DF80730934902338DF8073028
:1008E000E9F7E7FE7BE79DF807308F4902338DF883
:1008F0000730E9F7E2FE72E79DF8073008338DF81C
:1009000007308F23EB71C023EB727FE79DF8073030
:10091000854902338DF80730E9F7D3FE5FE79DF88C
:100920000730814804338DF80730E9F7CCFE56E7ED
:10093000E9F7CBFE53E7E9F7CAFE50E7E9F7C9FE4E
:100940004DE7E9F7C8FE4AE79DF8073076480133DE
:100950008DF80730E9F7C1FE41E7E9F7C0FE3EE751
:10096000E9F7BFFE3BE79DF807306F4808338DF885
:100970000730E9F7B8FE32E79DF807306A490433DB
:100980008DF80730E9F7B1FE29E7E9F7B0FE26E771
:10099000E9F7AFFE23E79DF80730634802338DF88F
:1009A0000730E9F7A8FE1AE7E9F7A7FE17E7304690
:1009B0004FF6165230F8033B93425BD84FF6015284
:1009C000934206D803F2FF3292B20A2A34D90120A8
:1009D0005FE0A3F57D43023B142BF8D801A252F847
:1009E00023F000BF050B02000B0B0200110B0200ED
:1009F000170B0200CF090200CF090200CF09020045
:100A00001D0B0200CF090200CF090200230B0200D8
:100A1000CF090200CF090200CF090200CF0902006E
:100A2000CF090200CF090200CF0902002D0B0200FE
:100A3000CF0902003F0B0200A3F57C43013B0A2BC8
:100A4000C5D801A252F823F0830A02009F0A0200CF
:100A5000CF090200CF090200CF090200ED0A02000F
:100A6000CF090200CF090200C90A0200DB0A020016
:100A7000F30A02004FF61D529342A8D1E9F7F0FDA8
:100A800007E09DF8073028480C338DF80730E9F768
:100A90004FFD4FF6025224F0080393427CE50020FC
:100AA0009DF8073040338DF807301F4B1880EB79E5
:100AB00023F0230343F02303EB712B7A23F0070386
:100AC00043F007032B72E4E79DF80730164817330D
:100AD0008DF80730E9F74AFDDBE79DF8073012484B
:100AE00020338DF80730E9F765FDD2E7E9F73CFDE3
:100AF000CFE79DF807300C4801338DF80730E9F750
:100B000076FDC6E7E9F789FDC3E7E9F788FDC0E7A9
:100B1000E9F787FDBDE7E9F78AFDBAE7E9F789FD5F
:100B2000B7E7E9F78AFDB4E7CD7E00209DF80730EE
:100B30001C4904338DF80730E9F781FDA9E7E9F78F
:100B40008DFDA6E7002042F219039C4218D842F21C
:100B50000C039C427FF618ADA4F500530D3B41F207
:100B600041229BB206E00120EDE7A4F50153283BAA
:100B70000D4A9BB222FA03F3DB077FF54FAD53E634
:100B800042F232039C423FF44FAEA4F50153033BC3
:100B9000012B3FF643AD47E600200BE54FF0FF3059
:100BA0004EE600BFCD7E00202F80402038B5094C96
:100BB0000D4623781BB9BDE83840E9F799BCA27807
:100BC000611C02321FF09FFC0020042320702B7058
:100BD00038BD00BFC67E002070B506460C460F4DDE
:100BE00028461DF0ECFAA8B1A2B2AB681B6863B945
:100BF0000B495B230B4A0C4819F0A6F80B4819F077
:100C0000A3F85B21074819F096F831462846BDE85D
:100C1000704018476FF0120070BD00BF240B040035
:100C2000CBD3040097D304003A800400EBD3040034
:100C30004FF40071014814F005BB00BF0E7F002087
:100C400004460D46094E08B5324640F233130849B2
:100C5000084819F079F8214607482A4619F074F82F
:100C600040F23311304619F066F800BFD5D50400C4
:100C700039CF04003A80040002D60400322337B58D
:100C80000125ADF8043000231C216846134A8DF875
:100C90000630ADF800508DF80230E8F74FFE0446FC
:100CA000C8B91CF01DF980B2E7F74EFB29460C4885
:100CB000ECF73EFE044670B901462A468520F2F75D
:100CC0002FF82A462146E520F2F72AF82A4621463F
:100CD0008A20F2F725F8204603B030BD410C02000F
:100CE0000874002008B54FF0FF304FF0FF31FFF7D8
:100CF000D3F948B107490848D123084A19F024F824
:100D0000D121064819F017F8ECF791FFBDE808402B
:100D1000FFF7CAB919D604003A800400D5D50400FB
:100D2000024608B50A480B460A4904F013FB00289E
:100D30000CDA09494723094A094819F005F8094816
:100D400019F002F84721054818F0F5FF08BD00BF6B
:100D5000903A00208809002039CF04004BD40400C9
:100D60003A80040026D6040008B50A490A481DF056
:100D700034FB00280CDA09492F23094A094818F0E6
:100D8000E3FF094818F0E0FF2F21054818F0D3FFD2
:100D900008BD00BF38740020903A002039CF04000D
:100DA0004BD404003A80040074D404000122014BA7
:100DB0001A63704700E010500122014B5A637047DC
:100DC00000E0105003460221014A024819F004BE17
:100DD00060D604001017040028B1022806D10420B0
:100DE000034B1B681847024B1B68FBE7FFF7EABF82
:100DF0004874002010B538B101280BD1BDE810406F
:100E000000200B49E7F7A0B90A4B0220BDE81040CB
:100E10001B68184708493823084A094818F094FF06
:100E2000084818F091FF3821044818F084FF00BFEB
:100E3000D90D02004874002039CF04007CD604008C
:100E40003A800400B9D6040008B598B1012804D14D
:100E5000BDE808400020E7F79FB907494B23074A40
:100E6000074818F071FF074818F06EFF4B21034840
:100E700018F061FF08BD00BF39CF04007CD6040024
:100E80003A800400B9D60400014B1860014870474D
:100E9000487400200000AD0B38B5304C0D46237E61
:100EA000834209D02E495F232E4A2F4818F04CFF69
:100EB0005F212C4818F03FFF04F14003D3E8AF3F17
:100EC0002BBB09293DD8DFE801F0053C3C3C3C2424
:100ED000241F3C22236AD3E900209047012808D030
:100EE000224B984203D00223E06384F83430204838
:100EF0000EE047F230532363032384F834301D4B54
:100F000084F82900A363F2E7144803F077FC00207B
:100F100038BD002384F82930174B207E1549236300
:100F2000ECF747FD04460028F1D057230D4A13493A
:100F30000D4818F009FF2146114818F005FF572108
:100F4000B7E79223074A0F49074818F0FDFE2946E4
:100F50000D4818F0F9FE9221ABE700BF4C74002059
:100F600013D70400D9D604003A8004001F64660237
:100F70008074002070740020FF3F420F35D70400BA
:100F80003ED7040039CF040061D7040001220021BC
:100F900001481DF0BCB900BF4C740020014BD86162
:100FA000704700BF4C740020F8B54FF0FF31064683
:100FB0004FF0FF30FFF770F8054648B14849BE23AF
:100FC000484A494818F0C0FEBE21464818F0B3FE12
:100FD00046494748E7F702FA0446FFF765F8002C50
:100FE00008DA444823460121434A19F0F5FC6FF022
:100FF0000B00F8BD40F20113404C2385E3692662E3
:101000006433E36247F2305323636FF0730384F871
:101010002450E36304F14006D6E8EF3FC6E8E25F00
:10102000002AF9D1A36837463BB13549D4232D4A6C
:101030002D4818F089FED421C7E74FF0FF304FF05C
:10104000FF31FFF729F838B12549D723254A26482B
:1010500018F07AFED721B8E7207E04F12401ECF7DE
:10106000A8FC054658B1D9231E4A26491E4818F047
:101070006BFE2946244818F067FED921A5E7FFF743
:1010800013F800232046214A03F03CFC00280BDA29
:1010900001211F4A174819F096FC0123D7E8EF2FCA
:1010A000C7E8E13F0029F9D14FF0FF304FF0FF31A1
:1010B000FEF7F2FF38B10A49E4230A4A0A4818F059
:1010C00043FEE42181E7207EECF755FCFEF7ECFFC0
:1010D000D6E8AF3F13B1094803F08EFCE06B88E718
:1010E00019D60400D9D604003A80040064740020A4
:1010F000990E0200D016040079D704004C74002029
:101100009FD7040035D704003ED704000E720B00B1
:1011100076B00400064BD3F840231C2A05D1D3F83F
:101120004403431E5842584170470020704700BF97
:1011300000C0FF0003689A070CD50368DB070DD5D4
:101140000922074BC3F80C250F22C3F804250122FE
:101150001A60FEE7034B0360EF3B0360704700BF7C
:1011600000801050F000FA5008B50123434A44486B
:10117000C2F80038434AD2F840231C2A04BF424A2E
:10118000C2F80C34FFF7D6FF0830FFF7D3FF083062
:10119000FFF7D0FF0830FFF7CDFF00F5F470FFF741
:1011A000C9FF3A4AD2F88C3043F44063C2F88C301D
:1011B0000022D30003F57F0303F54043D3F8001466
:1011C00001310AD0D3F8001439B1D3F80014013238
:1011D000D3F80434402A0B60EBD1284BD3F84024D9
:1011E000002A47D0FFF796FF48B1264BD3F83423A7
:1011F000274B9A429EBF214B264AC3F84026FFF751
:1012000089FF18B1244B254AC3F8AC27FFF782FFAA
:1012100048B13422194BC3F82426D3F83C2622F4D3
:101220000022C3F83C26174BD3F840331C2B08D1BF
:101230001B4BD3F80026D20744BF6FF00102C3F85E
:10124000002603231749C1F81835104BD3F88C201A
:1012500042F44062C3F88C20D3F8882042F4700234
:10126000C3F88820BFF34F8FBFF36F8F0023C1F8FF
:10127000A03508BDC822C3F84024B3E700001250CF
:1012800000C50D5000C0FF000030055000ED00E02B
:10129000001D0A1840E0A91E00A0085078000A04AA
:1012A00000E0105000B0045030B50468ACB1B4FA9E
:1012B00084F30122C3F11F03DBB29A4024EA020245
:1012C000D0E8EF5FA54204D1C0E8EC2FBCF1000FDD
:1012D000F6D1EAD102480B7030BD0248FCE700BFEE
:1012E0000000AD0B0200AD0B10B50368CB40DB076F
:1012F00010D401238B40026843EA0201D0E8EF4F8B
:10130000944204D1C0E8EC1FBCF1000FF6D1F2D139
:10131000014810BD0148FCE70000AD0B0400AD0B17
:101320001022054911F8013D013A01330B701B0AE7
:1013300001D0002AF6D17047D83B0020254B90B051
:1013400004931123244A2549CDE9062308AB0593CC
:1013500040F61102224BCDE90A12089320330C9378
:1013600021230CAA09921F4A0090CDE90E230123E4
:10137000CDE901320D9320231B4A0393D2F80034A8
:1013800043F00103C2F800344FF0A34304AA1A60EB
:101390000322C3F810D05A63BFF35F8F9A639A6A2F
:1013A00012F0240F12D1D86B10F02300F7D14FF0B8
:1013B000A34310225A6300225A630B4AD2F8003426
:1013C00023F00103C2F8003410B070474FF0FF3033
:1013D000EDE700BF68260400040000202000002084
:1013E000A83B002010000020008004502DE9F041AF
:1013F00004464FF000088CB06F4608EB0700FFF77B
:101400008FFFFFF79BFF3D46064608BB08F110081B
:10141000B8F1300FF0D11CB104F13002944210D178
:101420000FCD0D4C0FC495E80F0084E80F00103469
:101430000CAB13E90F0084E80F0030460CB0BDE898
:10144000F081396854F8043B4B4047F8043BE5E72A
:101450004FF0FF36F1E700BFA83B0020F0B50020B9
:101460004FF480744FF400752C4A2D4ED2F800349E
:101470008DB043F00203C2F800342A4B00211C60F7
:10148000186458645D631E601A6B12F00E0FC2F38D
:101490004207F9D0052FF1D071B95A68032AF3D960
:1014A000D3F880201A61D3F880205A61D3F88020C5
:1014B0009A61D3F88020DA615A68012192002F2ABC
:1014C000E2D9D3F880206B4630211846154C1D1DFB
:1014D00003F8012B9D424FEA122201F1FF3115D092
:1014E0000029F5D10123104C0C4A84F83930D2F888
:1014F000003423F00203C2F80034FFF777FF50B93D
:1015000001220023C4E90C230DB0F0BD0029E9D06D
:10151000D4F88020DBE74FF0FF30F5E7008004507F
:101520000100040000108051A83B002010B50B4CB6
:1015300094F83830012B0CD04022002120461FF0B7
:1015400009F8FFF78BFF30B90123054884F83830DC
:1015500010BD0448FCE70448FAE700BFA83B0020A0
:101560000000AD0B0C00AD0B0100AD0BF0B5234D31
:10157000064695F838300C4685B05BB920492148BD
:1015800040F2F713204A18F0DFFB40F2F7111E4833
:1015900018F0D1FB19B170B3B1F5803F2BD86B6B4C
:1015A000B3F5803F17D3FFF759FFA0B1174805B037
:1015B000F0BD102C6846274628BF1027FFF7B0FE65
:1015C000FFF7BCFE0028F1D130463A4669461EF0CE
:1015D0009AFFE41B3E44002CEBD12046FFF706FFA8
:1015E0000028E3D1D5E90C32013342F10002C5E90C
:1015F0000C320748DBE70748D9E700BFA83B0020CB
:1016000019D804003A800400DBD704000100AD0BB8
:101610000000AD0B0400AD0B5F2898BF074B4FEAED
:1016200050129FBF53F8223000F01F0023FA00F041
:1016300000F0010088BF0020704700BF782604003A
:10164000034A4309D35C00F01F001844C0B270473E
:101650003CD9040070B505460846FFF7F1FF3C2170
:101660002A791E4B01FB0202083233F81200C10531
:1016700027D578240026C0F3432120F4F85023F81E
:1016800012002A7904FB02340E3434F8020F10F4ED
:10169000807F03D0C0F34320814212D00136232E35
:1016A000F3D10020C2EB02120A4443F83200782042
:1016B0002A7900FB02306030FFF716FE084B984293
:1016C00000D170BD0749084840F2EB13074A18F0F3
:1016D0003BFB40F2EB11054818F02DFB9074002005
:1016E0000000AD0B44C804003A80040089D804000F
:1016F00010B5016804460846FFF78EFF58B9104937
:1017000040F2CA330F4A104818F01EFB40F2CA31AB
:101710000C4818F010FB01F01F035F2923604FEA0B
:10172000511209D9094940F2D333064A064818F044
:101730000BFB40F2D331EBE7054B53F8220010BD11
:10174000F5C70400C2C704003A80040039CF040082
:101750006C260400072808B50BD90849084840F250
:10176000D133084A18F0F0FA40F2D131054818F0A8
:10177000E2FA800000F5807008BD00BF7FD8040049
:101780003A8004004AD80400F0B50646002487B029
:10179000114F019117F8012B06AB03EBD20313F89D
:1017A000143C02F00702D34013F0010306D10134C8
:1017B000032CEFD10023184607B0F0BD074A03AD54
:1017C00007CA85E8070055F824100A6A46F824205D
:1017D0000A62002AEBD0EEE74CD90400541804004A
:1017E00010B504460846FFF72BFF3C2303FB04001B
:1017F000024B083033F81000400B10BD90740020ED
:1018000010B504460846FFF71BFF3C2303FB04000A
:10181000034B083033F81000C0F3400010BD00BF88
:101820009074002010B504460846FFF709FF3C23DA
:1018300003FB0400044B083033F8100010F01C00C8
:1018400018BF012010BD00BF9074002010B50446E1
:101850000846FFF7F5FE3C2303FB0400034B08306A
:1018600033F81000C0F3401010BD00BF907400208A
:1018700010B504460846FFF7CFFE58B91B4940F2A1
:101880001E231B4A1B4818F05FFA40F21E2118481D
:1018900018F051FA24792046FFF7B2FF48B11649F3
:1018A00040F21F23124A134818F04EFA40F21F214B
:1018B000EDE72046FFF7B6FF48B910494FF408732B
:1018C0000B4A0C4818F040FA4FF40871DFE7204645
:1018D000FFF7BCFF30B12046FFF782FFBDE81040A4
:1018E000FFF738BF4FF4A27010BD00BFC7D8040087
:1018F00089D804003A800400E8D8040006D904001E
:1019000010B504460846FFF79BFE3C2303FB04008A
:10191000034B083033F8100000F0010010BD00BF89
:101920009074002078232DE9F04F6F4C0E460C1B6D
:10193000B4FBF3F4D0F81413DFF8B8B1C9B28BB02C
:1019400041F400315BF8342000901CF044FB81032B
:10195000054638D50023E7000BEBC404CDE9073377
:101960000993636807A819460193FFF70DFF3B1D14
:1019700003934FF0000A5D4B0DF11C090293029A8C
:1019800012F8013B0292039A02EBD3021BF80220E9
:1019900003F0070322FA03F3DA071AD40AF1010A63
:1019A000BAF1030F09F10409E9D14FF40031002223
:1019B00000981CF010FB019907A8FFF7E5FE00282E
:1019C000D7D125F400350124002D76D10BB0BDE828
:1019D000F08F474B53440493D9F800100029DDD011
:1019E00091FAA1F1B1FA81F1049B1C7841EA441407
:1019F0002046FFF725FE083036F81080C8084FEA69
:101A000098030593012319F8002001F0070103FA58
:101A100001F122EA010209F8002006A80694FFF766
:101A200067FE069A059B203250F82220C8F38207F1
:101A30005B07B846C2F3014223D521463046D7B2F0
:101A400042461CF041FA06A80694FFF751FE069B99
:101A5000203350F82330C3F301439F4207D10021C4
:101A600020461CF09DFA394620461CF099FA06A83B
:101A70000694FFF73DFE0122069B02FA03F3036280
:101A8000AAE7022A0DD1032120461CF089FA07F0AB
:101A90000503012BEBD14246214630461CF014FAD7
:101AA000E5E70221204605921CF07AFA032FF2D0D6
:101AB000059A032ADBD1022FECE795FAA5F3B3FAD6
:101AC00083F3009904FA03F225EA020503F5A272F2
:101AD00051F8222006EB43033046B3F86410C2F3FA
:101AE00001421CF0F1F96FE7907400204CD904001A
:101AF0004CD9040084260400F7B5044600790D464D
:101B0000FFF7FEFE002836D020461CF090FA277919
:101B100029463846FFF79AFE58B13846FFF760FE6F
:101B20000022266800B206EB8003C3F81025C3F834
:101B3000102529462046FFF78DFD2846FFF780FD3A
:101B40003C222379019502FB030000220B4B083055
:101B500023F8102001A8FFF7CBFD019B00EB8300C9
:101B6000D0F88020064B134043F00203C0F88030C9
:101B7000044803B0F0BD0448FBE700BF90740020A8
:101B8000F0F0FCFF0000AD0B0400AD0B2DE9F04FB1
:101B90009046044685B00846FFF752FDD8F80090FD
:101BA0000D4607462679B9F1000F1ED020461CF0DD
:101BB00006FA50BB4B46CDE900008DF80E008DF8BB
:101BC0000F000DF10F020DF10E0128461CF09BF9DC
:101BD0003C2303FB06735E49083331F8132022F0DF
:101BE000020242F0010221F81320D8F80430002B41
:101BF0003FD02946207993F80090D3F804A0FFF74E
:101C0000FFFD20B1BAF1000F26D0524835E03C224A
:101C10007243DFF83CE102EB070C0CF1080C3EF8D4
:101C20001C3023F02003DB04DB0C2EF81C30BAF14F
:101C3000000F11D0B9F1030FE7D8D8F804102068CD
:101C4000496891F800A000EB8A00B9F1000F17D1A4
:101C5000C0F81095C0F810953C2303FB06763C4A6B
:101C6000083632F8163023F01C0343EA890322F8C1
:101C70001630D8F8083063BB374805B0BDE8F08FA0
:101C8000D0F810B552442BF0030BC0F810B5206803
:101C900043EA4A3300EB8A01D1F810050EEB420209
:101CA00020F4473020F47C70C1F8100541F6F07044
:101CB000D1F810B500EA051040EA094040EA0B00EF
:101CC00043F02003C1F81005A2F864502EF81C3030
:101CD000C2E72946D3E900862046FFF7BBFCB8F1EE
:101CE000000FC9D078232079194D4343EA18EB58E7
:101CF000984504D153689E4201D100220CE078231C
:101D000003FB00500DF10F016030FFF7CDFA124BCD
:101D10009842B2D19DF80F203C212379C3EB0313E5
:101D2000134445F833802379C3EB0313134405EBC5
:101D3000C3035E60237901FB0373083335F8131086
:101D400041EA422242F4807225F8132094E700BF52
:101D5000907400200400AD0B0000AD0B2DE9F043A2
:101D6000054685B0084690461F46FFF769FC0E46BB
:101D70000446B8F1000F2DD095F804904846FFF7BF
:101D80003FFD18B94846FFF761FD50BB3146484654
:101D9000FFF748FD18B198F80130012B21D001233D
:101DA0008DF80F30002308F10102CDE900830DF119
:101DB0000F0108F1020330461CF0A5F83C222B79F4
:101DC0002F4902FB0343083331F8132042F003028A
:101DD00021F81320002F50D031462879FFF710FD4D
:101DE00018B9284805B0BDE8F08300214FF03C0E3B
:101DF00038782B68820003EB8003C3F81015C3F812
:101E000010152B791E490EFB0343083331F813C01C
:101E10002CF4604C2CF0200C21F813C097F801C072
:101E2000BCF1000F29D02B68BF781A44D2F8108576
:101E3000154B4FEA0C4C08EA0303C2F8103541F683
:101E4000F0730CF4403C03EA06133F05D2F810850A
:101E500043EA0C0307F480173B4343EA0803C2F844
:101E600010352B790EFB0344083431F8143043EA63
:101E7000403343F0200321F814300448B2E700BF98
:101E8000907400200400AD0B0FE0ECFF0000AD0BE0
:101E900030B578250479044B05FB0434A160017941
:101EA00005FB0133DA6030BD9074002070B5144634
:101EB0005AB91049104840F24D33104A17F044FF08
:101EC00040F24D310D4817F036FF06793046FFF7E6
:101ED000BDFC68B10846FFF7B3FB3C2303FB0600DB
:101EE000074B083033F8103006485B0B237070BD89
:101EF0000548FCE727D904003A80040089D804008B
:101F0000907400200000AD0B0400AD0B2DE9F843E8
:101F10008046077978201C4E00FB076393F87440D5
:101F200084BB1846A1464622214610301EF012FB03
:101F300098F80420154BD8F8005053F83280A0458B
:101F400013D10023C5F30830C5F844310130D5F86A
:101F50004431F0F7C3FE782303FB076601230C48E6
:101F600086F874303366BDE8F883E0B2FFF7F2FB21
:101F7000A0F580739B08112B04BF45F800902B58E7
:101F80000134DCE70348EEE7907400208426040067
:101F90000000AD0B0C00AD0B78210279044B01FB66
:101FA000023393F87400003818BF0120704700BF57
:101FB000907400200079024B03EB8000FFF794B986
:101FC000DC0C00200079024B03EB8000FFF76CB9BA
:101FD000DC0C00202DE9F74390F8049004464846B5
:101FE0000D461646FFF71EFC58B9354940F25343DB
:101FF000344A354817F0A8FE40F25341314817F0F3
:102000009AFE4846FFF722FC276800B34846FFF7D0
:10201000F7FB8046D8B94846FFF7E2FB0546FFF7D5
:1020200099FB47F800803B5823682AB203EB8203F0
:10203000D3F8102542F00102C3F8102526B1012380
:102040002268AB40C2F8143303B0BDE8F083D7F880
:1020500014339B035CBF4FF40033C7F814334EB9FD
:102060001A4940F26D43174A174817F06DFE40F2C7
:102070006D41C3E72846FFF7E3FA3C22237902FBD0
:102080000300134B083033F81030C3F38203042BE2
:1020900011D0052B11D001A80195FFF729FB019B59
:1020A000C168D94001F001010231284603B0BDE802
:1020B000F0431BF075BF0321F7E70221F5E700BFEE
:1020C00006D9040089D804003A80040031D90400FC
:1020D0009074002001490248FFF724BC907400204E
:1020E00000A00D5001490248FFF71CBC08750020F4
:1020F00000C0105008B5154B027AD3F8101521F026
:1021000001010A43C3F810250268B2F5803F0BD3E2
:102110000F4940F2A4730F4A0F4817F015FE40F222
:10212000A4710C4817F007FEC3F8A4264268FF2AE2
:1021300009D90A4940F2AF73064A074817F004FE6E
:1021400040F2AF71EDE7C3F8AC2608BD00200E5099
:1021500082D904004FD904003A800400AAD90400AF
:102160000B2808B50BD90A490A4840F243730A4ABA
:1021700017F0EAFD40F24371074817F0DCFD002339
:10218000000100F1A04000F56220C0F82C3508BD28
:10219000D0D904003A8004004FD9040070B5044639
:1021A00048B910491048CD23104A17F0CDFDCD2174
:1021B0000E4817F0C0FD0E4E007A331893F85450B5
:1021C000FFF7CEFF0C2303FB05632268DA60626829
:1021D0001A610122217A1975B3688A401343B360EA
:1021E00070BD00BF20DA04003A800400E4D9040086
:1021F000B80900200B2808B50BD90B490B4840F251
:10220000EB430B4A17F0A0FD40F2EB41084817F0F2
:1022100092FD000100F1A04000F56220D0F82415E5
:10222000D0F8200508BD00BFD0D904003A800400D2
:102230004FD904000B2808B50BD9114940F2DB43F4
:10224000104A114817F080FD40F2DB410D4817F0AD
:1022500072FDB3F5801F09D30C4940F2E143094AEE
:10226000094817F071FD40F2E141EFE7000100F18C
:10227000A04000F56220C0F82025C0F8243508BD34
:10228000D0D904004FD904003A8004002CDA0400AD
:10229000012303FA00F010F0670F0AD0064B5B68C9
:1022A000DB4303F067030342044B054818BF18469D
:1022B00070470448704700BFB80900200000AD0B0C
:1022C0000400AD0B0800AD0B2DE9F0481B4B1B784B
:1022D000012B0BD01A494FF48B731A4A1A4817F086
:1022E00033FD4FF48B71174817F025FD48B9174996
:1022F00040F21713134A144817F026FD40F2171145
:10230000F1E7EFF31181402383F31288BFF36F8F5E
:102310004FF0FF356FF040440D4ED6E900BC5D45EF
:1023200074EB0C07F9D3CCF31303C0E900B381F3CA
:102330001188BFF36F8F0748BDE8F088B809002007
:1023400049DA0400E4D904003A80040072DA040097
:1023500040270E500000AD0BF0B54F4D85B02C78E6
:10236000002C40F095804D4A01AB07CA83E8070076
:102370004B491846D1F8102522F00202C1F8102569
:10238000FFF7B8FE0723672202F001012144013B59
:10239000CCB24FEA5202F7D1052C7BD119464FF04F
:1023A000010C3D4E00246720CFB204E00CFA02F28B
:1023B00020EA0200013490FAA0F25FFA84FEBE45E2
:1023C000B2FA82F2F2D30131327505292A4482F839
:1023D000547006F10C06E5D10121002431489A0819
:1023E00001FA02F212F0670F18BF1C500433302BB1
:1023F000F5D1E420F0F772FC294B0124D3F8102525
:102400005D2022F00202C3F8102540F6FF72C3F8E7
:1024100028230022C3F88021C3F88020C3F8842138
:10242000C3F88420C3F88821C3F88820C3F88C211E
:10243000C3F88C20C3F89021C3F89020C3F89421EE
:10244000C3F89420C3F89821C3F89820C3F89C21BE
:10245000C3F89C20C3F8A021C3F8A020C3F8A4218E
:10246000C3F8A420C3F8A821C3F8A820C3F8AC215E
:10247000C3F8AC201C660C4B0C4A1B68B3FBF2F390
:1024800058430B4B234398470A482C7005B0F0BDC6
:102490000948FBE70948F9E7B8090020601804007B
:1024A00000200E5000210E50D80C002040420F009A
:1024B000001C04000000AD0B0C00AD0B0100AD0BC7
:1024C000F7B53D4C064623780D46012B0BD03B4912
:1024D00040F213233A4A3B4817F036FC40F21321EE
:1024E000374817F028FC49B937494FF40573344A87
:1024F000344817F029FC4FF40571F1E7277D4FB1FF
:10250000324940F215232E4A2E4817F01DFC40F2A6
:102510001521E5E7636804F1140103F0010301A844
:102520000193FEF7C1FE2A4B98423CD12F7063689D
:1025300023F001036360A36843F00103A360254B0C
:10254000D3F81025950732D4D3F8102542F00202B3
:10255000C3F81025C6B1D3F8482712F0010202BF14
:10256000D3F8481741F00101C3F84817194BD3F8C5
:102570004017D3F844174C00F9D42AB9D3F84827A8
:1025800022F00102C3F84827134B144A1B68B3FB1F
:10259000F2F3104A03EB43135BB1D2F84017D2F8C1
:1025A0004417490001D403B0F0BD013BF4E70C48E7
:1025B000F9E70C48F7E700BFB809002049DA040042
:1025C000E4D904003A8004007CDA04008EDA0400C6
:1025D0000000AD0B00200E50D80C002040420F0030
:1025E0000C00AD0B0700AD0B2DE9F0472A4D1F463F
:1025F0002B78044690469DF820905BB9274940F21D
:10260000F623274A274817F09FFB40F2F62124487B
:1026100017F091FB48B9244940F2F723204A21489A
:1026200017F092FB40F2F721F1E7007AFFF730FE56
:102630001E4B064698422CD12046FFF7AFFDEFF324
:10264000118A402383F31288BFF36F8F227A184BCD
:102650009200134400221A60207A42463B46FFF75C
:10266000E9FD8AF31188BFF36F8FB9F1000F10D025
:102670000123227A883503FA02F2D5E8EF1F1143CD
:10268000C5E8E01F0028F8D1227A9340094AC2F831
:1026900024333046BDE8F087B8090020B0DA0400E2
:1026A000E4D904003A80040020DA04000000AD0BF5
:1026B00000210E5000200E502DE9F7432C4B2D4FDA
:1026C000D3F82C6307F1880916B903B0BDE8F0838D
:1026D00096FAA6F80123B8FA88F803FA08F3D94362
:1026E00026EA030607EB080393F854500C2303FB78
:1026F0000573187D40450BD01F49204840F2B73381
:102700001F4A17F021FB40F2B7311D4817F013FBA9
:102710001C4CDB684FEA880214441BB3D9E8EF3F36
:1027200003EA0102C9E8EC2FBCF1000FF6D123FA4D
:1027300008F3DB0711D5FFF75DFD02460B46216864
:102740000029C1D0002121600C2101FB05752969F8
:1027500040460091E9688847B6E707EBC503D3E92F
:102760001823ECE72268002AAED02360ACE700BF54
:1027700000200E50B8090020DBDA04003A80040083
:10278000E4D9040000210E5008B503685F2B4FEA1E
:10279000531107D80C4A03F01F0352F82120DA40E6
:1027A000D2070BD409490A4840F2CA33094A17F044
:1027B000CBFA40F2CA31074817F0BDFA0360064B66
:1027C00053F8210008BD00BFA0260400F5C704008F
:1027D0003A800400C2C70400942604002DE9F341A6
:1027E0000B7D05460C462BBB4B6801A80193FFF7F8
:1027F000CBFF0123019A3D4E93408360636801A89B
:102800000193FFF7C1FF019B00EB8300D0F88030FC
:10281000334043F00303C0F88030A36801A801935C
:10282000FFF7B2FF019B00EB8300D0F8803033400C
:10283000C0F88030637D33B9D4E901122B68C3F846
:102840004015C3F84425D4F80C802178627894F8B8
:1028500010E094F811C0677DD4E901602B68E47C36
:10286000B8F1030FC3F820450BD8214940F2923349
:10287000204A214817F068FA40F292311D4817F0BB
:102880005AFAB8F17E0F09D91C4940F29333194A1C
:10289000194817F059FA40F29331EFE7520002F06D
:1028A000020201F001010A43C3F88085C3F808253C
:1028B000C3F818E5C3F81CC51FB9C3F84065C3F8D1
:1028C000440500232C68C4F80031D4F80021C4F377
:1028D0000830C4F80431D4F80431F0F7FFF90323C9
:1028E000C4F8043302B0BDE8F08100BFF0F0FCFF93
:1028F00031DB0400FFDA04003A80040047DB040007
:1029000007B5019001A8FFF73FFF019B00EB830093
:10291000D0F88020044B134043F00203C0F880300D
:1029200003B05DF804FB00BFF0F0FCFF38B549B917
:1029300018499A23184A194817F006FA9A21164896
:1029400017F0F9F93AB916499B23134A134817F0BF
:10295000FBF99B21F3E7134C257CB5B922600A7D76
:102960006582657462750A7CC4E90155502A0ED8E7
:102970004A7C502A0BD8CB68043B7A2B07D8FFF748
:102980002DFF01230848237438BD0848FCE7084898
:10299000FAE700BF98DB04005DDB04003A80040026
:1029A000A1DB0400807500200000AD0B0C00AD0B16
:1029B0000400AD0B38B5044600680C4DC0F3083078
:1029C000F0F79AF900222368C3F800256B7D4BB914
:1029D0002368D3F84005D3F84445FFF791FF20461C
:1029E000FFF78EFF00232B7438BD00BF80750020D9
:1029F00008B5134B1A7C5AB91249134840F21D13FB
:102A0000124A17F0A1F940F21D11104817F093F97E
:102A10005A7C22B15B7C012B10D00D4808BD0222EC
:102A20005A7401221A750368C3F34341C3F3043394
:102A30009A4001F14003074941F823200648EDE799
:102A400080750020AFDB04003A8004005DDB0400E9
:102A50000B00AD0B00E100E00000AD0BF8B5224C1F
:102A60000546237C0F461646002B36D0637C032B8D
:102A700035D0002935D0130433D40068C0F30830B2
:102A8000F0F73AF9627CA37C022A16BFDB430023ED
:102A900003F0010304EB83025168E1B904EB430343
:102AA0009E8157602B687600C3F86075C3F8646533
:102AB000237C022B07D00223237401232A68C2F847
:102AC00000352A681360094C2868C0F30830F0F715
:102AD00005F92046F8BD064CF6E7064CF9E7044C2C
:102AE000F7E7054CF5E700BF807500200000AD0B4F
:102AF0000B00AD0B0500AD0B0400AD0B08B5134B7F
:102B00001A7C5AB9124913484FF4BD73124A17F090
:102B10001BF94FF4BD71104817F00DF9597C0129CC
:102B2000CAB20BD05A7C12B15A7C022A0CD10022B4
:102B30000168C1F800255A74084808BD03211A74B9
:102B4000597403685A60F7E70548F6E78075002076
:102B5000AFDB04003A8004005DDB04000000AD0B35
:102B60000B00AD0B1FB5404B404CD3F80021002AA1
:102B700043D00022C3F80021D3F80011D3F8041188
:102B800019B1C3F80421D3F80431A37CDA4302F06D
:102B9000010204EB8201496811B9617C022951D11B
:102BA000607C002102280DBF012304EB83035868D9
:102BB000637418BF59604FF001038DF80C10E17475
:102BC0000EBF02910290A2748DF80430236801A810
:102BD0009847637C022B01D101236374237D53B199
:102BE00001238DF80430002301A802938DF80C30E6
:102BF00023752368984704B010BDD3F80411002949
:102C0000ECD0C3F80421D3F80411C3F80025A37C49
:102C1000627404EB830359688DF80C208DF804204E
:102C2000D9B9A37CDB4303F0010304EB83035A68A7
:102C30002AB10292002201A85A6023689847002313
:102C4000A374CBE7E37C002BC3D18DF8043002934F
:102C500001238DF80C30E374B8E75A6002912368C1
:102C600001A89847DDE700BF00000D5080750020E7
:102C7000064C08B50649074840F2A923224617F03A
:102C800063F840F2A921204617F055F8DFDB040075
:102C900013DC04003A800400202908B501D9FFF7AD
:102CA000E7FF054B40EA0120C3F80005D3F80024F4
:102CB000D207FBD508BD00BF00B0045008B50368BB
:102CC0005F2B4FEA531107D80C4A03F01F0352F849
:102CD0002120DA40D2070BD409490A4840F2CA330E
:102CE000094A17F031F840F2CA31074817F023F8C3
:102CF0000360064B53F8210008BD00BFB82604004E
:102D0000F5C704003A800400C2C70400AC260400E2
:102D100073B51446421C06460D4618D0012902D14F
:102D2000BBB11BF01EFA01A80196FFF7C7FF019B7C
:102D3000094A00EB8300D0F88010A30043EA450362
:102D40002B430A40134343F4A063C0F8803002B021
:102D500070BD1BF012FAE6E7F0F0FCFF03460E4AE6
:102D600010B50E480E4CA34218BF1046B0FBF1F24E
:102D700001FB120082420DD912F001000AD17E2A15
:102D800007D8A34214BF022304239A4234BF002071
:102D9000012010BD0020FCE70024F4000020A10762
:102DA00000A004502DE9F74F91F8213006460C465B
:102DB00090F804A0002B00F0A4804FF0010891F8D7
:102DC000229032687E487F4D7F496369824208BF06
:102DD0000D46B5FBF3F57D4B7D4FD3F840331C2BEF
:102DE00014D1022D40F29180237E13F0FD0F40F0AC
:102DF0008C806B080133DBB2994538BF9946242398
:102E000003FB0A739A7F42F008029A77242202FB9E
:102E10000A7394F82300997F60F30001997733795E
:102E2000217C02FB03739A7F61F341029A7794F845
:102E300023B0BBF1000F23D1237E5A46012B94BF50
:102E40000023012301212068FFF762FF5B465A46F9
:102E500001216068FFF75CFF5B465946A27EA068CF
:102E6000FFF756FF237C5A460121E06883F00103F7
:102E7000FFF74EFF01235A461946E069FFF748FF66
:102E80002423B8F1000F47D04FF0FF3203FB0A7341
:102E90001A62637EA07C217ED4F80CC094F8108066
:102EA000019394F824E094F820A03368BEF1000F59
:102EB00012D1D4E900B2D4F808E0E469C3F800B64E
:102EC000C3F80426C3F808E6C3F80C46C3F810C6D6
:102ED000C3F8B885C3F8B095C3F8C0053848834235
:102EE0000CBF04200220854229D23A494FF49C634A
:102EF000394A3A4816F028FF4FF49C61364816F0DC
:102F00001AFF98464FF002095BE7242303FB0A737C
:102F10009A7F6FF3C30278E703FB0A7AE2689AF8B4
:102F20001E30CAF82020227C4FF0FF3C62F34103A0
:102F30008AF81E30637EA07C217E0193B1E77E2D4E
:102F400009D9274940F2E143234A244816F0FCFE00
:102F500040F2E141D2E7EA0709D5224940F2E243D3
:102F60001D4A1E4816F0F0FE40F2E241C6E7019A03
:102F7000C3F82C55003A18BF0122022916D00329A4
:102F800017D0012901D142F00202C3F854252422AE
:102F9000C3F8ACA533795343FB586BB13068C0F329
:102FA000083003B0BDE8F04FEFF798BE42F00402DE
:102FB000EBE742F00602E8E703B0BDE8F08F00BFA0
:102FC00000A004500024F4000020A10700C0FF006E
:102FD000987500206CDC040039DC04003A800400A1
:102FE000B8DC040006DD0400431C07B50ED00190D8
:102FF00001A8FFF763FE019B00EB8300D0F880205F
:10300000044B134043F00203C0F8803003B05DF876
:1030100004FB00BFF0F0FCFF2DE9F84F0446914699
:1030200098460D4659B9184918484FF41673184A6E
:1030300016F08AFE4FF41671154816F07CFE242314
:103040000779DFF85CB05F430BEB070696F81CA02E
:10305000BAF1000F13D149690068FFF77FFE80B114
:10306000204629464BF80790C6F80480FFF79AFEE1
:103070000123084886F81DA03377BDE8F88F06487D
:10308000FBE70648F9E700BF98DB04003A8004003C
:103090001FDD04000000AD0B0C00AD0B0400AD0BF8
:1030A000987500202DE9F84324270679264D7743AB
:1030B000EB191B7F04465BB92449254840F2B9232C
:1030C000244A16F041FE40F2B921224816F033FEA0
:1030D0000068C0F30830EFF70FFEEB5953B12368D7
:1030E0001D4A06EBC601C3F80823206805EB8101E1
:1030F0001BF01EF8242707FB06572368D3F80006A9
:10310000D3F80486D3F80896BB7FDB0714D4FFF707
:103110006BFF4846FFF768FF4046FFF765FF386AD8
:10312000FFF762FF2368D3F80C06D3F81046FFF7C9
:103130005BFF2046FFF758FF242303FB06550023BF
:103140002B77BDE8F88300BF987500205BDD040095
:103150003A8004001FDD04000700F81F2DE9FF4737
:1031600024230679974F824603FB06731B7F0D4687
:1031700090465BB9944940F2AD33944A944816F0B6
:10318000E3FD40F2AD31914816F0D5FD0B685BB917
:103190004B684BB18F4940F2AE338C4A8C4816F0E5
:1031A000D3FD40F2AE31EEE7D5E9022352B95BB16F
:1031B000894940F2AF33854A854816F0C5FD40F293
:1031C000AF31E0E71B0C01D1EB884BB183494FF4E1
:1031D0006C737E4A7E4816F0B7FD4FF46C71D2E7EF
:1031E00018F008090FD0242303FB06731B6A013370
:1031F00009D07B4940F2B333744A754816F0A4FDF8
:1032000040F2B331BFE724237343FA18517F0029FA
:1032100040F0C080FB5823B118F0140F04BF012305
:103220005377242495E80F0004FB067404F10C0C7A
:103230008CE80F00206A421C04D0A37F9B071AD59C
:103240001AF08FFF2B68DAF8004023B103F06043D7
:10325000B3F1005F06D1AB6883B103F06043B3F113
:10326000005F0BD02423002203FB06735D485A77CE
:1032700004B0BDE8F0871AF080FFE3E718F001031F
:1032800018BF0123C4F84C3718F0020318BF0123FC
:10329000EC46C4F8143795E80F00C4F83C078CE8F6
:1032A0000F000020039BC4F84017C4F80427C4F89B
:1032B0000837C4F80801D4F8083107234A49C4F88C
:1032C0000035D1F840331C2B40D124237343FA1826
:1032D000957F2D073AD58225FB58C4F8845C002BD6
:1032E0005AD0C4F80001D4F800310123C4F80433E3
:1032F000B9F1000F45D10123236024237343FA1849
:10330000FB58002B3DD13849D1F840131C2904D17A
:10331000927F120748BFC4F8843C242303FB067342
:10332000186A431C07D0242303FB06739B7F9D0769
:1033300024D51AF022FFB9F1000F1DD106EBC60605
:10334000204607EB86011AF0F3FE15E0B9F1000FF5
:10335000D3D124237343FB58002BCCD1012323600A
:10336000D4F80831002BFBD06246042120461AF025
:10337000A1FEC2E71AF0F5FE1C4879E71AF0F1FE4B
:10338000D9E7042318F0040F14BFC4F80833C4F8B5
:103390000433F1E716486BE7B9F1000FDED0D1F83E
:1033A0004013106A1C2907D0411CE5D0937F9A076F
:1033B000E0D51AF0E2FEDFE7C4F8843C431CB2D14A
:1033C000DAE700BF987500205BDD04001FDD040014
:1033D0003A80040087DD0400CEDD040015DE040021
:1033E000C4DE04000A00AD0B00C0FF000000AD0BFE
:1033F0000B00AD0B70B5264BD3F840331C2B15D109
:10340000244B9B7F180711D5234BD3F80423D107F6
:103410000CD5D3F800214AB10022C3F80021D3F81B
:103420000011C3F8842C0122C3F808231B4D04218A
:103430002A4619481AF03EFE48B355F80C3CA5F14F
:103440000C045BB91649174840F21943164A16F0A6
:103450007BFC40F21941144816F06DFC206A421CB6
:1034600004D0A37F9B070FD51AF087FE637F1BB1A3
:10347000084909481AF05CFE002323720B48D4E97E
:103480000031BDE8704018471AF06BFEEEE770BDE2
:1034900000C0FF009875002000A00450A475002013
:1034A000FADE04003A8004001FDD0400A07500204D
:1034B00008B5124BA822002118461DF04BF8032234
:1034C0000F49026142610F4A8161C2614FF480621B
:1034D0000262002282624262C26201660A490346B7
:1034E00041661021816609490267C266426711F888
:1034F000010D98540132102AF9D108BD5004002062
:1035000008DF0400500000204000002021DF0400FC
:103510002DE9F84F1826DFF87C80074606FB008E61
:1035200000FB0666DEF82440DEF828C046447368D7
:10353000A4458946154603EB040022D8DEF820B0E6
:10354000ABEB040A0AF1FF339A4203D81CF0DBFF0D
:103550002C440FE063449A4219D852462C441CF084
:10356000D2FFB4EB0B0405D02246706809EB0A01C8
:103570001CF0C9FF1823012003FB07835C62BDE830
:10358000F88F0CF1FF3CACEB040C9445DED200202C
:10359000F5E700BF500400201822034B02FB003364
:1035A0009A6A586A801A704750040020002310B4A9
:1035B000084A0949C85C12F8014D844205D101331B
:1035C000102BF7D15DF8044B70475DF8044BFFF703
:1035D0006FBF00BF21DF04005004002008B50A4A75
:1035E0000A4B93420ED90A4919230A4A0A4816F08F
:1035F000ABFB0A4816F0A8FB1921064816F09BFB06
:103600002033EEE7FCD308BD040C0400640A040078
:1036100045DF040022DF04003A8004004C8D0400E2
:1036200010B50446EDF7D8FE03480121034A17F010
:10363000CAF920461AF0CEFD181704005DDF040019
:103640002DE9F84304460D4600AFEFF311884023FF
:1036500083F31288BFF36F8F0428314A98BF314B30
:10366000E9468AB09668117C98BF53F820306A46C4
:1036700088BF2D4BC2E9073140F201332B489384B8
:103680002B4BC2E9050442F8103F00234FF431519F
:103690002848EDF7E7FFCD4645B1EB69C3F30803D2
:1036A00023B10121244A234817F08DF92EB1304669
:1036B0001AF0A9FE08B1037803B92048E9468AB098
:1036C0006A461F4BD061C2E9053640F201331384CC
:1036D0001C4B42F8103F00234FF411511548EDF7F1
:1036E000C1FF2946CD462046FFF79AFF042C0CD196
:1036F00015498723154A164816F026FB154816F07B
:1037000023FB8721114816F016FB88F31188BFF3BD
:103710006F8F3046EFF768FABD46BDE8F88300BF0B
:10372000BC750020C42604006CDF04007ADF0400AE
:103730000500000118170400A2DF040029A10400FD
:10374000C3DF040004000001FDDF0400DBDF040030
:103750003A8004001AE0040038B50A4B53F82040C0
:10376000013053F82050A54200D838BD606830B110
:10377000037FDB0701D41AF035FD0834F3E7236833
:103780009847FAE7D8260400012270B5374B03208A
:1037900086B01A70FFF7E0FFEEF71EFE0420FFF779
:1037A000DBFF334C334DAC42264628D93249422305
:1037B000324A334816F0C8FA324816F0C5FA4221A8
:1037C0002E4816F0B8FA54F80C3C059354F8103C07
:1037D000049354F8143C039354F8183C029354F89F
:1037E0001C3C019354F8203C009354E90A2354E90B
:1037F0000C0102F07BF854F8303C5E65D3E7AE4232
:1038000004F13004DFD302F0DDFE194C1E4EAC4251
:103810001FD919496623194A194816F095FA19480B
:1038200016F092FA6621CBE7D4E90A23B3F1FF3F01
:1038300008BFB2F1FF3F05D052EA0301206803D16F
:1038400003F028F93034E2E73146183003F0C0FCC9
:10385000F8E7E9D302F024FFEBF736FB0B4A137BC2
:1038600023F00103137306B070BD00BF0E8100206A
:1038700080140400E0140400BAE0040099E004009D
:103880003A8004004C8D04006BE40300E03C00200F
:1038900008B50348034A0021121A1AF0BAFC08BD01
:1038A0002811002010810020F82370B5144E86B036
:1038B00003FB0066134B012205930F23CDE903326E
:1038C0000023CDE9013318234FF4A0720E4D0F49A8
:1038D00003FB0055044602FB00110D4B30460095DA
:1038E00002F004F8737B2C7423F004037373094B08
:1038F000013403EBC423EE606B6006B070BD00BF03
:10390000E83B0020E7E00400BC75002050230120C4
:10391000C93D0200501B0120BFB50020FFF71CFF6E
:103920002B4B03F5006282F3088883F30A88E023B7
:10393000284C002584F822302023E377257665760D
:10394000A57684F82050636A234F43F4E023636232
:1039500084F82350EFF7C6F8EFF7BEFA4FF0FF33C5
:10396000A362E362EFF792FCEFF7DEFAEDF762FC99
:103970001A4802F079F8FFF731FE0120FFF7ECFE5C
:103980000220174CFFF7E8FE02F01AFF154B16490C
:103990009C61164B4FF48052059301232046CDE9DC
:1039A0000353CDE901553B46009501F09FFF0646C4
:1039B000627B204622F00402627302F0D1F92846AD
:1039C000FFF772FF3A4631462046EFF757FA00BF3D
:1039D000501B012000ED00E089370200F03E00207E
:1039E000E03C0020BC75002090240120ECE00400A5
:1039F00038B50D4C0D4DAC4213D90D491A230D4A63
:103A00000D4816F0A1F90D4816F09EF91A21094843
:103A100016F091F92046D4E901121AF0FEFB183491
:103A2000E9E7F7D3002038BD200E0020380E002033
:103A30005CE10400F4E004003A8004004C8D0400D2
:103A4000F8B505460E4600F11404EFF31187402344
:103A500083F31288BFF36F8F204603F043FB68B9EE
:103A600088231B4A1B491C4816F06EF921461B4847
:103A700016F06AF98821164816F05DF9204603F021
:103A800055FB28463146EBF74FFD05F10C001AF0C7
:103A9000FAFC28B139462046BDE8F84002F0E6BC01
:103AA000204603F02DFB68B940F23113084A0C4957
:103AB000094816F049F921460A4816F045F940F23E
:103AC0003111D8E787F31188BFF36F8FF8BD00BFBE
:103AD00056890400838904003A8004009889040010
:103AE000AE890400C5890400002038B50C4C0D4D8A
:103AF000AC4213D90C4994230C4A0D4816F024F912
:103B00000C4816F021F99421084816F014F92046C3
:103B10001AF08EFB002802DB2034E9E7F7D338BD2A
:103B2000A00D0020200E00209AE1040075E10400A1
:103B30003A8004004C8D04002DE9F74305460F46FA
:103B400091461C4600F10806EFF31188402383F3E9
:103B50001288BFF36F8F304603F0C4FA60B9882330
:103B6000314A3249324816F0EFF83146314816F002
:103B7000EBF888212C4826E0304603F0D7FA2B6971
:103B80001BB33B601C68EB692C610133EB6114B91A
:103B90006A6993421FD0EB68E41A09D4D5E905237A
:103BA0005A43A24204D9B4FBF3F203FB124494B18A
:103BB0002149E923214A1E4816F0C6F8204816F08C
:103BC000C3F8E9211D4816F0B6F859EA040214D1E9
:103BD0006FF00B043B60304603F092FAF0B940F20C
:103BE0003113114A1749124816F0AEF831461648FB
:103BF00016F0AAF840F23111BCE7CDE900942A464C
:103C00004146304602F088FA044618B90F4B9B68CB
:103C10001B693B60204603B0BDE8F08388F3118840
:103C2000BFF36F8FF6E700BF568904008389040055
:103C30003A80040098890400B7E1040075E10400AB
:103C400033E20400AE890400C5890400BC7500207D
:103C50002DE9F843C3680546CB1A0E4623D4D0E9B4
:103C60000512514399421ED9B3FBF2F102FB113305
:103C7000CBB900F10807EFF31189402484F31288CF
:103C8000BFF36F8F384603F02DFAD8B98823414A25
:103C90004149424816F058F83946414816F054F860
:103CA00088213C480CE03F4940F211133E4A3B4812
:103CB00016F04AF83D4816F047F840F211113A481C
:103CC00016F039F8384603F031FAD5F81080B8F11B
:103CD000000F40D1EFF3118384F31288BFF36F8F8D
:103CE00083F31188BFF36F8F5BB93149B023314A39
:103CF0002A4816F029F8304816F026F8B0212D4849
:103D0000DEE72C68A54226D02CB3A3683BB92B492B
:103D10009923284A214816F017F89921EFE7D4E9AA
:103D2000003213605A60637BC4E9008823F0020309
:103D30006373C4F8088004F1180003F02DFB2046DB
:103D4000C4F8AC80266102F00BF849463846BDE85D
:103D5000F84302F08BBB2B6938463360EB692E6168
:103D6000013BEB6103F0CCF968B940F23113094A29
:103D700013490A4815F0E8FF3946124815F0E4FFE8
:103D800040F231118DE789F31188BFF36F8FBDE8E1
:103D9000F88300BF56890400838904003A80040038
:103DA0009889040039CF040075E104004EE2040054
:103DB0009BE2040070E20400C4990400B3E2040032
:103DC000AE890400C589040008B50D4B9B6893F9C2
:103DD0000E30002B09DB4024EFF3118384F31288AB
:103DE000BFF36F8F17F027F8F6E7064906481C2344
:103DF000064A15F0A9FF1C21044815F09CFF00BFDE
:103E0000BC750020EBE204003A800400CAE2040022
:103E100008B583684BB90B490B4899230B4A15F039
:103E200093FF9921094815F086FFD0E9003213600D
:103E30005A600023427BC0E9003322F00202427341
:103E4000836008BDB3E204003A80040070E204001D
:103E50002DE9F3470446894690461E46EFF3058355
:103E600073B152EA06030BD05B4982235B4A5C487C
:103E700015F06AFF5B4815F067FF8221574819E08B
:103E800004F10805EFF311874FF0400A8AF3128816
:103E9000BFF36F8F284603F025F968B98823524A8B
:103EA00052494F4815F050FF2946514815F04CFF34
:103EB00088214D4815F03FFF284603F037F9626A24
:103EC00023699A426DD2EFF311838AF31288BFF30C
:103ED0006F8F83F31188BFF36F8F5BB94549B023B0
:103EE000454A3F4815F030FF3E4815F02DFFB02100
:103EF0004148DFE72668B44218D0BEB13046FFF72C
:103F000087FF06F1180003F047FA4946E268306976
:103F10001CF0F9FA00233046C6F8AC3001F020FF5F
:103F20003946284602F0A2FA002449E0206A636973
:103F3000984202D3A369984207D330499A23274A6B
:103F4000274815F001FF9A2198E7E26849461CF0DE
:103F5000DAFA236AE26804F128001344A2692362B2
:103F6000934208BF63694FF0100108BF2362636A80
:103F70000133636203F088FC04460028D0D1284650
:103F800003F0BEF818BB40F23113174A1C4914481D
:103F900015F0DAFE29461B4815F0D6FE40F2311125
:103FA00087E758EA06030FD0174B22469B6839462D
:103FB000C3F810902846CDE9008602F0ADF804461B
:103FC000204602B0BDE8F0876FF02204D7E787F300
:103FD0001188BFF36F8FF3E716E1040013E30400C9
:103FE0003A800400C49904005689040083890400BF
:103FF000988904009BE2040070E2040035E30400A9
:10400000AE890400C5890400BC7500202DE9F74382
:104010000446884617461D46EFF3058373B152EAFE
:1040200005030BD05D49DE235D4A5E4815F08CFE2A
:104030005D4815F089FEDE21594818E004F10806B4
:10404000EFF31189402383F31288BFF36F8F30465B
:1040500003F048F868B98823544A5549514815F087
:1040600073FE3146534815F06FFE88214F4815F016
:1040700062FE304603F05AF8636A002B62D0E268B1
:104080004046E1691CF03FFAE369E2681344A26923
:10409000E361934204BF6369E361636A013B636266
:1040A000EFF31183402282F31288BFF36F8F83F303
:1040B0001188BFF36F8F5BB93F49B0233F4A39483E
:1040C00015F042FE384815F03FFEB0213B48CEE7E0
:1040D0002568AC4246D0002D45D02846FFF798FE13
:1040E00005F1180003F058F9206A6369984202D379
:1040F000A369984207D33249F823294A294815F081
:1041000023FEF82198E72969E2681CF0FCF9236A8C
:10411000E26828461344A2692362934204BF63699C
:104120002362636A013363620024C5F8AC4001F086
:1041300017FE4946304602F099F92546284603B055
:10414000BDE8F08357EA05031FD01E4B22469B684B
:104150004946C3F810803046CDE9007501F0DCFF18
:104160000546EBE70025304602F0CAFF80B940F271
:1041700031130E4A14490B4815F0E6FD3146134839
:1041800015F0E2FD40F2311170E76FF02205EAE729
:1041900089F31188BFF36F8FD0E700BF16E10400E9
:1041A00013E304003A800400C49904005689040013
:1041B00083890400988904009BE2040070E20400F3
:1041C00035E30400BC750020AE890400C5890400F5
:1041D0002DE9F341044617461E46EFF3058565B108
:1041E00058496F23584A594815F0AEFD584815F004
:1041F000ABFD6F21544815F09EFDEFF3118840236D
:1042000083F31288BFF36F8F524802F06BFF60B9DF
:104210008823514A51494D4815F096FD4D49504863
:1042200015F092FD88214C48E5E74A4802F07EFFF0
:10423000E3684C4A9BB1A0689168884229D057EA4C
:1042400006032ED1434802F05BFFA0B188F311882A
:10425000BFF36F8F6FF00F0002B0BDE8F08191687F
:1042600091F90E100133E36093683A482161A3602D
:1042700002F046FF78B940F23113374A3A493348E1
:1042800015F062FD3349394815F05EFD40F23111F9
:10429000C9E72169E6E788F31188BFF36F8F002033
:1042A000DAE791F90E1090F90E306FF07E02994224
:1042B000A8BF19469142B8BF11468B4202DD19F0E2
:1042C000E5FF054622464146CDE90076214801F04A
:1042D00023FF0028E3D0EFF31186402383F31288F5
:1042E000BFF36F8F1B4802F0FDFE002890D01948E5
:1042F00002F01CFFA068C0B1236821699C420AD06B
:104300004BB193F90E309942A8BF19466FF07E0366
:104310009942B8BF194619F0B9FF30B131460D487E
:1043200002F0A4F86FF00A0096E7002DF6D10948D4
:1043300002F0E6FE00289ED086F31188BFF36F8F4F
:10434000F0E700BFA3E3040081E304003A80040027
:10435000B5E30400E0750020568904008389040059
:1043600098890400BC750020AE890400C58904004A
:10437000F8B50546EFF3058363B15549D723554A90
:10438000554815F0E1FC554815F0DEFCD7215148A1
:1043900015F0D1FC8368002B00F09380504A92689E
:1043A000934240F09180C3683BB94E49EF23494A9C
:1043B000494815F0C9FCEF21E9E7012B03D0013B87
:1043C000C3600020F8BDEFF31187402484F3128806
:1043D000BFF36F8F444802F085FE60B98823434ADB
:1043E00043493D4815F0B0FC3F49424815F0ACFC4C
:1043F00088213E48CCE73C4802F098FE2969A8682D
:1044000019F044FFEFF3118384F31288BFF36F8F29
:1044100083F31188BFF36F8F5BB93749B023374AF5
:104420002D4815F091FC364815F08EFCB02133482C
:10443000AEE72C68AC4215D100232B48C5E9023306
:1044400002F05EFE002837D140F23113274A2D4991
:10445000214815F079FC24492B4815F075FC40F2F1
:104460003111C6E7002CE7D0A3683BB9274999234F
:10447000224A194815F068FC9921D8E70026D4E9AA
:10448000003213605A60637BC4E9006623F00203C4
:104490006373A66004F1180002F07EFFAC6094F92B
:1044A0000E3020462B61C4F8AC6001F059FC39464F
:1044B0000D4801F0DBFF84E787F31188BFF36F8FAE
:1044C0007FE76FF015007DE74FF0FF307AE700BF20
:1044D000A3E3040081E304003A800400B5E3040090
:1044E000BC750020DAE30400E07500205689040062
:1044F00083890400988904009BE2040070E20400B0
:10450000C4990400AE890400C5890400B3E2040024
:1045100008B583684BB90B490B4899230B4A15F032
:1045200013FC9921094815F006FCD0E9003213600C
:104530005A600023427BC0E9003322F0020242733A
:10454000836008BDB3E204003A80040070E2040016
:104550002DE9F04704460F4691469A469DF8208083
:1045600000F10805EFF31186402383F31288BFF3AF
:104570006F8F284602F0B6FD60B98823504A514932
:10458000514815F0E1FB2946504815F0DDFB882124
:104590004B481DE0284602F0C9FDB8F1000F00D0DD
:1045A0006768EFF31183402282F31288BFF36F8FA5
:1045B00083F31188BFF36F8F63B94549B023454A30
:1045C000414815F0C1FB444815F0BEFBB0214148FD
:1045D00015F0B1FB234653F80C8F984519D0B8F16C
:1045E000000F16D04046FFF793FF08F1180002F0C5
:1045F000D3FE00234046C8F8AC30C8F8109001F054
:10460000AFFB3146284601F031FF00242046BDE8CB
:10461000F087BAF1000F14D0082003F093FA0028B5
:1046200046D00122C0F804900260016801F0030145
:104630005FB922680A430260626820606AB96060FC
:104640000BE04846C9F800A0EFE73A68032A24D8EF
:1046500001606168D9B9C4E9000004F114000421C3
:1046600003F012F904460028CBD1284602F048FD99
:1046700008BB40F23113124A1849134815F064FB85
:104680002946174815F060FB40F2311180E70A68AF
:1046900002F0030202430A60D1E722F003020A4358
:1046A00002603A6802F0030240EA02033B60D4E78A
:1046B0006FF00B04D9E786F31188BFF36F8FA5E77E
:1046C00056890400838904003A8004009889040014
:1046D0009BE2040070E20400C4990400AE89040067
:1046E000C58904002DE9F743064690461F4600F1B0
:1046F0000805EFF31189402383F31288BFF36F8F0E
:10470000284602F0EFFC68B98823254A2549264847
:1047100015F01AFB2946254815F016FB882120487C
:1047200015F009FB284602F001FD3468FCB123684E
:10473000726823F00303944220464FF00101336076
:1047400008BF736019F0B1FD0446284602F0D8FC9A
:10475000E8B940F23113124A1549134815F0F4FA3A
:104760002946144815F0F0FA40F23111D7E758EA1B
:104770000703EAD049462846CDE9008706F10C0236
:1047800001F0CAFC38B90C4B9B681C6903E089F343
:104790001188BFF36F8F204603B0BDE8F08300BFE0
:1047A00056890400838904003A8004009889040033
:1047B000AE890400C5890400BC75002008B5836873
:1047C0004BB90B490B4899230B4A15F0BDFA9921B7
:1047D000094815F0B0FAD0E9003213605A6000239E
:1047E000427BC0E9003322F002024273836008BDBD
:1047F000B3E204003A80040070E2040070B504469D
:10480000EFF31186402585F31288BFF36F8F33488D
:1048100002F068FC60B98823314A3249324815F009
:1048200093FA2E49314815F08FFA88212C4818E068
:104830002A4802F07BFCEFF3118385F31288BFF363
:104840006F8F83F31188BFF36F8F63B92849B0234B
:10485000284A254815F078FA274815F075FAB0214E
:10486000244815F068FA2568AC4213D095B1284663
:10487000FFF7A4FF05F1180002F08EFD0023284683
:10488000C5F8AC3001F06CFA3146BDE87040134811
:1048900001F0ECBDD4E902329A4218BF0133022183
:1048A000A36004F1100002F0EFFF0028ECD10B48E8
:1048B00002F026FC68B940F23113094A0F490A4850
:1048C00015F042FA05490E4815F03EFA40F2311152
:1048D000ACE786F31188BFF36F8F70BDE4750020DD
:1048E00056890400838904003A80040098890400F2
:1048F0009BE2040070E20400C4990400AE89040045
:10490000C5890400F7B5044616461D46EFF3058336
:104910007BB152EA05030CD02D4988232D4A2E483D
:1049200015F012FA2D4815F00FFA8821294815F0D4
:1049300002FAEFF31187402383F31288BFF36F8FDE
:10494000274802F0CFFB60B98823264A264922482F
:1049500015F0FAF92249254815F0F6F98821214881
:10496000E5E71F4802F0E2FBA368D3B1013B1C4816
:10497000A36002F0C5FB68B940F23113194A1C4923
:10498000154815F0E1F916491A4815F0DDF940F21D
:104990003111E4E787F31188BFF36F8F002003B074
:1049A000F0BD56EA05030BD10D4802F0A9FB002823
:1049B000E2D087F31188BFF36F8F6FF00F00EEE73F
:1049C00022463946CDE90065054801F0A5FBE6E73A
:1049D00011E40400F1E304003A800400C4990400E7
:1049E000E475002056890400838904009889040036
:1049F000AE890400C58904002DE9F0470446EFF3B1
:104A00001188402787F31288BFF36F8F354802F073
:104A100069FB064660B98823334A3449344815F0A7
:104A200093F93049334815F08FF988212E481CE05E
:104A30002C4802F07BFB4FF000096FF00A0AEFF3FD
:104A4000118387F31288BFF36F8F83F31188BFF34D
:104A50006F8F63B92849B023284A254815F074F9A7
:104A6000274815F071F9B021244815F064F925683C
:104A7000AC420ED06DB12846FFF7A0FE05F118003C
:104A800002F08AFC2846C5F8ACA001F069F9B146ED
:104A9000D5E700230221A36004F1100002F0F4FE28
:104AA000A0B9B9F1000F11D10E4802F029FB98B955
:104AB00040F231130C4A13490D4815F045F90949E4
:104AC000114815F041F940F23111AFE74146BDE818
:104AD000F047044801F0CABC88F31188BFF36F8F18
:104AE000BDE8F087E475002056890400838904003E
:104AF0003A800400988904009BE2040070E20400FC
:104B0000C4990400AE890400C589040007B5074BA9
:104B10004FF48052009306494FF0FF33054800F0F0
:104B20007DFB002003B05DF804FB00BFF02604000D
:104B300090340120D83D00202DE9F0430446764E04
:104B4000764F85B0EFF31188402383F31288BFF3CB
:104B50006F8F304602F0C6FA68B98823704A7149EF
:104B6000714815F0F1F86C49704815F0EDF888219E
:104B70006B4815F0E0F8304602F0D8FAD4F8FC5053
:104B8000F5B9022104F58A7019F0D1FB002840D054
:104B900004F5867500220121284602F001F900285B
:104BA000F8D100234FF0FF3202934FF0FF3341461C
:104BB000CDE90023304604F5827202F04FF9C1E7D7
:104BC000D4F800212B68954208BFC4F80031C4F81E
:104BD000FC30D4F81431304643F00203C4F81431E9
:104BE000EB68D5F8049023F0040343F00103EB6075
:104BF00002F086FAF8B940F23113494A4C494A4862
:104C000015F0A2F844494B4815F09EF840F23111D6
:104C1000AEE7D4F81431DD06C3D5C4F814013E481C
:104C200002F06EFA0028E6D088F31188BFF36F8F88
:104C300005B0BDE8F08388F31188BFF36F8FB9F139
:104C4000000F0AD13C49384840F2AB233B4A15F0EB
:104C50007BF840F2AB2139488BE72846C847EFF391
:104C60001188402383F31288BFF36F8F304602F020
:104C700039FA00283FF471AF304602F057FAEB687A
:104C8000D90623F0010231D4EA60EB689A0716D501
:104C9000386823F00203EB6088B10021036870B12B
:104CA0004268954230D1036841BB7A683B608242DA
:104CB00000D17B60002340F8083BFFF79FFDD4F84C
:104CC0001431304623F00203C4F81431C3F3002535
:104CD00002F016FA00288ED088F31188BFF36F8F88
:104CE000002D7FF42FAF01F073FD2BE723F01103AC
:104CF000EB6005F11000FFF781FDC6E70B607B68F4
:104D0000834208BF7960D5E723B11A680146184687
:104D10001346C4E71A46F9E7F0750020E87500204D
:104D200056890400838904003A80040098890400AD
:104D3000AE890400C5890400AAE4040068E4040004
:104D400070B5C3680546C3F340069B070C460DD5F6
:104D50000122002104F1080019F0D9FA0023236090
:104D6000054B65605A681AB9C3E90044304670BD06
:104D700014605C60FAE700BFE8750020F8B5C3680E
:104D800004469A070F46C3F340063BD45B0727D47B
:104D90000B680BB983680B60E368DD0723D5A36854
:104DA0005BB9294929484FF4AA73294A14F0CCFF6A
:104DB0004FF4AA71264814F0BEFF02263B603D68FE
:104DC000002D3ED0234B9A68D5F8F8309A420CD08B
:104DD000D5F81431D807C3F3800216D46FF0120649
:104DE00000233B6027E00126E9E719F006FBD5F830
:104DF00014310028EED1D907C3F3C002EED552B169
:104E00005B0708D46FF00F06EAE7002AFAD1C3F374
:104E1000C003002BF6D100232360D5F8003163B91D
:104E2000C5E93F44284619F09DFAE36843F00403BE
:104E3000E3603B68A3603046F8BD1C60C5F80041E4
:104E4000F0E76FF01506CBE789E404003A80040030
:104E500068E40400BC75002073B50446EFF31185C7
:104E6000402383F31288BFF36F8F1E4802F03AF994
:104E700068B988231C4A1D491D4814F065FF19496B
:104E80001C4814F061FF8821174814F054FF15489E
:104E900002F04CF900230321201F0193A4F1100616
:104EA00019F045FA28B1A369304601A90193FFF72B
:104EB00065FF0C4802F024F968B940F231130A4A40
:104EC0000D490B4814F040FF06490C4814F03CFF14
:104ED00040F23111D8E785F31188BFF36F8F02B02C
:104EE00070BD00BFF075002056890400838904005E
:104EF0003A80040098890400AE890400C589040042
:104F000038B50D46044648B90C4999230C4A0D485A
:104F100014F01AFF99210A4814F00DFF39B90A4913
:104F20009A23074A074814F00FFF9A21F3E710224B
:104F300000211BF00FFB656038BD00BF3FE504009A
:104F400068E404003A800400AAE40400F8B5C368E9
:104F5000064603F00503002B0C4614BF012700276B
:104F600029D085685DB91D491D484FF4DF731D4A7E
:104F700014F0EAFE4FF4DF711A4814F0DCFE01224F
:104F8000002104F1100019F0C2F920461649FFF77C
:104F9000B7FFE36843F01003E360F3685B0712D5E3
:104FA000336823606BB9D5F8003133B9C5E93F44A4
:104FB000284619F0D7F93846F8BD1C60C5F80041FD
:104FC000F6E73460F4E7D5F8FC302360D5F800311B
:104FD000C5F8FC40002BEBD1F0E700BF8FE40400E4
:104FE0003A80040068E4040045E3030037B50C464A
:104FF000019059B928494FF4BD73284A284814F044
:10500000A3FE4FF4BD71254814F095FE4B684BB9D3
:10501000244940F27B13214A214814F095FE40F2C6
:105020007B11F0E7EFF31185402383F31288BFF380
:105030006F8F1D4802F056F860B988231B4A1C493F
:10504000174814F081FE18491A4814F07DFE882193
:105050001648D9E7144802F069F8204601A9FFF77D
:105060008DFE0446104802F04BF868B940F2311347
:105070000E4A11490A4814F067FE0B490F4814F014
:1050800063FE40F23111E3E785F31188BFF36F8FC0
:10509000204603B030BD00BF3FE5040068E40400D3
:1050A0003A800400A4E40400F0750020568904004E
:1050B0008389040098890400AE890400C58904002E
:1050C0000146014819F089B9D83D002070B50C4659
:1050D000054658B938494FF4E573384A384814F052
:1050E00033FE4FF4E571354814F025FEC368DB0547
:1050F00009D5344940F2CB13304A314814F024FE2C
:1051000040F2CB11EFE719F078F948B12E494FF48E
:10511000E6732A4A2A4814F017FE4FF4E671E2E7D4
:105120004CB92A4940F2CD13244A254814F00CFE0C
:1051300040F2CD11D7E7EFF31186402383F31288B5
:10514000BFF36F8F224801F0CDFF60B98823214A59
:1051500021491B4814F0F8FD1D49204814F0F4FDC6
:1051600088211C48C0E71A4801F0E0FF2846214684
:10517000FFF7ECFE0546164801F0C2FF68B940F2A1
:105180003113144A16490E4814F0DEFD1049154833
:1051900014F0DAFD40F23111E3E786F31188BFF332
:1051A0006F8F3DB14FF0FF324FF0FF3304F110002D
:1051B000FFF7A8FB284670BD3FE5040068E4040043
:1051C0003A800400C1E404001DB00400F0E40400CF
:1051D000F075002056890400838904009889040032
:1051E000AE890400C589040008B558B908490948C2
:1051F0004FF43373084A14F0A7FD4FF43371064897
:1052000014F099FD4FF48C7200211BF0A3F908BD36
:105210008FE404003A80040068E40400F0B589B02B
:1052200004460E9D58B92F4940F2F1232E4A2F48CB
:1052300014F08AFD40F2F1212B4814F07CFD49B9AD
:105240002B4940F2F223284A284814F07DFD40F211
:10525000F221F1E7D0F8140110F0010009D025493E
:1052600040F2F323204A214814F06EFD40F2F3216E
:10527000E2E7C4E93F0004F58270C4E9410004F5A7
:105280008670C4E9430055B32879002840F2011024
:1052900008BF0120C4F8140100204FF0FF364FF082
:1052A000FF37CDE90330CDE90100CDE9066720469F
:1052B000114B009400F092FB55B1296811B12046C2
:1052C00000F004FB6B791BB1237B43F001032373D4
:1052D000204601F0DFFBC4F8F84009B0F0BD012022
:1052E000D8E700BF46C5040068E404003A80040023
:1052F00038E5040004E50400394B020038B50D46DA
:10530000044658B90F4940F292330F4A0F4814F03F
:105310001BFD40F292310C4814F00DFD49B90C49C7
:1053200040F29333084A094814F00EFD40F29331DD
:10533000F1E7302200211BF00DF94FF48073656016
:10534000E36038BD3EE5040068E404003A800400F0
:10535000AAE40400F7B50C4616461D46019058B95C
:10536000334940F20D43334A334814F0EDFC40F228
:105370000D41304814F0DFFC49B9304940F20E438A
:105380002C4A2D4814F0E0FC40F20E41F1E7EFF317
:105390001187402383F31288BFF36F8F284801F0F1
:1053A000A1FE60B98823274A2749234814F0CCFC82
:1053B0002349264814F0C8FC88212248DAE720480F
:1053C00001F0B4FEE36813F01E0F27D155EA060280
:1053D00016D1204601A9FFF7D1FC0446184801F078
:1053E0008FFEE8B940F23113164A1949124814F0F9
:1053F000ABFC1349174814F0A7FC40F23111DCE76D
:1054000043F00803E360019B04F11000A3623246FD
:105410002B46114901F0DCFE0124DFE70024DDE723
:1054200087F31188BFF36F8F204603B0F0BD00BF34
:105430008FE4040068E404003A8004003EE50400C0
:10544000F0750020568904008389040098890400BF
:10545000AE890400C5890400594E02000146014886
:10546000FFF778BFD83D0020F7B50C4616461D461D
:10547000019058B932494FF48663324A324814F0E9
:1054800063FC4FF486612F4814F055FC49B92F494D
:1054900040F231432B4A2C4814F056FC40F2314183
:1054A000F1E7EFF31187402383F31288BFF36F8F87
:1054B000274801F017FE60B98823264A264922486A
:1054C00014F042FC2249254814F03EFC8821214872
:1054D000DAE71F4801F02AFE204618F034FF55EAAB
:1054E000060316D1204601A9FFF748FC04461848D8
:1054F00001F006FEE0B940F23113164A184912488D
:1055000014F022FC1249174814F01EFC40F231112D
:10551000DDE7E36804F1100043F00803E360019B5A
:105520003246A36210492B4601F052FE0124DEE709
:1055300087F31188BFF36F8F204603B0F0BD00BF23
:105540008FE4040068E404003A8004003EE50400AF
:10555000F0750020568904008389040098890400AE
:10556000AE890400C5890400594E02000146014875
:10557000FFF77ABFD83D002038B5044658B9234913
:10558000234840F25243234A14F0DEFB40F25241DA
:10559000204814F0D0FBEFF31185402383F31288E9
:1055A000BFF36F8F1C4801F09DFD60B988231B4A33
:1055B0001B49174814F0C8FB17491A4814F0C4FBDC
:1055C00088211648E5E7144801F0B0FD204618F0A0
:1055D000BAFE204618F0CEFE04460F4801F090FDBA
:1055E00068B940F231130D4A0F49094814F0ACFB79
:1055F00009490E4814F0A8FB40F23111E1E785F3A8
:105600001188BFF36F8F204638BD00BF3EE5040010
:105610003A80040068E40400F07500205689040014
:105620008389040098890400AE890400C5890400B8
:10563000F8B50D46044658B93E4940F263433E4A28
:105640003E4814F081FB40F263413B4814F073FB89
:1056500049B93B4940F26443374A384814F074FB77
:1056600040F26441F1E718F0C8FE48B1354940F214
:105670006543314A314814F067FB40F26541E4E785
:10568000EFF31186402383F31288BFF36F8F2E4808
:1056900001F028FD60B988232C4A2D49274814F0D1
:1056A00053FB29492B4814F04FFB88212748CDE7AD
:1056B000254801F03BFDE36803F01F03002B14BFF6
:1056C0000127002717D1204801F01AFD68B940F2E0
:1056D00031131E4A2049194814F036FB1A491F4855
:1056E00014F032FB40F23111E0E786F31188BFF38A
:1056F0006F8F3846F8BD204618F025FE204618F07A
:1057000039FE20462946FFF71BFB04460E4801F0F0
:10571000F7FC0028DBD086F31188BFF36F8F002CD5
:10572000E7D04FF0FF324FF0FF3305F10800FFF7ED
:10573000E9F8DEE73EE5040068E404003A8004008E
:10574000F0E404001DB00400F07500205689040048
:105750008389040098890400AE890400C589040087
:1057600008B583684BB90B490B4899230B4A14F0D1
:10577000EBFA9921094814F0DEFAD0E900321360FF
:105780005A600023427BC0E9003322F002024273D8
:10579000836008BDB3E204003A80040070E20400B4
:1057A0002DE9F8430546EFF31188402787F3128867
:1057B000BFF36F8F3B4801F095FC60B988233A4AEC
:1057C0003A493B4814F0C0FA36493A4814F0BCFA5A
:1057D0008821354818E0334801F0A8FCEFF3118325
:1057E00087F31288BFF36F8F83F31188BFF36F8F36
:1057F00063B93149B023314A2D4814F0A5FA304835
:1058000014F0A2FAB0212D4814F095FA2C68A542A4
:1058100034D09CB300262046FFF7A2FF04F1180005
:1058200001F0BAFDB1462046C4F8AC9000F098FAF9
:105830000136EFF3118387F31288BFF36F8F83F381
:105840001188BFF36F8F002BD3D02C68A54210D0E6
:105850007CB12046FFF784FF04F1180001F09CFDA5
:10586000E1E788F31188BFF36F8F00263046BDE86B
:10587000F88341460B4800F0F9FDF7E7094801F0CD
:105880003FFC0028EDD140F23113074A0D4908488A
:1058900014F05AFA03490C4814F056FA40F2311148
:1058A00097E700BFF475002056890400838904003F
:1058B0003A800400988904009BE2040070E204002E
:1058C000C4990400AE890400C589040010B50446DB
:1058D00008B9054B9C681F2204F171001AF068FE9C
:1058E000002084F8900010BDBC7500202DE9FF4712
:1058F0000F9D04460F2D0F469946DDF8448047D191
:10590000304B994548D104F15803C4E91633109B34
:105910000026237304230732A57322F0070507EB43
:10592000050A514663732046C4E90666A660E6731D
:10593000ECF748FE0E9B073020F00700C4F89C00EF
:10594000C4E9257502930D9BAAEB000A01930C9BF9
:105950005246009339464B462046EDF74BFA6665B2
:1059600084F87060B8F1000F29D01F22414604F17D
:1059700071001AF01DFE84F89060134B9B680BB108
:10598000D3F8A0305046C4F8A03004B0BDE8F0878A
:1059900005F110031E2BB6D940F205230B4A0C4922
:1059A0000C4814F0D1F929460B486FF00F030E2272
:1059B00014F0CAF940F20521044814F0BCF984F847
:1059C0007180DAE7C93D0200BC75002053E5040090
:1059D00076E504003A800400F6E50400F0B587B0EF
:1059E0000446DDE91276EFF3058575B1194940F2F9
:1059F0009223194A194814F0A7F9194814F0A4F988
:105A000040F29221144814F096F90595109D0495E2
:105A10000F9D03950E9D02950D9D01950C9D009582
:105A2000FFF764FFB6F1FF3F08BFB7F1FF3F05D0B6
:105A300056EA070305D1204601F02CF8204607B0AE
:105A4000F0BD3A46334604F11800064901F0C0FBA8
:105A5000F4E700BFA3E3040053E504003A80040028
:105A600027E604006BE4030040F201138381002366
:105A700010B50446C0E9253302F05EF8014B9C6086
:105A800010BD00BFBC7500206FF00A01094A936881
:105A9000C3F8AC100849C3F8A8004B6843F0805322
:105AA0004B60002383F31188BFF36F8F9368D3F8A3
:105AB000AC007047BC75002000ED00E038B590F9EF
:105AC0000D200146002A437B11DA03F07F03437364
:105AD0001B4B984209D11B491B4856231B4A14F003
:105AE00033F95621194814F026F918F08EFC184D98
:105AF0002A4652F81C4FAB68944200D004B9EC68B7
:105B00008B4214D05BB91349D523134A0E4814F0C5
:105B10001BF9124814F018F9D5210F48E3E75A7B16
:105B2000D20604D1DA897F2A01D9A2692AB1A34217
:105B300002D0204601F04AFA2346AB6138BD00BFCF
:105B4000E83B00206EE604003A8004004CE60400C6
:105B5000BC750020BBE604008FE60400C499040075
:105B600008B583684BB9094909489923094A14F0D3
:105B7000EBF89921074814F0DEF818F046FC437B57
:105B800023F0020343730023836008BDB3E20400E3
:105B90003A80040070E2040070B590F90D20437B58
:105BA000002A50DBD9064ED163F07F034373274BA5
:105BB000984209D1264927484F23274A14F0C4F8B0
:105BC0004F21254814F0B7F8244C224652F81C3FC8
:105BD000216A934207D1C0E900210860206211E0E8
:105BE0009942F8D01B68002BF5D090F90E5093F92C
:105BF0000E60B542F4D0AE42F2DD5968C0E9003122
:105C000008605860E569954200D005B9E568A36869
:105C10005BB91349D523134A0E4814F095F812487E
:105C200014F092F8D5210F48CCE75A7BD20604D164
:105C3000DA897F2A01D9AA6932B1AB4202D028465B
:105C400001F0C4F9A56170BDA361FCE7E83B002049
:105C50006EE604003A8004004CE60400BC750020A7
:105C6000BBE604008FE60400C499040070B590F907
:105C70000D200146002A437B314C10DA03F07F03EC
:105C8000A042437309D12F4956232F4A2F4814F0BD
:105C90005BF856212C4814F04EF818F0B6FB4B7BFD
:105CA000A14263F07F034B7307D126494F23264A55
:105CB000264814F049F84F21ECE7254C224652F8CB
:105CC0001C3F206A934207D1C1E900200160216294
:105CD00011E09842F8D01B68002BF5D091F90E50D6
:105CE00093F90E60B542F4D0AE42F2DD5868C1E9D6
:105CF000003001605960E569A368954200D005B99C
:105D0000E5688B4214D05BB91249D523124A0F487B
:105D100014F01AF8114814F017F8D5210E48BAE714
:105D20005A7BD20604D1DA897F2A01D9AA692AB11D
:105D3000AB4202D0284601F049F92B46A36170BD61
:105D4000E83B00206EE604004CE604003A800400C4
:105D5000BC750020BBE604008FE60400C499040073
:105D600038B50446EFF31185402383F31288BFF35F
:105D70006F8F174801F0B6F968B98823154A16499C
:105D8000164813F0E1FF1249154813F0DDFF882192
:105D9000104813F0D0FF0E4801F0C8F92046FFF775
:105DA000FBFE0B4801F0ACF968B940F23113094A27
:105DB0000C490A4813F0C8FF05490B4813F0C4FF0B
:105DC00040F23111E4E785F31188BFF36F8F38BDDE
:105DD000F875002056890400838904003A80040085
:105DE00098890400AE890400C5890400F8B56C4D9B
:105DF0000446AE68864259D1EFF30583002B55D196
:105E0000EFF31187402383F31288BFF36F8F654848
:105E100001F068F960B98823634A6449644813F063
:105E200093FF6049634813F08FFF88215E4813E0B9
:105E30005C4801F07BF9737B03F07F0343F01003B0
:105E400073735D4B9E4209D15C49594856235C4AA5
:105E500013F07AFF56215A4813F06DFF304618F0C0
:105E6000D4FA2B4653F81C4F9C4200D004B9EC687E
:105E7000AB689C4202D0204601F0A8F84948AC61CA
:105E800001F03EF968B940F26B13474A4D49484862
:105E900013F05AFF43494C4813F056FF40F26B1180
:105EA000C4E73846BDE8F840FFF7EEBDEFF31186D2
:105EB000402383F31288BFF36F8F3A4801F012F941
:105EC0000028A8D0374801F031F9637BDA0612D5F3
:105ED000344801F015F900285DD140F23113324AFF
:105EE0003849334813F030FF2E49374813F02CFF60
:105EF00040F231119AE7D90943F010023ED16273A2
:105F0000EF69324B9F4200D007B9EF68AB68BB42E4
:105F100002D0384601F05AF8AB68AF619C42D7D145
:105F2000EFF30585002DD3D1237BDB071FD51D485B
:105F300001F0E6F80028D0D086F31188BFF36F8F08
:105F400085F31188BFF36F8F0423184602DFEFF348
:105F50001186402383F31288BFF36F8F114801F03D
:105F6000C1F800283FF457AF0E4801F0DFF80D48A4
:105F700001F0C6F8002886D0304693E703F07F038F
:105F800043F0100363730C4B9C423FF45DAF20461B
:105F900018F03BFAB4E786F31188BFF36F8FF8BDB2
:105FA000BC750020F8750020568904008389040020
:105FB0003A80040098890400E83B00206EE6040063
:105FC0004CE60400AE890400C5890400D8750020A1
:105FD00038B50446EFF31185402383F31288BFF3ED
:105FE0006F8F184801F07EF868B98823164A174960
:105FF000174813F0A9FE1349164813F0A5FE88218F
:10600000114813F098FE0F4801F090F8A36813B1FF
:106010002046FFF7A5FD0B4801F072F868B940F281
:106020003113094A0C490A4813F08EFE05490B4802
:1060300013F08AFE40F23111E2E785F31188BFF3D5
:106040006F8F38BDF87500205689040083890400DD
:106050003A80040098890400AE890400C5890400D0
:1060600070B504460D46EFF31186402383F3128882
:10607000BFF36F8F214801F035F868B98823204AB3
:106080002049214813F060FE1C49204813F05CFEB3
:1060900088211B4813F04FFE184801F047F80023F1
:1060A00094F87010627B84F8703091B18DB1134810
:1060B00001F026F8E8B940F23113114A14491248A8
:1060C00013F042FE0D49134813F03EFE40F2311129
:1060D000DFE712F0280FEAD1A36813B12046FFF7DB
:1060E0003FFD637B204623F004036373FFF754FDF9
:1060F000DDE786F31188BFF36F8F70BDF875002060
:1061000056890400838904003A80040098890400B9
:10611000AE890400C58904002DE9F047DFF800A12D
:10612000344D1746DDE90898DAF80820324BA842CA
:1061300004460E461A600BD13049314840F27223B2
:10614000304A13F001FE40F272212E4813F0F3FDA5
:10615000EFF31183402383F31288BFF36F8F284638
:1061600000F0C0FF60B98823274A2849244813F06B
:10617000EBFD2946264813F0E7FD88212248E5E794
:10618000284600F0D3FFDAF808503946284618F0C0
:1061900044F9B8F1FF3F08BFB9F1FF3F06D04A46C6
:1061A00043461C4905F1180001F012F8204600F0A2
:1061B000A7FF68B9184940F26B13134A104813F04F
:1061C000C3FD2146154813F0BFFD40F26B11D5E722
:1061D000084800F095FF40B90F4940F26B130A4A96
:1061E000074813F0B1FD0349ECE73046BDE8F0473E
:1061F000FFF74ABCF8750020FC750020E2E60400B9
:106200003A8004004CE604005689040083890400A7
:10621000988904006BE40300AE890400C58904007A
:10622000BC75002070B50546EFF31186402383F35B
:106230001288BFF36F8F1B4800F054FF68B98823A2
:10624000194A1A491A4813F07FFD1649194813F0E4
:106250007BFD8821144813F06EFD124800F066FFA4
:106260002C68A54215D014B12046FFF779FC0D48E3
:1062700000F046FF78B940F231130B4A0E490C4842
:1062800013F062FD07490D4813F05EFD40F2311135
:10629000E0E70024EBE786F31188BFF36F8F204619
:1062A00070BD00BFF8750020568904008389040082
:1062B0003A80040098890400AE890400C58904006E
:1062C0002DE9F04104460D46EFF31187402383F397
:1062D0001288BFF36F8F584800F004FF60B988231D
:1062E000564A5749574813F02FFD5349564813F063
:1062F0002BFD8821514818E04F4800F017FF637BC1
:1063000003F01F02002A0CBF012600265DD103F016
:106310007F0363734D4B9C4209D14D494948562335
:106320004C4A13F011FD56214A4813F004FDDFF8E2
:106330003881204618F069F84246637B6DB263F0FD
:106340007F03A573637352F81C3F93423AD1D8F888
:106350002010C4E900210C60C8F820400FE09942E9
:10636000F7D01B68002BF4D093F90E008542F6D0CD
:10637000A842F4DD5968C4E900310C605C60D8F8CB
:106380001C40944200D00CB9D8F80C40D8F8083022
:106390009C4202D0204600F019FEC8F8184026485A
:1063A00000F0AEFE00283FD140F23113234A2A49C3
:1063B000244813F0C9FC2049284813F0C5FC40F2DA
:1063C000311197E7D8F82010CCE79B072AD5A168B0
:1063D00041B923491B489923224A13F0B5FC99215E
:1063E0002048A2E720466DB218F00FF8A5730B689D
:1063F000994209D14B68C4E900131C604C60CEE798
:106400004A689342F6D01B68002BF3D093F90E2014
:106410009542F5D0AA42F3DD5A68C4E9003214600F
:106420005C60BCE7A573BAE787F31188BFF36F8F91
:106430003046BDE8F08100BFF875002056890400A1
:10644000838904003A80040098890400E83B002016
:106450006EE604004CE60400AE890400C589040021
:10646000B3E2040070E20400BC75002070B504467D
:106470000D46F9B9EFF30586E6B91A4B9A699B68A0
:106480009A4217D000F03CFE78B940F26B13164ADE
:106490001649174813F058FC2146164813F054FCCF
:1064A00040F26B11104813F046FC3046BDE87040D6
:1064B000FFF7EABA204600F023FE68B940F2311334
:1064C000094A0A490A4813F03FFC2146094813F0DB
:1064D0003BFC40F23111E5E785F31188BFF36F8F84
:1064E00070BD00BFBC75002056890400AE89040051
:1064F0003A800400C589040038B50446EFF31185DD
:10650000402383F31288BFF36F8F1D4800F0EAFD2C
:1065100068B988231B4A1C491C4813F015FC18490C
:106520001B4813F011FC8821164813F004FC144892
:1065300000F0FCFD637BDA0616D4114800F0E0FDA4
:1065400068B940F231130F4A1249104813F0FCFBAE
:106550000B49114813F0F8FB40F23111E4E785F3E1
:106560001188BFF36F8F38BD23F01003204663738B
:10657000FFF712FB2946BDE838400148FFF776BF18
:10658000F875002056890400838904003A800400CD
:1065900098890400AE890400C5890400034648B9FF
:1065A000EFF3058232B9064A91699268914201D0AF
:1065B000FFF76ABA83F31188BFF36F8F704700BF8C
:1065C000BC75002010B5EFF31184402383F31288CB
:1065D000BFF36F8F264800F085FD60B98823254AF8
:1065E0002549264813F0B0FB2149254813F0ACFBA0
:1065F0008821204810E01E4800F098FDEFF3058345
:1066000063B120498F23204A1C4813F09DFB1F488B
:1066100013F09AFB8F211C4813F08DFB1C4B9A68DA
:10662000D37B012B0AD11B499023174A134813F03F
:106630008BFB164813F088FB9021ECE7013BD373EA
:106640000B4800F05DFD68B940F23113094A124968
:106650000A4813F079FB0649104813F075FB40F225
:106660003111C6E784F31188BFF36F8F10BD00BFEF
:10667000F875002056890400838904003A800400DC
:1066800098890400A3E3040070E20400C4990400A4
:10669000BC7500201BE70400AE890400C589040016
:1066A00070B5EFF31186402383F31288BFF36F8F29
:1066B000374800F017FD60B98823364A3649374815
:1066C00013F042FB3249364813F03EFB8821314833
:1066D00013E0344D2E4800F029FDAB68DA7B72B927
:1066E000314940F20D33314A2C4813F02DFB30482C
:1066F00013F02AFB40F20D312C4813F01CFBEFF392
:10670000058161B12B4940F20E33284A234813F02A
:106710001BFB274813F018FB40F20E31ECE7013267
:10672000DA732A4652F81C4F944200D004B9EC6840
:106730005A7BD20604D1DA897F2A01D9A2692AB10B
:10674000A34202D0204600F041FC23461048AB6132
:1067500000F0D6FC68B940F231130E4A16490F48D2
:1067600013F0F2FA0A49154813F0EEFA40F231112B
:10677000ADE786F31188BFF36F8FEFF311804023ED
:1067800083F31288BFF36F8FBDE87040FFF706BF39
:10679000F875002056890400838904003A800400BB
:1067A00098890400BC7500204CE704004CE6040006
:1067B000C4990400A3E30400AE890400C589040061
:1067C000024B03F11C02C3E907227047BC7500208D
:1067D00070B5EFF3058373B1394940F22443394A68
:1067E000394813F0B1FA394813F0AEFA40F22441B7
:1067F000344813F0A0FAEFF31186402383F3128894
:10680000BFF36F8F324800F06DFC60B98823314AC6
:1068100031492D4813F098FA2D49304813F094FA75
:1068200088212C48E5E72E4C294800F07FFCA16820
:10683000206A0B68814214BF1A46002249680B6027
:106840005960A368216A2AB9264AC3E900210B606E
:1068500023620CE093F90E0092F90E50A84225D065
:10686000854223DD5168C3E900210B605360E5696F
:106870001C4B9D4200D005B9E568A3689D4202D03B
:10688000284600F0A3FB1248A56100F039FC88B946
:1068900040F26B130F4A14490B4813F055FA0C4998
:1068A000124813F051FA40F26B11BAE78A42CBD08A
:1068B0001268C8E73046BDE87040FFF7E5B800BF92
:1068C000A3E304004CE604003A800400C4990400E9
:1068D000F875002056890400838904009889040013
:1068E000BC750020D8750020AE890400C58904005D
:1068F0002DE9F04106460C46EFF3058777B13449A0
:1069000040F23C43334A344813F01EFA334813F044
:106910001BFA40F23C412F4813F00DFA50EA0103F4
:1069200004D1FFF755FF0020BDE8F081EFF3118897
:10693000402383F31288BFF36F8F294800F0D2FB06
:1069400060B98823274A2849234813F0FDF92449D0
:10695000264813F0F9F988212248DDE7244D204824
:1069600000F0E4FBA868234B1860FFF7A7F8A868BD
:10697000234632462049183000F02AFCAA68044613
:10698000537B174843F00403537300F0B9FB68B915
:1069900040F26B13134A19490F4813F0D5F9104907
:1069A000174813F0D1F940F26B11D5E74046FFF7D5
:1069B0006BF8AB68D3E90A23B3F1004F08BFBA42C2
:1069C000B1D117F08AFD201A20EAE070ACE700BFD1
:1069D000A3E304004CE604003A800400C4990400D8
:1069E000F875002056890400838904009889040002
:1069F000BC750020FC7500206BE40300AE89040028
:106A0000C589040070B504460E46EFF3058575B1DF
:106A10001B4940F266431B4A1B4813F095F91B487B
:106A200013F092F940F26641164813F084F9FFF72B
:106A30005FFFB6F1FF3F08BFB4F1FF3F03462046BA
:106A400017D04FF47A7247F611202946C3FB020192
:106A500047F61223984271F100030BD30C4B83428B
:106A600043F608538B4107D347F612220023E3F77E
:106A700025FA70BD2846FCE76FF00040F9E700BF3B
:106A8000A3E304004CE604003A800400C499040027
:106A9000ED85FFFF38B50446EFF31185402383F3FE
:106AA0001288BFF36F8F204800F01CFB68B9882361
:106AB0001E4A1F491F4813F047F91B491E4813F08F
:106AC00043F98821194813F036F9174800F02EFBD6
:106AD000637B5B0710D504F1180000F05DFC637B5D
:106AE000204623F004036373FFF756F82946BDE8F8
:106AF00038400D48FFF7BABC0B4800F001FB68B9FD
:106B000040F23113094A0D490A4813F01DF90649AC
:106B10000B4813F019F940F23111D3E785F31188CE
:106B2000BFF36F8F38BD00BFF87500205689040091
:106B3000838904003A80040098890400AE89040027
:106B4000C5890400014B9868704700BFBC750020E0
:106B50002DE9F8430446077BEFF31185402383F3C7
:106B60001288BFF36F8F7D4800F0BCFA68B98823A4
:106B70007B4A7C497C4813F0E7F878497B4813F05E
:106B8000E3F88821764813F0D6F8744800F0CEFA7E
:106B9000637B190717D5714800F0B2FA68B940F263
:106BA00031136F4A7249704813F0CEF86B4971483F
:106BB00013F0CAF840F23111E4E785F31188BFF30E
:106BC0006F8FBDE8F883D90943F0080240F0838055
:106BD0006273A36813B12046FEF7C2FF04F11800E8
:106BE00000F0DAFBA66D04F15808B04511D04FF063
:106BF000000976B13046FEF7B3FF06F1180000F049
:106C0000CBFB3046C6F8AC90FEF7C6FFA66DB0458C
:106C1000EFD1DFF88881D8F808309C4270D1EFF3CB
:106C20000589B9F1000918BF4FF00109D8F81C60B7
:106C3000514A964200D00EB9D8F80C60B34202D047
:106C4000304600F0C3F92046C8F81860ECF7F2F8B7
:106C5000B9F1000F02D04948FEF706FFD8F8083016
:106C60009C4260D1EFF30586002E5CD1237BDA07CE
:106C70001FD53A4800F044FA002890D085F31188D7
:106C8000BFF36F8F86F31188BFF36F8F042318460D
:106C900002DFEFF31185402383F31288BFF36F8F78
:106CA0002E4800F01FFA00283FF461AF2B4800F097
:106CB0003DFA2A4800F024FA28BB40F26B13284A18
:106CC0002B49294813F040F824492A4813F03CF88E
:106CD00040F26B1156E703F07F0343F00803637340
:106CE000274B9C4208D127495623274A1E4813F0B8
:106CF0002BF85621244846E7204617F086FB68E724
:106D00004FF0000992E72846FEF7BEFE1F494FF4F8
:106D1000DD731D4A144813F017F81D4813F014F8DA
:106D20004FF4DD71E6E70D4800F0EAF900283FF482
:106D300036AF85F31188BFF36F8FFB077FF541AF47
:106D400040F23D53104A1349074812F0FDFF214617
:106D5000114812F0F9FF40F23D51CBE7F8750020E1
:106D600056890400838904003A800400988904004D
:106D7000AE890400C5890400D8750020F03E0020CB
:106D8000E83B00206EE604004CE604007DE70400CA
:106D900088E70400AAE70400B5E70400BC750020FA
:106DA0002DE9F843064688461746EFF3118940233C
:106DB00083F31288BFF36F8F214800F093F90546E3
:106DC00068B988231F4A2049204812F0BDFF1C499A
:106DD0001F4812F0B9FF88211A4812F0ACFF18487A
:106DE00000F0A4F93468A6421FD004B32046C4F8CA
:106DF000AC802761FEF7B4FE04F1180000F0CCFA75
:106E00002046FEF7C9FE0E4800F07AF988B940F234
:106E100031130C4A0F490D4812F096FF08490E48ED
:106E200012F092FF40F23111D6E70025EBE725463C
:106E3000E9E789F31188BFF36F8F2846BDE8F8832F
:106E4000F875002056890400838904003A80040004
:106E500098890400AE890400C5890400D3B5DDE932
:106E60000667089CCDE90067FFF756F91CB1034B94
:106E70009B681B69236002B0D0BD00BFBC750020B9
:106E80002DE9F84306460F469046EFF3118940235B
:106E900083F31288BFF36F8F1F4800F023F968B99E
:106EA00088231E4A1E491F4812F04EFF1A491E48E9
:106EB00012F04AFF8821194812F03DFF164800F0F1
:106EC00035F93468A6421CD10025134800F018F9A2
:106ED000D0B940F23113114A1449124812F034FF6C
:106EE0000D49134812F030FF40F23111E3E74146FB
:106EF0002046B84705460028E7D17368A342E3D08F
:106F00002468002CF3D1DFE789F31188BFF36F8F7A
:106F10002846BDE8F88300BFF875002056890400B4
:106F2000838904003A80040098890400AE89040033
:106F3000C589040008B568B10F4B98420AD303F124
:106F40001802904206D21822C01AB0FBF2F302FBDC
:106F500013034BB109490A4838230A4A12F0F4FED8
:106F60003821084812F0E7FE0122074BC0105843B1
:106F7000064B1A5408BD00BFE83F0020FBE70400A1
:106F80003A800400D3E70400ABAAAAAA0F8100202C
:106F9000C3897F2B12D80A4B1B6863B1094B90F948
:106FA0000E201B689A4209DB437BDB0606D1064BA9
:106FB000C31A18BF012303F0010070470023FAE74A
:106FC000E40C002000760020E83B002070B50E4B5A
:106FD0000E4C1E7C054606EB460304EBC30420461C
:106FE00000F0DAF900220A4B28469A55FFF7D0FF45
:106FF00048B1084B2046BDE870401A680649013A7E
:10700000D31700F0E5B870BDBC750020E83F002044
:107010000F810020E40C0020356F020038B5EFF33B
:107020001185402383F31288BFF36F8F234800F04C
:1070300059F868B98823224A2249234812F084FE6D
:107040001E49224812F080FE88211D4812F073FE6E
:107050001A4800F06BF81E4B1E4A9C681068A0424C
:1070600013D1FFF7B3FF154800F04AF808BB40F210
:107070003113134A1849144812F066FE0F49174895
:1070800012F062FE40F23111DFE700211B7C11603B
:10709000134AD35C002BE6D02046FFF779FF002887
:1070A000E1D0637BDB0602D12046FEF7DFFD204600
:1070B000D7E785F31188BFF36F8F38BDF8750020CF
:1070C00056890400838904003A80040098890400EA
:1070D000BC750020FC750020AE890400C589040041
:1070E0000F810020006838B1044B00F003001B7CC6
:1070F000C01A18BF0120704701207047BC750020DE
:10710000002302680360EFF30581074B19B199680A
:10711000497BC90706D4197C98680843831A5842EA
:107120005841704701207047BC750020024B1A7C03
:107130009B68134303607047BC750020074808B57F
:10714000074A0849121A17F066F8BDE808400648D1
:10715000064A0749121A17F05EB800BF0005002062
:1071600028110020B4EF0400F804002000050020DE
:10717000ACEF0400024B1868984208BF002070472B
:10718000E80C0020034B1B680BB9F8F713BB002079
:10719000704700BF0476002030B570B10B4B5B68C0
:1071A00098420AD0036843B1D3E90421D0E90445E9
:1071B000121941EB0501C3E90421D0E90032136043
:1071C0005A600023C0E9003330BD00BFE80C002046
:1071D000B3F1FF3F08BFB2F1FF3F2DE9F74F04467F
:1071E00090469B4615461F4600F0B880D0F80090A8
:1071F000B9F1000F0CD05B4972235B4A5B4812F077
:10720000A3FD5B4812F0A0FD7221574812F093FDD8
:107210008160EFF311830193402383F31288BFF35E
:107220006F8F5448FFF75EFF824660B98823524A49
:1072300052494E4812F088FD4E49514812F084FDE3
:1072400088214D48E2E74B48FFF770FFB8F1FF3F58
:107250007BF1FF334B4A1FDBFFF794FF06460135F6
:107260004BF1000B474A2D184BEBE073D2E90017A6
:10727000C4E904536D1843EB0707FFF77BFF034690
:10728000DFF810E1DEF80490F3B9C4E900E9C9F8C9
:107290000040CEF8044029E06FF00103D2E900126B
:1072A0005B1A4FF0FF3161EB0202B3EB080362EBB4
:1072B0000B02012B72F10001BCBF01234A464FF0C3
:1072C000000AC4E90432D8E7D3E9041CD4E9042055
:1072D0008A4270EB0C0B2EDA891A5A686CEB0000AC
:1072E000C3E90410C4E9003214605C60FFF742FF98
:1072F00084420ED1244B1B685BB9BAF1000F02D156
:10730000FFF740FF0646304617F0D0F80021F8F7A7
:1073100061FA1848FFF7F4FEB0B940F23113164A8B
:107320001A49124812F010FD1249194812F00CFDCA
:1073300040F2311185E7521A60EB0C009945C4E91F
:107340000420A2D01B689FE7019B83F31188BFF341
:107350006F8F2846394603B0BDE8F08F00252F46D1
:10736000F7E700BFD0E90400ACE904003A8004006C
:10737000C49904000876002056890400838904001B
:10738000988904000040002004760020AE890400A3
:10739000C5890400E80C002070B50446EFF311869F
:1073A000402383F31288BFF36F8F2348FFF79AFEC1
:1073B00068B98823214A2249224812F0C5FC1E4997
:1073C000214812F0C1FC88211C4812F0B4FC1A4874
:1073D000FFF7ACFE236833B3FFF7CCFE054620462B
:1073E000FFF7DAFE00224FF00043A542C4E9042370
:1073F00006D1FFF7C7FE17F059F80021F8F7EAF9B0
:1074000000240D48FFF77CFE80B940F231130B4A8F
:107410000E490C4812F098FC07490D4812F094FCF4
:1074200040F23111D0E76FF01504EAE786F31188D6
:10743000BFF36F8F204670BD087600205689040088
:10744000838904003A80040098890400AE8904000E
:10745000C58904002DE9F04D0446EFF31186402361
:1074600083F31288BFF36F8F4348FFF73BFE68B981
:107470008823424A4249434812F066FC3E4942484A
:1074800012F062FC88213D4812F055FCDFF80881BB
:107490003948FFF74BFEC8F80040FFF76BFE4FF08E
:1074A000000A04464FF0000B384FD8F80030D7E9F7
:1074B000001CD81754B1D4E90452AB4270EB020E51
:1074C0001EDAED1A62EB0002C4E9045200245B18D4
:1074D0004CEB0000C7E900302046C8F8004016F029
:1074E000E5FF2146F8F776F92348FFF709FEA8B132
:1074F00086F31188BFF36F8FBDE8F04DFFF78EBDA7
:1075000069184CEBE5732046C4E904ABC7E90013E6
:10751000FFF742FE1848FFF7F3FD68B940F2311358
:10752000164A1B49174812F00FFC1349194812F06C
:107530000BFC40F23111A6E786F31188BFF36F8F81
:107540002046A3689847EFF31186402383F31288FF
:10755000BFF36F8F0848FFF7C5FD002888D00648A5
:10756000FFF7E4FDD8F800305B1BC8F80030FFF7E8
:1075700001FE044699E700BF087600205689040002
:10758000838904003A8004009889040000400020A8
:10759000AE890400C58904000476002070B5EFF3BD
:1075A0001186402383F31288BFF36F8F1A48FFF7C9
:1075B00099FD68B98823194A19491A4812F0C4FB81
:1075C0001549194812F0C0FB8821144812F0B3FB8A
:1075D0001148FFF7ABFDFFF7D5FD144AD2E900458E
:1075E000041945EBE0750C48FFF78AFD68B940F2D5
:1075F00031130A4A0E490B4812F0A6FB06490D4802
:1076000012F0A2FB40F23111DFE786F31188BFF3DD
:107610006F8F2046294670BD0876002056890400E9
:10762000838904003A800400988904000040002007
:10763000AE890400C5890400F8B50446EFF311874C
:10764000402383F31288BFF36F8F4F48FFF74AFD43
:1076500068B988234D4A4E494E4812F075FB4A4995
:107660004D4812F071FB8821484812F064FB4648EF
:10767000FFF75CFD226892B14348FFF741FD002807
:107680007DD140F23113414A4449424812F05CFB3B
:107690003D49434812F058FB40F23111E4E7D4E988
:1076A0000A36581C46F10001022871F1000127D367
:1076B000012B76F10001BCBF012316465D1E46F189
:1076C000FF3616F00EFF013041F10001401946EB84
:1076D0000101012871F100014CDB16F002FF0130BD
:1076E00041F100016FF00102401946EB01034FF038
:1076F000FF31121A61EB030320462A49FFF768FDA8
:10770000236B01332363236AD3B11F48FFF7F8FCCF
:107710000028B6D087F31188BFF36F8F2046236A05
:107720009847EFF31187402383F31288BFF36F8FDD
:107730001548FFF7D7FC00288BD01348FFF7F6FC5D
:1077400054F8185FA54297D0002D95D02846FEF733
:107750003FFC00230C48C5F8AC30FFF7D1FC0028F3
:107760008FD087F31188BFF36F8F2846BDE8F840AC
:10777000FEF7F6BA6FF001024FF0FF33BCE787F374
:107780001188BFF36F8FF8BD0C7600205689040076
:10779000838904003A80040098890400AE890400BB
:1077A000C5890400397602002DE9F84306461446DF
:1077B0001D4691469846EFF31187402383F31288C4
:1077C000BFF36F8F2848FFF78DFC68B98823274ADD
:1077D0002749284812F0B8FA2349274812F0B4FA8A
:1077E0008821224812F0A7FA1F48FFF79FFCB5F145
:1077F000FF3F08BFB4F1FF3F11D11B48FFF780FCEA
:1078000060BB40F23113194A1C491A4812F09CFA25
:1078100015491B4812F098FA40F23111E1E7631C58
:1078200075F1FF330ADB012C75F100032246BCBF62
:107830000122002512F1FF3945F1FF383046FFF7EC
:10784000ABFDDDE90823C6E90A2300234A4633637A
:10785000304643460B49FFF7BBFCCEE787F3118860
:10786000BFF36F8FBDE8F8830C76002056890400C3
:10787000838904003A80040098890400AE890400DA
:10788000C589040039760200F8B505460E46EFF3C7
:107890001187402383F31288BFF36F8F1F48FFF7D0
:1078A00021FC68B988231E4A1E491F4812F04CFA71
:1078B0001A491E4812F048FA8821194812F03BFA7A
:1078C0001648FFF733FC2C68A5421CD0D4E90032DF
:1078D00013605A60002331462046C4E9003316F095
:1078E0006FFE0E48FFF70CFC78B940F231130C4ADA
:1078F0000F490D4812F028FA08490E4812F024FAF0
:1079000040F23111D9E70024EBE787F31188BFF388
:107910006F8F201E18BF0120F8BD00BF1076002019
:1079200056890400838904003A8004009889040081
:10793000AE890400C589040070B504460D46EFF316
:107940001186402383F31288BFF36F8F2148FFF71E
:10795000C9FB68B98823204A2049214812F0F4F96C
:107960001C49204812F0F0F988211B4812F0E3F975
:107970001848FFF7DBFB01212068E5608442A16025
:1079800011D11448FFF7BCFBE8B940F23113124A99
:107990001549134812F0D8F90E49144812F0D4F9D9
:1079A00040F23111E1E7D0E9003213605A60002360
:1079B000C0E9003316F004FE314604460548FEF7E0
:1079C00055FD204670BD86F31188BFF36F8F0024EC
:1079D000F7E700BF10760020568904008389040071
:1079E0003A80040098890400AE890400C589040027
:1079F0002DE9F84F4F1E0F4206460D469A460BD012
:107A00002F4917232F4A304812F09EF92F4812F0C1
:107A10009BF917212B481CE0141D4DD241F0040B9B
:107A200000F11408EFF31189402383F31288BFF3A8
:107A30006F8F4046FFF756FB68B98823244A2549D3
:107A4000214812F081F94146234812F07DF988213E
:107A50001F4812F070F94046FFF768FB224659466E
:107A60003046D04704464046FFF74AFB68B940F22B
:107A70003113174A1949144812F066F9414618485B
:107A800012F062F940F23111E2E789F31188BFF395
:107A90006F8F8CB144F8046B7DB13C420DD0342320
:107AA000084A1049084812F04FF921462A460E4864
:107AB00012F04AF93421ADE700242046BDE8F88FE2
:107AC00057EB040033EB04003A80040072EB04002F
:107AD000568904008389040098890400AE89040053
:107AE000C58904008FEB0400C1EB04002DE9F041CF
:107AF00005460E46174616F080FC30B9074B9B68CA
:107B0000D3F8A04014B9BDE8F081054C3B4632469D
:107B100029462046BDE8F041FFF76ABFBC7500204A
:107B2000200E002002460021014B0248FFF760BFF3
:107B3000679C0300200E0020014BC0F8A030704766
:107B4000200E00200146024A0020FFF7CFBF00BFF1
:107B5000679C0300B1F5C87F10B44FF0000405DA4C
:107B60004900B1F5C87F04F10104F9DBB0F57A7F73
:107B700024D040F2EA3188420FD0A2F58A60000199
:107B800040F06000023C40EAC404E0B2022B08BFAF
:107B900040F004005DF8044B7047A2F24E4020EA2A
:107BA000E070400160F07F0040EAC404E0B2022BC4
:107BB00008BF40F004005DF8044B7047A2F14D008F
:107BC000023C400140EAC40000F0F800022B08BF6C
:107BD00040F004005DF8044B704700BF30B401EB87
:107BE0008101C9001431323A02FB1100DDE902457E
:107BF000049933B9214AC31782FB00C2A3EB620385
:107C0000184405F15A031E4A00FB03F082FB0032C0
:107C1000A4F57A73C017012BC0EB62101AD940F299
:107C2000EA339C420AD001EB41039B0001FB00F1C7
:107C3000143391FBF3F1401A30BC7047042DFBDC88
:107C4000104B00EBC00083FB0023C017C0EBA30068
:107C500030BC7047012D06DC0A4B800083FB0023FB
:107C6000C017C0EB630001EB41035B0001FB00F1B7
:107C70000A3330BC91FBF3F3C01A7047ABAAAA2AAF
:107C80001F85EB51676666662DE9F047B2F1000883
:107C9000DDE9099E23DD089A03FB0EF70E1FD519B7
:107CA00000EB450506EB880A34464FEA4E0CB5F961
:107CB000002044F8042F54456544F8D1B9F1000F71
:107CC00010DB4F4400EB4700B0F9002056F8043FAA
:107CD0001344A64260443360F6D1BDE8F087B9F1A1
:107CE000000FFADA19F1020FF7D1BEF1010FF4DD3E
:107CF0000EFB03F35E1C0439734400EB460600EBF5
:107D000043074FEA4E0E01EB8802B8F1000F0ADD7F
:107D10000B463446B4F9005053F8040F28449A42F5
:107D200074441860F6D10236BE42EED1BDE8F08749
:107D300008B5431E012B01D9002008BD03F078FBD4
:107D400000F6980008BD00BF2DE9F8434BF68035DA
:107D5000A9420ED045F6C054A1420AD0B1F57A5FCF
:107D600007D042F6E064A14203D0B1F5FA5F40F0DB
:107D70009E80551E012D00F29A80A3F50064012C0F
:107D800004D940F60304A34240F091800446104613
:107D900015460E461F4603F04BFB002100F69802E5
:107DA000204618F0D7FB4FF47A5240F69801002392
:107DB0004FF4FA5E4FF0140C21606261E26146F20A
:107DC000A811092204F69809C4E908C1E2622567EE
:107DD000C4F8BC50C4F89060C4E9025526616360E1
:107DE000C4F8B430A3622363C4E90E33E3644846A5
:107DF000C4F818E02A46314605F07AFF804600288C
:107E000058D1024642F22071484605F009FEE26A66
:107E100040F6AA71484605F003FED4F89010274AB0
:107E2000DFF8A0C0264BE76605FB06F582FB0102E2
:107E3000C817C0EB62128CFB016105F6B835C0EBC8
:107E40002111012640F251474FF0FF3E4FF0180C30
:107E5000C4F8A050C4F8AC204FF4804047F6FF723D
:107E600041F28835C4F8A430C4E91F33A367C4E9DC
:107E70002173A4F8C0006167C4E92566C4F88CE0EA
:107E8000C4F8A8C0C4F89C50A4F8C8203C2006F050
:107E9000D3F940F2E9330002C4F8C400C4F8F86032
:107EA000C4F8EC70C4F8DC304046BDE8F8834FF00D
:107EB000FF38F9E76FF00208F6E700BF1F85EB51C6
:107EC00018FCFFFFD34D6210F0B42A4D85FB02343D
:107ED000D317C3EBE413834248DC41F28834A14258
:107EE00042D0A1F59C54A4F10906082E3ED841F2D7
:107EF0008D37B94236DD0B3C02FB04F485FB0413DD
:107F0000E417C4EB2313834230DC4FF4C87101FB48
:107F100003F1914223D0C82101FB03F191421ED00D
:107F2000642101FB03F1914219D0322101FB03F1DD
:107F3000914214D003EB830000EB800090420ED0FE
:107F400002EB4204A1420AD09000814207D00244D1
:107F5000914204D0B1EB440F18BF4FF0FF331846E5
:107F6000F0BC7047B340CEE70346CEE74FF0FF3397
:107F7000F5E700BF1F85EB512DE9F84F92FBF1F8B3
:107F8000424647F6FF7E322AB8BF3222192403291F
:107F900014FB0EF494FBF2F4AEEB040E0FFA8EFE1B
:107FA00040F3C98004390027890800F1100909EB62
:107FB00001193A46BC46B0F9041011FB01FA4FEA28
:107FC000AA0AB0F90660B0F900B011FB06F11BFB7C
:107FD0000BF416FB06F60AEBA40A8910B610B0F9EA
:107FE000085015FB05F40AEBA40AB0F902401BFB8C
:107FF00004FB14FB04F401EBAB0106EBA406103008
:1080000030F9064C15FB04F514FB04F401EBA50153
:1080100006EBA40630F9045C30F9024C15FB05FBB5
:10802000814515FB04F50AEBAB0A01EBA50114FB36
:1080300004F406EBA4040CEBAA2C02EBA12207EB40
:10804000A427B8D193E81300ACEB000C3F1B3CFB1A
:108050000EFC37FB0EF700EB4C0004EB470720EA61
:10806000E07027EAE777B842A2EB010232FB0EFE8E
:10807000024601EB4E0EB8BF3A462EEAEE71D22A06
:1080800083E883000CDCB3F90E30142010FB03F0FE
:10809000B0F5004FB4BF00B247F6FF70BDE8F88FEF
:1080A0001D4606F057F904B2A86806F053F90FFA16
:1080B00080F9204606F04EF90646484606F04AF991
:1080C00014FB09F16B68074604FB09F09842A8BF4E
:1080D00018460131686006F037FA36B23FB2F41B39
:1080E00084EAE473001410FB00F0C0F18040A3EBBD
:1080F000E473013647F6FF7414FB03F406F02AF923
:10810000B5F90C10B5F90E303E4494FBF6F410FBB3
:1081100004F444F3CF32521A92FBF8F20A4412B23A
:10812000074991FBF8F843449342B8BF13461BB28A
:10813000AA81EB81A9E700273A46BC4682E700BF47
:1081400071FDFFFF2DE9F04FA7B004AF40F2FC45F1
:10815000D7F8B0B05D454FF00004A8BF5D46B2F15E
:108160000009C0F894483C6440F3F386A34540F30B
:10817000F086BBF1010FAA4600F01281C46E0568BB
:10818000FB6340F603064219B4420446BA6318BFC3
:10819000426FD4F8A830796308BF0022FA6242F235
:1081A0001F7107F14002B86B3B6305F039FC236F88
:1081B0004FF0FF32022BC4F88C2000F00F81002317
:1081C000D4F89060BB62D4F8A43013F57A7F00F045
:1081D000F2805A1C00F0D38096FBF9F5D4F8948015
:1081E000C4F8A030B8F1000F24D103EB430306EB31
:1081F00046029B004FEA820292FBF9F202EBD27137
:1082000048BF0733491001EBE30393FBF2F35345F7
:10821000A8BF534603FB02F29C49D20081FB020136
:10822000012B4FEAE272C2EB6102B8BF01239A460A
:10823000C4F8A020BAF1020F48DDD4F8A0207A6279
:1082400005EB4503B2EBC30F40DB05FB0AF3312D11
:10825000BB6035DD236FE26AA06A7A610192002279
:108260001946B8613B620290009243462A46786AFA
:10827000FFF7B4FCE36FE16EF96040F6B932864671
:108280009342386AF86100F0038140F6BA329342B3
:1082900000F02986D4F88C20002AC0F2858540F2AF
:1082A000471303FB02F240F60103121299423A61AE
:1082B00040F0F080732A1346A8BF73233B61E9E0C6
:1082C000B3F5967F02DBB2F5166FC3DAD4F8EC2073
:1082D000D4F8DC0040F24D43002A08BF1A4658BBD0
:1082E000642D40F39C808146064640F24E439A42FC
:1082F000804600F0BC8040F2EA30D4F8BC30294619
:10830000FFF728FCFB6B3043B8F1010F18707BDDE1
:10831000BAF1020FB8BF4FF0020AB8F1030F08BF5D
:1083200083F801900225D4F89430002B5ED02846C3
:108330008C37BD46BDE8F08F642D6CDC192D00F044
:108340009980102D01F32880BBF1010F70D0B0F59A
:108350007A7F6AD03223032693FBF5F9B0461D4697
:1083600040F2EA33984201F0208040F2E93398422B
:10837000C3D1B2F58A6FB8BF4FF48A62BDE7D4F8B3
:10838000948096FBF9F54FEACA0306FB03F393FBCF
:10839000F9F3C4F8A030B8F1000F7FF44BAF24E735
:1083A000D0F8904009EB8905B4EB450F7FF4E6AEB9
:1083B0006FF00105BBE7236FD4F8948096FBF9F5C5
:1083C000C6EB0612920092FBF9F203FB0623C4F8F7
:1083D000A030B8F1000F7FF42DAF06E7A36FD4F8FB
:1083E0009060012B38D10023BB62ECE62946F86B84
:1083F000524601F0F1FD002840F00D875546284611
:108400008C37BD46BDE8F08FBAF1010FB8BF4FF011
:10841000010A012587E70026B146304665E7102DA1
:1084200000F38F84BBF1010F02D00A2D00F0B58458
:108430000C2DD4BF4FF001084FF000084FF0000999
:108440004FFA88F620D0102540F24F439A42A8BF39
:108450001A464FF47A7050E7324604F58073494665
:10846000786BFFF789FDD4F89060B862ABE640F214
:108470004D4240E7B0F57A7F00F059870126B046BB
:108480004FF0000932256BE71925DDE7ABAAAA2AD0
:108490007F233B61A36F7B6013F57A7F00F002843A
:1084A0003B6A022B00F00C853B6AC4F8BC30FA68CA
:1084B00040F603039A4200F0F083D4F8883013F5B5
:1084C0007A7F00F09584C4F8DC3040F2EA318B42C8
:1084D00000F06E87B84AF31782FB0602C3EB621303
:1084E0004B45D4F8BC30FB61C8BFC4F8DC10D4F8ED
:1084F000B030002B40F0B483D4F8DC30BB62FB69B1
:10850000012B00F0F484BB6902937B6901934FF067
:10851000000CBB6A00932A464346786AF969C4F89E
:1085200044C0FFF75BFBBA6A786240F2EA339A42D2
:10853000D4F8F8E006D0BEF1000F03D1636D002B34
:1085400000F007843B6A9D4D022B00F03D849C485F
:108550003A6942F2107302FB02F8194607F154021D
:1085600007F1740C03E055F8041F50F8043F5B1A40
:1085700008FB03F301EBA33142F8041F9445F2D149
:1085800007F15802796A40F2514340F24D40754676
:10859000B04694460CEBC302A2F5095252F830ECF7
:1085A00045B9D4F8F06052F82C2C9E42ACBFAEEB2B
:1085B000020E96448E4502DD013B8342EAD14646D7
:1085C000C4E93B336DB9B96A40F2EA32914208D04E
:1085D000A26D32B9B3F58A6FA4BF40F24F43C4F81D
:1085E000EC30D4F884209A42D4F88030B8BFC4F874
:1085F000EC2013F57A7FBA6A18BFC4F8EC3040F269
:10860000EA339A420ED0BA6843F69723B3EBC20F0F
:1086100008DBD4F8EC3040F24F429342A8BF134637
:10862000C4F8EC3045F6C0539E421DDCD4F8EC3063
:10863000B3F58A6F00F36783B6F57A5F14DCB3F5A0
:108640008A6F00F0688342F6E06296420CDC40F2EA
:108650004F42934200F06883B6F5FA5F04DC40F2C3
:108660004E42934200F068833B6BD7F8B420B86B5E
:108670009342A8BF13461A4640F6C4711D4605F042
:10868000CFF9D4F8DC1040F2EA33994200F02C83A1
:10869000D4F8B030002B00F0918240F24D43B1F598
:1086A0007A7FC4F8EC3040F057833B63D4F89020D5
:1086B000414BD61783FB0203C6EB23134B4580F2D5
:1086C0009682B1F57A7F40F0B7825000DFF8E8C0BB
:1086D00081188CFB01ECC917C1EB2C11894500F303
:1086E000978207F158031846BB61FB6B0AF1FF3212
:1086F000591C3A6205F09AFBFD6A206FD4F8AC3041
:108700002A464A44FA6100FB02F252000E3222F07D
:108710000702591BADEB020D00FB01F104AB05FB99
:1087200000F28831184604EB41015200BB6217F099
:10873000EAFE3C2005F080FDD4F8C43040F2D73288
:10874000C3EB002030FB0230C4F8C400001205F077
:108750008BFDE26EB2F5006F04F1CC03D4F89020EB
:1087600000F067841748216F80FB02504FEAE27CDB
:10877000FA6ACCEB600CBCFA8CFC02FB01F8002915
:10878000CCF11F0C4FEA480858DD4900B86A7D6BF0
:10879000C7F814A008EB01024FF0010E0EFA0CFE10
:1087A00082187A6380444FEA6E0E04F1D0068A463E
:1087B0003C610020044612E01F85EB5108270400AD
:1087C00028270400398EE338B5498A42C0F2FA827C
:1087D00012B20134A14528F80020504421D056F8A7
:1087E00004BC2A5ECBEB823202EB0E0141FA0CF1A3
:1087F000594446F8041C5968521A0EEB020B02F554
:1088000000524BFA0CFB92135944B2F5004F5960D9
:10881000DADB013447F6FF72A14528F80020504406
:10882000DDD17A6B08F10208424505F1020503F13A
:10883000080306F10806BCD1D7E9044A3B6BBD6BBF
:10884000A3F24D43032B96BF964A152252F82320DC
:1088500042F21C71284605F0E3F8D4F8BC2042F23D
:108860001871284605F0DCF84FF0FF3240F6A2718F
:10887000284605F0D5F8D4F8DC30B3F57A7F00F05F
:108880007583002240F6A671284605F0C9F8E36C0E
:10889000002B0CBF0222002242F21271284605F082
:1088A000BFF8D4F8DC0040F2E9339842D4F89430B1
:1088B00000F0F584002B40F01085256FD4F890105F
:1088C000794ED4F8AC3001FB05F286FB02C6D21714
:1088D000C2EBE612520002F10E0626F00706ADEBDF
:1088E000060D04AEB0F57A7F7E6319D0D4F8E0604F
:1088F000864215D0002E13DD6B4880FB0160FE6AB6
:10890000C9179B1BA1EBE011194405FB01F188314C
:1089100004EB4101786B17F0F6FD256FD4F8AC300D
:10892000FE699A1B05FB02F2002A04F5887040F3E9
:108930003F83A3EB0902FB6A05FB09F1D21A05FB91
:1089400002F28831520004EB410117F0E9FDD4F83E
:10895000AC30226FB96AA3EB0900FB6AC01A02FBB4
:1089600000F0883002FB06F204EB4000520017F0E2
:10897000CAFDB4F9C8E047F6FF75AE455DD0D4F83E
:1089800070B03B6CBBF1010F58685A6BD4F8903053
:108990004BF6803898FBF3F890FBF8F000F0588421
:1089A00000282DDDBB6AC7F82CB094464FEA480872
:1089B00019469E1C03EB8002BCF900B01BFB0BFBAD
:1089C0004FEAEB3BA5EB0B031BFB05FB13FB0EB3C5
:1089D00036F802BC43F3CF3313FB0BFB4FEAEB3B00
:1089E00026F802BCB1F802B013FB0BF3DB134B808B
:1089F00004318A42C44406F10406DDD1D7F82CB014
:108A0000BB6A4FEA4B0505FB003E4FF0000C47F6F2
:108A1000FF7681450BDD724601460131138816FB56
:108A200003F389454FEAE33313802A44F5D10CF16F
:108A3000010CE3450EF1020EEBDCD4F8DC10D4F8A7
:108A4000FC2040F2E93347F6FF709942A4F8C800D1
:108A500000F0BE82786A45F6C0539842B8BF184607
:108A6000A0F5BB43403B5B00B3F5804FA8BF4FF47C
:108A70008043E365002A00F01F8340F2EA33994205
:108A800014D07B6FFA6EB3FA83F340F2E930C3F18E
:108A900020038142A2EB030300F0A88206E000BF9E
:108AA0000180FFFFF82604001F85EB5140F2EA33F6
:108AB00000269942C4F8F46000F05082B1F57A7F44
:108AC00040F04B827B6FFA6EB869B3FA83F51544B8
:108AD000193D05F00FFBED10AB461126D4F8DC2054
:108AE00040F2E9339A4200F09882002242F22C715F
:108AF000B86B04F095FF324642F21A71B86B04F07D
:108B00008FFFD4F8DC00B0F57A7F00F07D82D4F8D6
:108B1000E030984220D0002B1EDDD7F8388040F698
:108B2000BC71404604F07CFFD4F89030AB49DA17B2
:108B3000002681FB03130220C2EBE312796BCDE91F
:108B4000000607F14C03404602F0F0FC324642F2C8
:108B50001271404604F064FFD7F87480FE6EB8FAD4
:108B600088F3C3F12003F61AB6EBCB0F40F335833D
:108B7000D4F8DC00D4F8BC303A6BD4F8901091FBF8
:108B8000F9F1FEF7E7FFFB6B1870D4F8BC10D4F8CE
:108B9000DC20C4F89488C4E93821396AC4F8E89024
:108BA0000023B6EBC10FC4F8F83040F3F581FA6B3F
:108BB00002255370C4F89438FFF7B5BBD4F8EC30F5
:108BC0003B63B1F57A7F40F0DD80B3F58A6FFFF645
:108BD0006DAD40F2E933C4F8DC30D4F890207F4B1F
:108BE000D61783FB0213C6EB2313994524DC5000F0
:108BF000DFF8E8C181188CFB01ECC917C1EB2C111F
:108C00004945BFF66EADD4F8DC10B1F57A7F13D1CB
:108C1000DFF8C8C1C1178CFB008EC1EBEE014945DE
:108C200000F0C18102448CFB021CD217C2EBEC01A4
:108C3000494508BFC2EB2C13D7F8D020796BCDF88B
:108C400004B0CDE90252FA6B0092204699FBF3F290
:108C500000F0B6FB054628468C37BD46BDE8F08FD0
:108C6000FB6940F2EA3E012BC4F8DCE000F06981C8
:108C7000BB6902937B69786AF969C7F828E04FF00D
:108C8000000CCDE900E32A464346C4F844C0FEF791
:108C9000A5FFD4F8F8E0786254E440F2EA33C4F86F
:108CA000DC3024E4386A02287FF4FEABD4F8BC1030
:108CB000BB69029345F6D81246F2A813022908BFF1
:108CC00013467345A8BF0120796901910023C4F8B8
:108CD000BC00F861014600932A464346786AFEF7D5
:108CE0007DFF8646FFF7E3BBD4F8EC2040F24E430D
:108CF0009A4262D0D4F8B03043B340F24D43C4F846
:108D0000EC303B6369E74FF48A63B6F57A5FC4F8E9
:108D1000EC303FF7A9AC42F6E06340F24F429E428E
:108D2000C4F8EC203FF7A0AC40F24E43B6F5FA5F32
:108D3000C4F8EC303FF798AC40F24D43C4F8EC3047
:108D400092E4814680460646FFF77EBBD4F8EC30BD
:108D5000ABE4D4F8EC3044E440F2E93291423B63B6
:108D60007FF43BAFD4F890201C4BD61783FB021343
:108D7000C6EB23134FF47A719945C4F8DC103FF722
:108D8000A4AC34E740F2E93399427FF48FAC3B6BFB
:108D9000B3F58A6FBFF621AFE4E70326B0464FF084
:108DA00005093225FFF750BBFB68B3F5006F0CBF18
:108DB000732330233B61FFF76DBB40F24F43C4F890
:108DC000EC3097E7064A04E57968064A064B0748FF
:108DD00001291CBF15461846FFF7BABB1F85EB518A
:108DE0000180FFFF482704006827040028270400AB
:108DF000B86AC0F5FF437F331BB24FF47A514FF48A
:108E00007A4232FB03F231FB03F35B00BB62BB6AC5
:108E100031FB00F1520003EB4103396948F6A04CE5
:108E20003CFB00FC02EB4C02D21A01FB01F101FBFE
:108E300002F203EBA233FA68B2F5006FD4F8E02037
:108E400040F2EA3108BF03F5FA538A4200F0BD80D0
:108E5000002AC8BF03F57A6340F2EA31226B7345FA
:108E6000D4BF08464FF47A70C4F8DC0052B13B69B5
:108E7000BA69C3F18003B2EB231FC4BF4FF47A7306
:108E8000C4F8DC30D4F8B830A36333B13B69642B49
:108E9000C4BF4FF47A73C4F8DC3041F2707242F20E
:108EA0002833322DD8BF134609FB03F3F20093FB9E
:108EB000F2F353453FF7F1AED4F8DC30FFF705BBD2
:108EC0007968BA69C4F8BC1002927A69786A00239A
:108ED000CDE9003243462A46FEF780FE7968F96103
:108EE0008646FFF7E4BA00233B61FFF7D3BAD4F814
:108EF000E430022B7FF407AB636C002B7FF403ABF1
:108F0000B86A40F2EA33984200F00082D4F8E020D8
:108F10009A4200F01182BB6902937B694FF0010C09
:108F20000221CDE900032A46786AC4F844C04346CA
:108F3000C4F8BC10FEF752FED4F8F8E07862FFF7F0
:108F4000FABAD4F8E430022B08BFC7F828E0D3D02F
:108F50008EE64FF0FF35FFF7EAB91126D7F820B0BB
:108F6000B869594605F0B8F80025B7E5256FD4F87B
:108F70009020B549D4F8AC3002FB05F281FB020128
:108F8000D217C2EBE11252000E3222F00702ADEB13
:108F9000020D04AA7A63C3E4B2F57A7F00F03F8140
:108FA0000135FFF7C0B98CFB0223C6EBE30343E6B0
:108FB000FA69D11ABA6A05FB01F103FB05F302EB6A
:108FC00041015A0017F09FFAD3E4A3F57A6343E70F
:108FD000D4F8BC30012B3FF43DAD002A6CD07A6F41
:108FE000FB6EB2FA82F2C2F120029B1A3A6A253372
:108FF000B3EBC20F3FF75AAD00210C22B86904F061
:10900000B5FFD4F8DC1051E5D7F87480FE6EB8FADD
:1090100088F3C3F12003F61AACE5D4E9192342F230
:109020002C71FA64B86B3B6507F14C0204F0F8FC54
:1090300061E58649D4F870C081FB0251D217C2EBBA
:10904000A11240F6A71111FB00F191FBF2F181FB97
:109050000120120C02EB00426FF4EB7000FB01F1F7
:1090600001F18055C1F170414900A2F50002396556
:10907000A91181FB0206000C00EB064681FB0120D2
:10908000120C02EB0042F96AFD64C7E91162BA6A88
:109090007D6501FB0CF102EB4101BCF1010FCDE953
:1090A0000019786B07F1440207F14C0100F01181BF
:1090B00001F004F8FFF7C2BB236F022B7FF4DDAC95
:1090C000B4F9C030E26DB3F5804FC0F25A81B2F509
:1090D000804FBFF6D2AC10B2B3F5804F786208BFB4
:1090E00047F6FF7340F04F81786A3D6CB0F5804FD2
:1090F00047F6FF7618BF42F30E02A6EB030314BF38
:10910000520047F6FF721BB268687B61A6EB020C47
:10911000D4F890306D6B4BF6803292FBF3F290FBFB
:10912000F2FEBEF1000F0FFA8CFB40F330815000CD
:10913000BA6AFE624FEA8E03D618B9607969FB619C
:10914000C7E903AEA84602F1020C15468646B246B0
:109150003CF9026CB5F90200FB6AB8F9002012FB79
:1091600002F2301AD2139B1A401012FB0BF213FBBF
:109170000123DB1313FB00F3C3F3CF33F61A2CF8F0
:10918000026C6A8813446B8004355545F0440CF139
:10919000040CDDD1D7E903AEF145B96819DDFB69EF
:1091A000B86A1A46024430F92E50B2F90230EB1A6E
:1091B0005B101BFB03F3C3F3CF33ED1A20F82E50E3
:1091C00055880EF1010E2B44F145538002F1040243
:1091D000E9DC7B6AA4F8C0304FE4BD6BD4F894207E
:1091E00040F6A671284604F01BFCBB69B96ACDE9BC
:1091F00000B3284600234A4602F098F9051E0ADB10
:10920000D7F87480FE6ED4F8DC00B8FA88F3C3F1A6
:109210002003F61AAEE46FF00205FFF788B8022DBE
:109220007FF7BEAEFA6B535D2A4433B1B8E612F84D
:10923000011D00297FF477A81D466B1E022BF6D175
:109240000325FFF770B800BF1F85EB51D34D6210A7
:1092500000287FF7D5ABB96AC7F82CB001EB400303
:10926000023B4FEA480894468E1E9B4636F8022F72
:10927000BCF9003013FB03F3DB13B34513FB05F11B
:10928000A5EB030313FB0E134FEAE33313FB02F2C8
:109290004FEAE232C4443280E8D1FFF7AFBB002B83
:1092A0005BD1256FD4F89010444ED4F8AC3005FB58
:1092B00001F286FB02C6D217C2EBE612520002F19F
:1092C0000E0626F00706ADEB060D04AE7E63FFF733
:1092D0000DBB00F093FEFFF7B1BABD6B012240F663
:1092E000A671284604F09CFBD4F8982040F6B4718F
:1092F000284604F095FBD4F8A02040F6A271284639
:1093000004F08EFBD4F8DC00FFF7D7BABB690293F8
:109310007B690193BB6A0093786A43462A46012120
:10932000FEF75CFCD4F8F8E07862FFF70BB9002692
:10933000B146B046FFF788B8BB6902937B690193D9
:10934000BB6A0093786A43462A460121FEF746FC31
:10935000D4F8F8E07862FFF7EEB8636ABD6BD4F832
:10936000A02040F6A271D21A284604F059FB002230
:1093700040F6B471284604F053FBD4F8DC00FFF744
:109380009CBA10B2786243F30E035B00ACE64FF078
:10939000000EC7F81CE002E70026B0F57A7FB14660
:1093A000B0463FF451A8FEF7DBBF4046FEF79DBF35
:1093B000D4F8BC30FB61FFF79AB800BF1F85EB51B2
:1093C0002DE9F04F93B09A460AAFD0F89430B961C6
:1093D000022A9346054614BF4FEA42094FF003099B
:1093E000BBB9D0F8A430013313D0D0F89030D0F806
:1093F000A01003EB4303DA000AFB0BF392FBF3F339
:10940000FA6C01EB410191FBF3F39A42A8BF1A46B3
:10941000FA64FA6C40F2FB43A2EB090999FBFBF9F1
:109420009945A8BF994609F1010909FB0BF30E33D1
:1094300023F00703ADEB030D0DF12808CEB00AAB06
:109440001846FB6100F048FCD5F8DC10D5F8EC209C
:10945000686CD5F88840D5F8BC30C5F88810D5F8C8
:109460008010C5F88020AA6F78603C61F960BA600E
:10947000AB6700283DD00123AB67BBF1000F3BDD9C
:1094800000260BF1FF3334467B6105E000F028FC39
:10949000002828DBB3452FD07A6D296F6C647B6977
:1094A0000294CDE907423A6D9E42CDE9009201FB5C
:1094B0000AF1BA69ACBF0023012306FB01F102EBFC
:1094C0004101CDE90544CDE903445246C5F8903841
:1094D00028464346FEF736FE021E414606F10106C7
:1094E000F869C844D2DA6FF002002437BD46BDE8FF
:1094F000F08FC5F8E430C0E7D5F89430FA6C0092EC
:10950000B3FA83F35B090021CDE901135A46F869E8
:10951000BB6C00F0E9FB0028E5DB3B69C5F888304F
:10952000FB68C5F88030BB68AB677B686B64243729
:10953000BD46BDE8F08F00BF2DE9F04215468AB068
:10954000D0F89020104E04460F46D0F89C102846C4
:109550009946FEF7B9FC236F039502462046109CFE
:1095600002970025394600946FF0010710240693F6
:1095700008954B460495079605970194FEF7E2FD82
:109580000AB0BDE8F08200BF897C02000EB470B55D
:1095900083B007AB054653F8044B0068019340F6CF
:1095A000B672944205EB000600F0AF8229DD40F66A
:1095B000C972944200F0A18165DC40F6BC7294420D
:1095C00000F0B08240F3C08040F6C472944200F0D4
:1095D0004E8200F33E8140F6BD72944200F07482E8
:1095E00040F6BF739C4240F0CC81019B1A68043363
:1095F0000193002A00F06C81D5F8943813600020A4
:109600000DE140F6A972944200F0B5825CDC40F6B0
:10961000A472944200F07B8100F3DD8040F6A172D9
:10962000944200F0B38240F3438140F6A272944228
:1096300000F0B48140F6A3739C4240F0A281019BEC
:10964000196804330193002900F04281D5F8E8201D
:109650003AB9D5F89030C548DA1780FB0303C2EB5E
:10966000E312D5F8A43013F57A7F00F0DB82581CA2
:1096700040F09280D5F8900042F2E07303FB00F3D3
:1096800093FBF2F388E042F21F72944200F03282C0
:109690003BDD42F6FA22944200F0FF8100F3C480E1
:1096A00042F22872944200F0078242F22A739C42EE
:1096B00040F06781019B1A68C5F8FC20304642F2F1
:1096C0002A7104F0ADF9AAE040F6AE72944200F0BF
:1096D000678264DD40F6B172944200F0BD8100F310
:1096E000D48040F6AF72944200F0CD81B4F57B6F28
:1096F00040F04781019B1A680433012A019300F26C
:10970000E780C5F8B820002089E040F6CB7294428B
:1097100000F06A81C0F2DF8040F6CE72944200F021
:109720006D8140F6CF739C4240F02B81019B1A68FB
:1097300004330193002A00F0CB80304640F6CF710D
:1097400004F06EF900206AE040F6B872944200F02E
:109750007581C0F2F48040F6B972944200F008813D
:1097600040F6BB739C4240F00C81019B19680433A6
:109770000193002900F0AC80D5F890307B48DA17CF
:1097800080FB0303C2EBE3130B60E86E40F60302B9
:10979000904202D06A6F13440B6000203FE040F615
:1097A000AB72944200F03781C0F2D28040F6AC72C6
:1097B000944200F03A8140F6AD739C4240F0E18063
:1097C000019B1A6804330193002A00F081802B6BFF
:1097D0001360002023E040F6A672944200F0F78068
:1097E000C0F2818040F6A772944200F0CD8040F62E
:1097F000A8739C4240F0C580019B1A68A2F24D41BB
:1098000004330429019340F2FC8112F57A7F08BFEA
:10981000C5F880205CD14FF47A536B61002003B00F
:10982000BDE8704003B0704742F60A32944200F03F
:10983000C48142F60B339C4240F0A380019B1A681E
:1098400004330193002A43D0D5F88C3013600020F4
:10985000E5E740F6C572944200F0418140F6C873D6
:109860009C4240F08E80019B1A68A2F59C510839F9
:109870000433092901932BD8C5F89C20304640F6C3
:10988000C87104F0CDF80020C9E740F6B4729442E4
:1098900000F09E8140F6B5739C4272D1019B1A681C
:1098A00004330193A2B1D5F8983013600020B6E7D5
:1098B000B4F57A6F65D11A68A2F500610433012905
:1098C000019340F2948140F603039A4200F08F81A5
:1098D0004FF0FF30A3E71A680433012A0193F7D849
:1098E000EA6400209BE71A6804330193002AEFD052
:1098F000D5F884301360002091E71A68043301938F
:10990000002AE5D0D5F89C301360002087E71A685C
:10991000A2F24D41043304290193D9D840F24D43BA
:109920009A42C5F8842000F05D8140F24E439A428D
:109930007FF471AF42F6E0636B6100206FE71A6855
:1099400004330193002AC3D0AB6F1360002066E795
:109950001A6804330A2A0193BAD8EA62304640F6FC
:10996000AA7104F05DF8002059E700BF1F85EB5194
:109970001A6804330193002AAAD0EB6F1360002009
:109980004DE76FF004004AE71A6804330193002A98
:109990009ED0D5F894301360002040E71A68043355
:1099A00012F57A7F01930ED0541C0CD0002A8FDD63
:1099B000B2F5FA7F40F34181296FA14B03FB01F31C
:1099C0009A42A8BF1A46C5F8A420002027E71A68C3
:1099D0000433012A01933FF67BAFC2F10103C5F8BE
:1099E0009420EB6300201AE71A6804330193002ADD
:1099F0003FF46EAFEB6C1360002010E71A6804337D
:109A0000012A01933FF664AF304640F6CE7104F070
:109A100007F8002003E71A6804330193002A3FF493
:109A200057AFEB6A13600020F9E61A680433012A85
:109A300001933FF64DAF2A630020F0E61A68043325
:109A400012F57A7F019304D0A2F6B933012B3FF6C9
:109A50003FAFEA670020E2E61A6804330193002A68
:109A60003FF436AFD5F8B83013600020D7E61A6857
:109A7000A2F108010433102901933FF629AFC5F87C
:109A8000A8200020CBE61A6804330193002A3FF493
:109A90001FAFAB6A13600020C1E61A68A2F57A71A5
:109AA00004330229019303D912F57A7F7FF410AFB2
:109AB000C5F888200020B2E61A68C5F8B020214613
:109AC000304603F0ADFFAAE61A6804330193002A7A
:109AD0003FF4FEAED5F89030136000209FE61A6880
:109AE00004330193002A3FF4F3AED5F8A830136095
:109AF000002094E61A6804330193002A3FF4E8AE8C
:109B00002146304603F08CFF89E6089A0433002A88
:109B1000019340F382802B6F9342FFF6D9AEAA6780
:109B200000207CE640F2DC72002105F1BC0016F05A
:109B300011FD2146304603F073FF2B6FC5F8BC3092
:109B400047F6FF70012140F2E93240F251434FF4F1
:109B50008044A5F8C800A5F8C040C5F8F810C5F8BD
:109B6000DC20C5F8EC303C2004F066FB0002C5F8B0
:109B7000C400002053E61A6804330193002A3FF41E
:109B8000A7AED5F8EC301360002048E61A6804331D
:109B90000193002A3FF49CAEEB6E136000203EE67A
:109BA0001A680433642A01933FF692AEAA622146F2
:109BB000304603F035FF002031E61A68511C0433AB
:109BC000652901933FF684AEC5F88C20002026E677
:109BD0001A680433012A01933FF67AAEC5F898203B
:109BE00000201CE64FF4FA536B61002017E6D5F80D
:109BF000F8301BB9EB6E93427FF46AAEEA66002040
:109C00000DE640F24D439A42C5F88020EAD040F27A
:109C10004E439A423FF48EAEFDE512F57A7F3FF453
:109C20007EAF55E6D5F890302C6FC3EB0310800063
:109C300090FBF2F204FB0323AEE54FF4FA72C2E6A6
:109C4000E09304002DE9F047171E86B041DD42681D
:109C500098460E4604460B7892B30278534013F0B0
:109C6000FC0F36D13946304605F048F8B0F100090E
:109C70002FDD6068D4F8283100EB090203FB02F302
:109C8000B3F5707F25DC00F16403023004EB43037D
:109C900004EB80054FF0000ACDE9005342463946F7
:109CA0003046CDE902AA0DF1170304F091FE002819
:109CB00003DD63684B445046636006B0BDE8F0873F
:109CC00003704FF4FA51304604F04AFEC4F82801FC
:109CD000C8E76FF00300F0E700224260704700BF62
:109CE0000023FFF7AFBF00BF2DE9F04F0D1E85B079
:109CF000C0F23481954280F2318141689142C0F2D4
:109D00002D81561B00F108020192AA0002920F9ABF
:109D100000F1C80808EB450A002A62D1012E0F9F06
:109D2000994683466AD0022E00F0E9800F9B002BF3
:109D30007CD11F46012E38F9153012D0BAF9021025
:109D400099424FEA460840F08580A8F10204544445
:109D50000AF1020103E031F9022F9A427AD1A142BD
:109D6000F9D106FB03770E9B0237BB42C0F2F980A4
:109D70009BF800304C4643F0030304F8023B109B71
:109D800089F80160002B40F0F680AAF102034FEA47
:109D9000460803930F9B002B52D1029B039D1E1F6D
:109DA000019BA8F1020833441E46D04435F9022F26
:109DB00056F8041F204616F0B3FBB5F90030A8454D
:109DC0001C44F3D1109B43B10E9B9944A14504D987
:109DD000002304F8013BA145FBD1384605B0BDE89E
:109DE000F08F06F10041013999463AF91110FC292A
:109DF000B4BF01270227012E834694D138F91530CC
:109E000001331F440E9BBB42C0F2AB80037823F0AA
:109E1000030389F8003009F10104109B002BB4D032
:109E20000E9BBB42B1DD0F9B002B82D006F100439D
:109E3000013B3AF91330FC2BB4BF0127022779E725
:109E400006F10046013E21463AF9160004F07AFD7B
:109E50000444A2E7A8F10405B81C5544544601E0A7
:109E600034F9023FFC2BB4BF012202221344A54265
:109E70001844F5D106F10043013B3AF913700E9BEB
:109E80000744BB426DDB9BF800104C4666F07F0335
:109E900041F0030104F8021B89F80130109BDBB18B
:109EA0000E9BD91B18D00127374899F8013001398A
:109EB000A0FB012043F04003C00989F8013053D0D2
:109EC0002318FF2504F8015B9C42FBD10144197063
:109ED0005C1C002F4AD00E9FAAF10203012E0393AF
:109EE0003FF458AFA8F1040B1D46D344214635F981
:109EF000020F04F027FD5D450444F7D14AE7BAF9A3
:109F0000023038F915108B4218D00B440233FB296C
:109F1000C8BF01331F440E9B9F4222DC037823F00D
:109F2000030343F0020389F8003009F101042146DC
:109F300038F9150004F006FD04446EE707EB43070B
:109F40000E9B0137BB420CDB037823F0030343F085
:109F5000010389F8003009F101045EE74FF0FF3793
:109F60003BE76FF0010738E72346AFE7AAF10203AA
:109F70000E9F03930EE70E9BD91B3FF406AF0027FD
:109F80004FEA460890E700BF818080802DE9F041CC
:109F9000541AD0B0064604440D4600279046204689
:109FA0000A463146069716F0BBFA3B462A4621463A
:109FB00005A8FFF747FE60B9012401900146069A03
:109FC000CDF80080334605A80294FFF78DFE00EA25
:109FD000E07050B0BDE8F08110B40C1E0ADD944270
:109FE00004D007DC5DF8044BFFF7D0BF00205DF81C
:109FF000044B70474FF0FF30F9E700BF2DE9F04FF9
:10A00000D2E900420A9DC4F1000CC2F1000A002D01
:10A01000CCF30D09CAF30D084ADD099A4FEAAC3CAE
:10A020004FEAAA3A023800EB450E0FFA89F90FFA07
:10A030008CFC0FFA88F80FFA8AFA971E07E016F5DB
:10A04000004F37DB36B2864527F8026F30D0D3E9B0
:10A05000006430F9025F0A6832FB0562920032FB4D
:10A0600009F67613013604EB660432FB0C441C60DF
:10A070004E6836FB054402F57F5632FB08FB3F363F
:10A080004FEA6B3B0BF1010BB6131C604FEA6B0BF5
:10A09000B6F5004F32FB0AB25A608C6834FB0522D9
:10A0A0005A60CCDB47F6FF76864527F8026FCED1A3
:10A0B000BDE8F08F004EC6E70080FFFF2DE9F04FAE
:10A0C00087B0D2E90052119CC5F1000E5242002C1B
:10A0D000CEF30D08C2F30D0540F397809213109F45
:10A0E000019012B24FEAAE3E2DB2059207EB840208
:10A0F0000FFA88F80FFA8EFE029500F1020C049216
:10A1000019E014F5004F7CDB24B202F57F523F3298
:10A110009213B2F5004F3C8070DA12F5004F72DBFB
:10A1200012B27A80019A04320192049A0437BA4238
:10A130000CF1040C69D0019E0A683CF8025C768838
:10A1400058681C6832FB05449D6832FB0652A40027
:10A150009200DD6834FB08F932FB08FB4FEA6939ED
:10A160004FEA6B3B0BF1010B09F1010900EB6909A7
:10A17000029E34FB06FA05EB6B0534FB0E9632FBB0
:10A180000E551E609D6003954FEA6A3A029D32FBB0
:10A1900005F9019D48683CF802BC30FB0B661E6067
:10A1A0000AF101064868B5F802A0039D30FB0A5584
:10A1B0004FEA69399D607610059D34FB056604F50C
:10A1C0007F5409F101093F345E604FEA6909A41325
:10A1D00032FB05990198C3F80C908D683CF802ACED
:10A1E00035FB0A66B4F5004F5E608D68468835FB26
:10A1F0000695DD6085DB47F6FF7486E747F6FF725C
:10A200008FE7034C81E7024A8BE707B0BDE8F08F88
:10A210000080FFFF2DE9F04F9DB008AF8C46BC6F6A
:10A220007B6304F5806903FB09F39B000E3323F085
:10A23000070304460068F862ADEB030D4668F96356
:10A2400008A84FEA890315467A62B96FBE63C2183F
:10A25000C7E91202A3F5805371183B63B600634649
:10A26000BE62B9614FEA810A9E194FF0000B07F1F7
:10A27000480829464FF4805216F045F958F82B004B
:10A280003A6B314600F5805016F03DF97B6B0BF1CF
:10A29000010B5B4505F58055564402DD58F82B004F
:10A2A000E7E7D7F88C30002B40F027810F23D7F851
:10A2B0008CB07B64A06E181A16F054F97B6C00EB1E
:10A2C0008000B3EB400F41F69A1243F23433A8BF3B
:10A2D0001346D7F89020182A00F3098103F6CD43DE
:10A2E00003F6CD431BB2B4F96C2043F233318A42FA
:10A2F0000ADD44F266619BB28A42CABFA3F5CC5321
:10A30000A3F6CD431A3B1BB241F69A118B42B8BF5C
:10A310000B469B45C0F2E580ABEB020303F6CC4352
:10A3200041F698118B4298BF93460BF5C06B9A4B40
:10A330004FEAAB2283FB0232A2EBEB7B0BF1FF3344
:10A3400083F303037B60013303EB43039B029BB264
:10A350005A421BB212B2BB6001237A613B60BB6FF1
:10A36000D7F878B0C3F580639B00FB6104F1EC0380
:10A3700000263B61FA6AA36E556ABA6B39690F2BE6
:10A3800002FB06F8B8BF0F2301EB8808B969A36682
:10A39000FB6B01FB06F9AD1A414603EB8900BA6A73
:10A3A00016F0B1F84FEA860A002D76D107F1500376
:10A3B0009A44A36CB4F86CC007937B6CB96B3B6296
:10A3C000FB6A0691586BA26EFB6F0590CCF1000CF6
:10A3D0006818B1020493F9607B6902930FFA8CF15B
:10A3E00001915AF8083C05F5806CABEB050503EBD1
:10A3F0008C010095FB6B256F0395484403EB8000AF
:10A400003B6A08F07FFFFB6BBA6A0BEB090103EBB9
:10A410008101404616F077F87B6AFA69B102594427
:10A4200003EB8101BBF5806F03EB0633184622DD99
:10A430005AF8081C3B6B4FF48052194416F063F82D
:10A44000002E7A6B0CBF012302239A424FF00106C3
:10A4500090DCD7F88420B9681180D7F880207B6C15
:10A460001360D7F8883038681A467B681360543711
:10A47000BD46BDE8F08F16F053F8B30203F58060D7
:10A480005AF8081C7B6A3A6BA0EB0B0003EB8000C8
:10A4900001F5805116F037F8D2E707F15003534425
:10A4A000D4F868E053F8081CA36CB4F86C20206F53
:10A4B000079300230693BB6B0095CDE9030052423E
:10A4C000F86B09EB030C12B200230593CDE90122CE
:10A4D00001F580517346724600EB8C0008F012FFC4
:10A4E00064E700237B61C7E90033BB6037E7D7F837
:10A4F0009020222A3FF7F7AEF2E629F001030E334F
:10A5000023F00703ADEB030D08AEA36C00934046A8
:10A510004A4631467B6B04F0CDFC07F14405A36C41
:10A520000193314606F58060009540F2D333BA6F4F
:10A5300004F0EEFDA36CB4F96C10A26E0192CDE9AB
:10A5400002137B6C00950F22C3F580653046BB6F0C
:10A550007D644FF4806104F039FF7B6C40F2FE3281
:10A560009342C4BF7A641346A26B022A45F69A1B33
:10A570001BFB00FB4BF3CF3B7FF79CAE042A08DDAF
:10A58000082AC8BF4FF0000B3FF794AE4FEAAB0B61
:10A5900090E64FEA6B0B8DE6565555552DE9F04F79
:10A5A0008FB000AF0D4605EBD5767D627D6E3B60CA
:10A5B000002D4FEA4104804604F10E0114BF05202E
:10A5C000042021F007013861B86EADEB010D731066
:10A5D0000021002AFB6201603A6240F35D81386924
:10A5E00039634FF0010C8E460CFA00F146F38F00F0
:10A5F0001A46F861113BA8F1040003EB43037863AA
:10A6000041FA0CF07860796AC7F828E003FA0CF098
:10A61000FB6AB8606D4602FA0CF2A2F1020AA818B1
:10A62000023C1A05A3F105098B002C44AA44F860EA
:10A63000BA617B617B6A002B40F30A81AE1E4FF04A
:10A64000000BB046B4465946D7F834E008E0944AC7
:10A650009342C0F2E3801BB22CF8023F644514D051
:10A660005EF8042F12135018831C9B1000EB0B0193
:10A67000B3F5004FA1EB4201A2EB600BE7DB47F61D
:10A68000FF732CF8023F6445EAD1002118222846C6
:10A6900015F060FF00200146334633F9022F904247
:10A6A000B8BF10469142A8BF11469C42F5D149421D
:10A6B0008142B8BF0146002940F0B4800E2336F82D
:10A6C000022F9A40B4423280F9D1FB6A002B4FF03E
:10A6D00000001EDDD7F804E0D7F810800246A5F18F
:10A6E000020CAE1C36F9023C36F9041B13FB03F3D3
:10A6F00011FB01F10B4403F500431B14991A71443B
:10A7000041FA08F10A4412B22CF8022FE24518442B
:10A71000E8D1FB6A002B4FF000060FDDF9683346E5
:10A7200031F9022DD21A043203EBE2031AB2964237
:10A73000B8BF16468D4213460A80F1D103F00AFED7
:10A74000FB69804616FB03F003F004FE18FB00F1E2
:10A75000B9F10C0F4FEA610101F10101BB6993FBF3
:10A76000F1F14FF0000021DD0C2206E04D4E16F80D
:10A77000133004324A45184414DA35F812300133E4
:10A780001BB231FB03F676007F2E01DC002E47DB87
:10A7900031FB03F35E007F2EE8DD043202234A45DD
:10A7A0001844EADB0002BB6890FBF3F0BB6A83420B
:10A7B00004DA3B6EB8621A463B6B13607A6B7969B8
:10A7C0003B6B0A447A633A6A01339A423B637FF4F3
:10A7D00031AFBB6A7A6EC82B03EB430101EBC104B6
:10A7E000D4BF00250125002A38D1204603F0B2FD50
:10A7F000292842DC00222C49712313FB02F39B031E
:10A800008B42CABF29480020C01803F0A3FD3B6853
:10A810003C3718802846BD46BDE8F08F204B1BE72B
:10A82000FF23A6E70023194638F9022F9142B8BF4B
:10A8300011469342A8BF13464445F5D15B428B4273
:10A84000B8BF0B46B3FA83F3113B3FF43EAF36E794
:10A8500018220021284615F07DFE36E7C82B19DDA9
:10A86000B3F5167F14DABA6E01231360204603F0A5
:10A8700071FD29284FF00005BCDD204603F06AFD7C
:10A88000A0F12A031BB2A32BA8BFA3231A46B2E749
:10A890007D6EAAE70025A8E70C460D46A5E700BF98
:10A8A0000180FFFFE02704000F583902F0A7C6FD22
:10A8B0002DE9F04F8FB080460B9343680493D0F896
:10A8C0001CA0436A1A98002970D00E46049806927C
:10A8D00001FB03F10D91411806FB03F04FEA8309D8
:10A8E00083000893B3000A930B9B05938A0000230F
:10A8F0000C900992079308F1380B002E18DD0A9B83
:10A90000059C069D1F193B4657469A461C9AD8F847
:10A9100034300197CDE90262049A0092294622461A
:10A920005846043403F04AFE54454D44EED1BA462D
:10A93000069A0999079B0A4406920899059A0A44BF
:10A940000592199A013393420793D6DB022A33D03A
:10A950001B9B012B27D00D9A0C9B1B9993FBF1F5A8
:10A96000561B0B9ADDF860B0C5EB8577B60002EB9D
:10A9700085044FEA8308BF004FF000098A46002D86
:10A9800007DD3B191A680AFB02F243F8042BA342C5
:10A99000F8D1204609F101093246002115F0DAFD0F
:10A9A000CB454444EBDC0FB0BDE8F08F0121834080
:10A9B000AAEB000A0E4689E7189B012BC8D10C9B15
:10A9C000002BC5DD0B9A03F180400138111F02EB0B
:10A9D000800001EB830450F8043F51F8042F5B1012
:10A9E00003EB62038C420B60F5D1B1E72DE9F04F28
:10A9F00095B000AF1546FE6FD7F878B0FA6305FB47
:10AA000006F56D000E3525F00705ADEB050DB862B6
:10AA10007963C7F820D09200ADEB050DD7F8800020
:10AA2000D7F88840D7F8A8A07B620021C7F844D0A7
:10AA300015F090FDBBF1000F40F34182D7F8843050
:10AA4000DFF884C3C3F10905ADB24FEA4B03A3F1AC
:10AA5000020EAD023B637B6C05F50075A644ADB2FA
:10AA6000023C9E1E05204FF040094FF006081CF9DD
:10AA7000012B34F8023F19FB03F310FB00F118FB24
:10AA800001F10B442B4492B20130A3EB8213A64593
:10AA900080B226F8023FEAD1BB6A3A6BC948FC6F24
:10AAA000023B7B609C467B6C023ABA609D18FA6B55
:10AAB00000264FEA42099E46BBF1000F10DDAEF1C1
:10AAC00002026146804632F9020F31F9023F181A3C
:10AAD0004045B8BF404695420FFA80F8F3D1404652
:10AAE0000136B442CC44E7DCD7F8A030322B40F337
:10AAF000A480D7F89C30002B00F09F80BAF1000FA3
:10AB000040F09B80396B7C6BFC640B1F1A46FB602A
:10AB10003B6AC7F838A09A18FA616218BA64BA6832
:10AB2000796C3860A3F102081344C7E90593114416
:10AB30003961D646F86CBBF1010FB0F900303B64C7
:10AB4000A8F8023008F1020618DD08F10405012218
:10AB500000E00235014630F9024FB1F9001003F56B
:10AB6000C063A34201F50071A8BF23468C42C8BF51
:10AB7000924601321BB293452B80EAD10AF1FF3392
:10AB8000BAF1000F18D00EEB03047B6B013403EB1A
:10AB9000440406EB4A00B0F9002030F9025D34F9B4
:10ABA000021D02F50063AB42A8BF2B468B42A8BF33
:10ABB0000B4686420380EED1BBF1040F51DDFB68EA
:10ABC000C7F82CE0434408F10406FC6C9E460FE0F5
:10ABD0008A423ADA8B42A8BF0B461BB2A3F58063C8
:10ABE0009C45D8BF0FFA83FCB645A6F800C036D006
:10ABF000B4F90010B4F9043034F9020F36F902CF79
:10AC0000814202DD0A4601461046B4F90450B4F907
:10AC10000620954202DDA94615464A46A94203DCB4
:10AC200091462946024648469342D1DC8B4211DBCD
:10AC30008342A8BF03461BB2D0E70022D7F8A43056
:10AC400054371A60BD46BDE8F08F8242A8BF024665
:10AC500013B2C3E78A42A8BF0A4613B2BEE7D7F8C9
:10AC60002CE0FB6C3A6CB3F902309A42C4BF3B64EF
:10AC70001346FA6CB2F904209A4203DC3B6C93420F
:10AC8000B8BF1346B8F90220BC6CB8F9040034F917
:10AC9000061CA3F580631BB29A42B8BF1A46A8F8F7
:10ACA000022034F9042C8342B8BF03469142A8F82D
:10ACB000043002DD0B4611461A46BB6C33F9023CE8
:10ACC000934203DC8B42B8BF0B461A46F969A2F5E2
:10ACD000806231F91E3012B29342B8BF134621F898
:10ACE0001E30B96931F91E309A42B8BF1A46BBF11D
:10ACF000000F21F81E200DDD7B6C3C69981E41463B
:10AD000030F9023F31F9022F9342B8BF1346844213
:10AD10000B80F5D1F96C7A69BB6B0846B96C1044AD
:10AD200011449044FA6BF8649644FA6FB9640133A5
:10AD30009A42BB633FF7FEAE022A38687B6A00F096
:10AD4000E7809B4529DD7B6A3D6B796803F1004212
:10AD50002944013A0C46B96A530019440D46396A30
:10AD6000CE1835F9023F36F9021F5B1A23EAE37366
:10AD7000AC423380F5D1D7F8AC307C6A52009D18D4
:10AD80003B6A991835F9023F31F9022F0134934299
:10AD9000B8BF1346A3450B80F4DCD7F89030002BE6
:10ADA00000F09180D7F89430002B40F08C807B6AC3
:10ADB0009B457FF742AF03F10042013AD7E9081300
:10ADC0000CE000BF6680FFFF004E040031F8134026
:10ADD000640021F8134001339B450BDD072BF5DDA3
:10ADE0000B2BF8DD31F91340641021F813400133C7
:10ADF0009B45F3DCD7F8A010684BDFF8A4E1F864BA
:10AE00004FEA4108A3FB08383B6A796AD7F87C907F
:10AE1000D7F89CA0520013441C46D7F89830951CD4
:10AE200001F180461D44D7F88030013E4FEA5808B2
:10AE300003EB86064FF0000C16E0901200FB03F2C5
:10AE4000D200D7F8903062442BB1D7F894302BB1B0
:10AE5000D7F88C3013B9B8EBA21F4FDB01318B450B
:10AE600046F8040F944647DD2A46B5F90230B2F998
:10AE7000000034F9022F1B1A09FB03F3B2F5805FBF
:10AE800003FA0AF3A8BF4FF48052052B05F102051F
:10AE90002280D2DD302B07DDD01100FB03F3DB0075
:10AEA00048BF0733DA10CCE702FB03F28EFB020344
:10AEB000A3EBE273981200EB40021201C1E74FEAE4
:10AEC0004B033B63E8E5D7F88C30002B7FF46FAF82
:10AED0007B6A9B457FF7B1AE03F10042BB681C461D
:10AEE0003B6A013A1C4403EB420333F9021F491049
:10AEF0009C421980F9D161E7F86C9FE64FEA88120D
:10AF0000D7F88040F86CA2EB0C0344F8213095E6AA
:10AF10009B457FF742AFFA6B15465E001D443B6BC5
:10AF2000BA6A98463B6A6D00A6F1020E03EB050C67
:10AF30009844154496441E44B6F90020BCF90030EC
:10AF4000A2F6FF749C42C4BFA2F580531BB2ACF8BA
:10AF50000030B6F90020A3F6FF749442C4BFA3F5F5
:10AF600080531AB261463280B1F9004035F9023B94
:10AF70003EF9021F1B1B23EAE3738A1A002AA8BFAB
:10AF80009B185B1026F8023BB0450CF1020CD3D1A4
:10AF90007B6A03F10042013AEDE600BFABAAAAAA20
:10AFA000ABAAAA2A2DE9F04F99B000AF0468D7F8F0
:10AFB00094A034F911C0B7F99850DFF87084386262
:10AFC0000E467E62760004EB060E3E633EF902EC0E
:10AFD0007E6A7B60ACEB0E0EB6000EFA0AFE06F13E
:10AFE0000E0C4FEA4E0E2CF0070C0EF10E0E2EF04A
:10AFF000070EADEB0C0DC7F838D0ADEB0E0DC5F557
:10B0000000557E61C7F850D07E6AD7F89000D7F817
:10B010009C107A65ADEB0E0D4545C7F810D0ADEB31
:10B020000C0DB8BF4546C7F81CD0002EADEB0C0D7B
:10B0300040F21F53C7F818D013FB05F340F3CA8042
:10B040007A6D9B13002A9AB20AF1010313FB02F3F3
:10B050004FF001061BB214BF5546002515FB02F543
:10B06000FA64BB60CAEBCA7206FA0AF3FB6002FA22
:10B0700006F33B60002300FB01F1FB633B6DF962CB
:10B0800029B2B962A3F1020BD146FB6B386D9A1C51
:10B090007A63E35EA25E03FA09F1D21AFB6ABA642C
:10B0A00002FA09FA1944D7F88C304FEA4A0503EB43
:10B0B00041012A4615F027FABAF1000F40F38181C9
:10B0C00059460BEB0504002031F9023F002BB8BFB5
:10B0D0005B428C421844F7D14FEA4008BB6A38FB08
:10B0E00003087B6D002B54D0BB6C012B40F04381D7
:10B0F00000237B6409F1FF333B647B6D5D440021D9
:10B1000063BBBB6C012B0CBF4A4609F101029142A3
:10B1100042DA4E1C3446012303FA01F2386D4AFA32
:10B1200001F106F0AFFEBAF1000F1DDD5946002017
:10B1300031F9023F002BB8BF5B428D421844F7D172
:10B140004200FB6C14FB03F47B6D32FB04004045B2
:10B15000BCBF80467E643146002BD2D0894506DDD7
:10B160003B6C4E1C5C1AD6E700221046E9E77B6C6C
:10B17000D7E90E215B0042F81130BB6C012B16D0D1
:10B180003B6B19467B6B994223D0FB633B6A1C687F
:10B190007BE77B6D7B64ADE77B6CD7E90E21C3EB6E
:10B1A000C3735B0042F81130BB6C012BE8D1D7E9C7
:10B1B0000E3253F8123013B13A689342E0D1D7E916
:10B1C0000E21013B42F811303B6B19467B6B9942D3
:10B1D000DBD1CA467A6D9449D7F88850C7F894A055
:10B1E00053003B6303EB8A0301EB4303BB64D7F8D3
:10B1F0008830002A7A6908BF9846BB6B7B63A2F14E
:10B20000040218BF4FF000081646FA639A1800238C
:10B21000C7E910837B6AFA64012BFE6240F3A880C1
:10B22000BB6CD7F8388093F9016093F900903B6CC0
:10B23000760000243E654FEA4909A3462E4658F899
:10B24000045FF41806EB0B0AA345A8BFA346A5EBC1
:10B2500009009A45A8BF9A4615F084F93B6D8344CE
:10B26000E81A15F07FF9FA6C42450AEB0003E6D1C3
:10B270005C463546A3427A6C07F15800A8BF2346C6
:10B2800040F82230BB6C012A03F10203BB6469D190
:10B29000D7E916319942D7F84080FE6AD7F894A0D2
:10B2A0007B6D80F2AF80002B08BF00227A6418BF4C
:10B2B0004FF000087B6A012B40F3AD807A6C3B6B4A
:10B2C0003E6413441946584B03EBCA0303EB410099
:10B2D00013F9113090F90110D7F888A0D7E90E20A2
:10B2E0005B00FB64BB69024403F10409FB693A6536
:10B2F0004A0040460024C846BA6403F1040BD7F85C
:10B3000034901FE00AEB040500238542CBF800309F
:10B31000264622DA0023C8F8003059F8041FFB6CD7
:10B320007965C81A15F01EF9BB6C796D8419C81AB5
:10B3300015F018F93B6D4B4508F104080BF1040BAF
:10B34000284442D00AEB0006A642DBDC0AEB0405E7
:10B3500001238542CBF80030DCDB0123C8F8003044
:10B360000546DAE701237B647B6A012B3FF758AF80
:10B370003B6C00247EE73C69396D2A46204615F077
:10B38000C2F8FA684AFA09F1204606F07BFDBAF1E4
:10B39000000F46DDA11E4C19002031F9023F002BA1
:10B3A000B8BF5B428C421844F7D14200BB6832FB05
:10B3B000030080457FF79CAE4FF0FF3380467B64EF
:10B3C00098E64FF00008404688E63E6C80464445CB
:10B3D0007B68F86BB4BF002201221A507A6A012AF6
:10B3E00003440ADDD7E9060153F80429012A0CBFFA
:10B3F00082598A591A60043EF6D1786C6437BD468A
:10B40000BDE8F08F4BB97B6D7B647B6AD7F8888091
:10B41000012B3FF753AF0024D9E700237B64984604
:10B4200048E700221046C1E74C50040000F0FFFF3F
:10B4300010B5002204464FF470714BF6803003F0D3
:10B440005FFAD0E90110A302A2003B3301FB0434F0
:10B4500000FB02F000EB4400400010BD2DE9F04F6E
:10B4600083B0DDE90D47B4F902C0B4F900603D686E
:10B47000DDF830A083460C469046BCF1000F34D175
:10B48000BAF1010F37D092FBFAF94FEA8802002196
:10B490002046019315F05EF8019BB9F1000F0EDD17
:10B4A0004FEA430C58464FEA8A0A214600220132ED
:10B4B000B0F900300B604A4560445144F7D1B8F10F
:10B4C000000F0EDD211F01EB880851F8043F1BB26D
:10B4D000C5EB033588450D6016FB03F34FEAE30522
:10B4E000F3D13D6003B0BDE8F08FBAF1010F92FBDC
:10B4F000FAF9D2D0C9E70F9AAAB9B8F1000FF0DD76
:10B50000043901EB88084FEA430CB0F9003016FB10
:10B5100003F2C5EB033341F8043F88454FEAE205E7
:10B520006044F2D1DDE7C146B7E700BF2DE9F04F37
:10B53000EFB005684468D5F8049014AF0026C7F84A
:10B54000B840AC68C7F8BC40AC69C7F8C440846870
:10B55000D7F890C1C7F8D440046AC7F8D040446A0D
:10B56000C7F8D840BCF1010F4FF00F04C7F8C05026
:10B57000D7F894B1C7F8F040A7F8EC60C7F8F460CA
:10B58000C7F8FC60C7F80061A7F8EE6015DDA1B14F
:10B590009E462B46ED69C469B54204FB02F40CDB00
:10B5A0005A6A944201F08487734601E0A6450FD0A1
:10B5B0000136AE4202FA06FEF8DD4FF0FF33C7F85F
:10B5C000A430D7F8A40007F5B677BD46BDE8F08FE4
:10B5D0000122C7F8B0E04FF4C8759E4602FA06F3A0
:10B5E0003541BB66C6F10303C7F8CC60323DFB634F
:10B5F000D7F8B820D7F8BC60C7F8DC0009FB02F325
:10B60000884603EB822106FB02F2EC30FA66FA6E02
:10B61000796200EB81010E46C7F8A0105100324656
:10B620000A443A650A441646B8637A6600EB83001A
:10B6300040F2FB4233460B449445BB656346A8BFCA
:10B640001346C7F8E4E03967C7F8A800C7F8A43084
:10B65000BBF1000F01F02E82584602F095FBDBF89B
:10B660001C30DBF81410D7F8DC607861B3FA83F390
:10B67000C3F12003CB1A03F1040AC7F8B430D7F89A
:10B68000A430F26A306B4FEAEA0AA3EB0A03C7F868
:10B69000E030002A01F0AA83B36A591C03FB04F4CA
:10B6A00001F01F82D7F8D4108A005118C90001F1A7
:10B6B0001400D7F8A4107A604FF4C87202FB01F2AC
:10B6C00005FB00F5B861D7F8C010F86B09680241B6
:10B6D000521B04EB2114BA64C91094FBF1F27A678F
:10B6E0009211C7F894205D1BBB6CAB42A8BF2B46E0
:10B6F000BB64BBF1000F01F05A827A6F002A23DD90
:10B70000D7F8DC104B6BFBB1D1F8C830D7F8B410C8
:10B71000C3EB420401294FEAA41414BF00230223FF
:10B720009C42B8BF1C46D7F8E0309C42A8BF1C46DC
:10B73000A34209DD0AEB040319465846C7F8A430B2
:10B7400002F0CAFCC7F8E040D7F8B010D7F8B8202C
:10B75000D7F8DC0009EB0103C7F8AC3002FB03F3B8
:10B760009B000E3323F00703ADEB030DA1EB0903A0
:10B7700014A9D7F8C020C7F8C810D7F8D410D268D9
:10B78000D0F81CC0D0F8D86001FB03F3D7F8D8106C
:10B7900093FBFCF38A42A8BF0A46C7F8E420D7F817
:10B7A000A420002B4FEAC202C7F898204FEA4303B7
:10B7B00041F3F485A8F10205002405EB030E2A46A7
:10B7C000204632F9021F8C42B8BF0C468842A8BFFF
:10B7D00008469645F5D14042A042B8BF2046864271
:10B7E00010DC0021EC18084635F9022F9042B8BF52
:10B7F00010469142A8BF1146AC42F5D14E42864256
:10B80000B8BF0646D7F8D42009FB02F090FBFCF045
:10B81000002841F3C08508EB40000022184414467C
:10B82000434433F9021B8C42B8BF0C468A42A8BF7E
:10B830000A469842F5D152429442B8BF1446D7F80E
:10B84000DC30C3F8D840D7F8B430012B01F0F682D1
:10B8500000237B65D7F8C830C7F894B103EB89069D
:10B86000D7F8C03003F1100AD7F8AC304FEA83099B
:10B87000D7F8DC30D34603F1B80500246346D7F887
:10B88000B8A002E0D7F8DC30DB690022CDE9025233
:10B89000CDE9003B3146404601345346D7F8B0204D
:10B8A000FFF7DCFDA24505F104054E4408F102084E
:10B8B000E8DCD7F8DC20D7F894B1136C526E3A6606
:10B8C000002B52D0D7F8E030032B4EDDD7F8D03024
:10B8D000002B41F01D827B6D002B01F0EE830020D8
:10B8E000D7F8E02006923A6E019207F59A74D7F8DD
:10B8F000B020009207F1EC0107F1F003CDE902312D
:10B90000CDE90440D7F8A820D7F8B830D7F8C81048
:10B91000D7F8DC00BC62FEF77DFCF861002841F03E
:10B920001982D7F8B410D7F898300F319942C1F284
:10B9300050850023FB61D7F8DC209369002B48DD9C
:10B94000136C002B45D1D7F8D010002901F0BF822D
:10B95000D7F894100E2901F3BC82D2F8B430632BCF
:10B96000D4BF0023012301F0B4BAD7F8D430D7F8FC
:10B97000E02003EB4303B2EB830FA7DCD7F8E02012
:10B9800006923A6E01920020D7F8B020009207F597
:10B990009A7407F1EC0107F1F003CDE90231CDE92A
:10B9A0000440D7F8A820D7F8B830D7F8C810D7F88F
:10B9B000DC00BC62FEF72EFCF861002841F0CA8171
:10B9C000D7F8D030002BACD0D7F8DC209369002B0F
:10B9D000B6DC0023C7F8A830D7F8B030D7F8D44089
:10B9E000FE6ED7F8CC001A46D7F8B83002FB03F346
:10B9F000D7F8BC20B50002FB04F2D7F8DC60FA648B
:10BA00005100F9659B00F169B46C00283DD0DBF86A
:10BA10001C20DBF81400B2FA82F20244D7F8980036
:10BA20001E3A824231DAD7F8A800002801F06B8272
:10BA300005F10E020E333D6F23F00703ADEB030D4E
:10BA400022F0070205F10E030DF1500C23F007035D
:10BA5000ADEB020D6046C7F8B4C0BD6E0DF1500CE1
:10BA6000ADEB030DC7F88CC00DF1500CC7F890C0BA
:10BA7000002D01F0B787B369072B01F3BC83BB6EC0
:10BA8000C7F880300023FB621FE00122FA620E3308
:10BA900023F00703ADEB030D3B6F0E3525F00705D3
:10BAA0000E3314AA23F00703ADEB050DC7F8B4203D
:10BAB00014AAADEB030DC7F88C2014AB0022C7F815
:10BAC000A820C7F89030C7F88020FB6D0E33C7F868
:10BAD0009C3023F00703ADEB030D14AB3B64002354
:10BAE000BB67D7F8CC300293CDE90314D7F8D43034
:10BAF000D7F8B84000930194D7F8B430D7F8C820ED
:10BB0000D7F88010D7F8C000FEF7D2FE022C06D17D
:10BB1000D7F8D430012B04BF0023C7F8FC30D7F886
:10BB2000DC40D7F8CC20A36C0192D7F8D420009247
:10BB30000293D7F88C20D7F8E430D7F8B410D7F8B0
:10BB4000C00005F04DFF236CD3B1D7F8D8100229FF
:10BB500016DDD7F88C3003EB81000438191D03245F
:10BB60001D4651F8043F2A6832FB04F2520093420A
:10BB7000A8BF1346012BB8BF012388420B60F0D148
:10BB8000D7F8D430D7F8D8400193D7F89030009345
:10BB90002246D7F88C30D7F8E410D7F8C00004F06C
:10BBA00067FAD7F89C3023F00703ADEB030D630071
:10BBB00014A81A460021C7F88830786314F0CAFC2C
:10BBC000D7F8D030002B61D1D7F8DC30D3F8E410AF
:10BBD0001A6CC7F88420002901F0E583002A41F09F
:10BBE0006481DB6DD7F8D440022BB8BF02235A1E04
:10BBF00004FB02F203FB022203FB02F2002C3B6275
:10BC00001846FA6041F3BD84C3F101039BB27B6423
:10BC1000D7F8C430DFF8ACA2C7F894B1400003EB0A
:10BC20000009D7F8BC3038635B00C7F8AC30D7F8F0
:10BC3000D030FB67023939619C461D469E468B46D3
:10BC4000786CD7F8C4405E46024619E0B1F5807FB3
:10BC50000B46A8BF4FF48073002900DD5B10B4F9D8
:10BC6000021034F9020B13FB02F8091A0232A14543
:10BC700013FB01F38C4445449E4492B201F041828F
:10BC800036F9021F5145E1DA8B4BE8E7D7F8DC3093
:10BC90001B6CC7F884300023FB60D7F8BC305B0016
:10BCA000C7F8AC30D7F88430002B41F09A80BB60E5
:10BCB000D7F88030002B01F0A480D7F8CC3043F3C4
:10BCC00005056D02D7F8D810D7F8D0308B42A1EB1C
:10BCD000030681F2EA8303F10041D7F88830D7F8F0
:10BCE0009020D7F8D4C0D7F8BCE09C1E0139734B24
:10BCF00002EB41011444002031F9022FA3F58063C7
:10BD0000521B9342B8BF1346BCF1020F1BB206D1BF
:10BD100031F91E20521B9342B8BF13461BB28C420E
:10BD20001844E9D190FBF6F292B2D7F8DC406448AF
:10BD3000B4F8E810521A13B28342B8BF0346B3F501
:10BD4000406FA8BF4FF440631A463B6140F28F2317
:10BD500013FB02F301EBE331A4F8E810BB6F002BF7
:10BD600001F03780D7F8D830013B3B63D7F8CC30AF
:10BD7000B3B1DBF81C30DBF81420B3FA83F31344BF
:10BD8000D7F898201E3B93420ADAD7F8A830002B48
:10BD900001F000810322D7F8A810584602F0E6F817
:10BDA000D7F8D440D7F8B030D7F8B410D7F8C000DF
:10BDB0001A46234602FB03F35B000E3323F007030E
:10BDC000ADEB030DBB6ECDE90143D7F8E430009332
:10BDD00014AAD7F88C307A6405F0A0FED7F8BC30EE
:10BDE0009B000E33FB6723F00703ADEB030D14AA92
:10BDF000C7F88420D7F89420C4EB04139342D7F8F3
:10BE0000DC309A691B6CBB63C7F8B420D7F8D0301C
:10BE100000F33786002B40F03786D7F8B430012B7B
:10BE20005FDDBB6B002B5CD1D7F8CC00D7F894203A
:10BE300003904FF4A063D7F8B00093FBF2F3032B09
:10BE4000B8BF03230290786CD7F8FC10B7F9EE2046
:10BE5000D7F8E4400233CDE90030D7F8C000D7F876
:10BE60008430CDE904211830D7F8A8202146FFF707
:10BE700099F8D7F8D830C7F8C800A34213DDD7F82F
:10BE8000E430D7F8D81003F18042D7F88430013A73
:10BE900003EB810003EB820213460438116843F878
:10BEA000041F9842FAD1D7F8DC309A691B6CC7F8A6
:10BEB000B420BB632AE000BF00F8FFFF00D8FFFFFB
:10BEC00000FAFFFF01F8FFFFD7F8DC309A691B6C1E
:10BED000BB63BB6EC7F880300123C7F8B420C7F836
:10BEE000A830D7F8D830002B0DDDD7F88430D7F83C
:10BEF000D81003EB8102D7F8A810043A043B43F8AA
:10BF0000041F9A42FBD10023C7F8C830D7F8D020CD
:10BF1000D7F89C30D7F88800D7F8A040C7F894B17C
:10BF20004FEA420A23F00703AAEB0001ADEB030D31
:10BF3000D7F890307962A1EB040803EB0809D7F831
:10BF4000D830B96DC7F820A0D31A88445B0014A973
:10BF5000D7F8D4A0B967A9F10209C7F89C30051930
:10BF60004FF0000C40F6FE764FF4005E9346D7F893
:10BF7000D8309B4519DAD7F89C3009EB05045919DC
:10BF800008EB050034F9022F31F9023BD31A03F212
:10BF9000FF73B34205D8038813FB0EF3A2EBE33221
:10BFA00022808D4200F10200ECD10CF1010CD7F897
:10BFB000AC30E2451D44DADCD7F8B430D7F8DC0009
:10BFC000D7F894B1816BD7F8CC40D7F820A0032BD9
:10BFD000D4BF00220122C3680A9200F15402B86B58
:10BFE0000C90D7F8E0000790D7F8D4000B91CDE97A
:10BFF00004B0B86F0390D7F898000290D7F8A0006B
:10C000000190D7F890000090CDE90832D7F8D01011
:10C01000D7F8E430D7F8D820D7F8C000069403F05A
:10C0200025FDDBF81C20DBF81410D7F8A830DBF86E
:10C030000400B2FA82F2C2F12002002BA1EB02034B
:10C0400019460CBF04220222C000002C00F0848597
:10C05000D7F8D0605C1CB4461444D7F8D860A0422E
:10C0600034BF4FF000084FF00108B445A0EB0805BD
:10C0700081F2F481D7F8A810C7F8B48000294FF0F6
:10C08000000914BF042605264946B046C7F838A063
:10C090002E46CA46D7F8D040D7F88450D7F8D89063
:10C0A0009C4605E045F824100134A14542461BDDBD
:10C0B00002EB0C00B042F5D855F824004140584638
:10C0C00001F054FFDBF81C00DBF8142055F82410B5
:10C0D000B0FA80FC0134CCF1200CA145A2EB0C0C91
:10C0E0004AEA010A4246E3DCD7F8B480D146D7F8E1
:10C0F00038A0B8F1000F00F0B484854AD7F8CC30EE
:10C1000002EBC303D7F8A82003EB820303EB09017A
:10C1100013F9092091F902309A4200F0A284012219
:10C12000D7F8C810584601F021FFDBF81C30DBF8C7
:10C130001410D7F8D840B3FA83F3C3F12003C91A17
:10C14000D7F8D030A3421CDAD7F8A850D7F8C800E7
:10C150006F4A00EB4500D7F8CC5002EBC502D7F888
:10C16000845003F18043013B05EB840402EB400063
:10C1700005EB8303043C53F8042F82561A609C425B
:10C18000F9D1D7F89800D7F8DC20CB1C8342116C8A
:10C190000EDA002900F0398600230221536611656A
:10C1A00005235C4A584601F00DFFD7F8DC30196CC6
:10C1B000FB6FD7F8DC007C6B426BD7F8945023F010
:10C1C0000703ADEB030DC36A0A95CDE90C14B96AF8
:10C1D0000B91D7F8CC100991CDE90632D7F8C410ED
:10C1E0000891D7F8C030D7F8A81005911A6BC36B27
:10C1F00004920446D7F8D400019014AAD7F8D800C6
:10C20000396C0090CDE90223BA66D7F8D030D7F860
:10C21000BC20D7F89000FEF7E9FB236CB86353B15C
:10C220001A2D00F308863C4B2A4683FB0223A3EB1E
:10C23000E573BA6E1360FB6FD7F8CC20D7F8C00057
:10C2400023F00703ADEB030D14AB19463B641D4609
:10C25000D7F8D43007F02CFA584601F095FDD7F8FE
:10C260009820D7F8D840C7F8E400D200C7F8B42027
:10C27000D7F8D020A24281F288809300D7F8C4205A
:10C2800011465144C7F8C810D7F888100A44C7F8B7
:10C290009420BA6E1A44C7F8E02006222B444FF0CF
:10C2A000000AC7F8C420D7F8C840D7F8B420B4F9BA
:10C2B0000010D7F8D450A2EB0A09B4F90220521AA0
:10C2C00005FB02F2D7F8CC50AA40302AD7F8C45068
:10C2D00016464FEAC202B8BF3026964200EBC501AF
:10C2E00004F10204A8BF16464945C7F8C84080F2C9
:10C2F000BD831A68002A40F3B983D7F8B410D7F881
:10C30000C42006EB0A0400250C1BA846B14612E027
:10C310004C5004006028040056555555A142C844AD
:10C32000CA4405F10105A4EB090480F20C811968E7
:10C33000414540F30881C7F8E430D7F8E0301E6883
:10C34000AE42D4BF00210121584601F00FFE5846ED
:10C3500001F01AFDAE4200F1080126464FF001023D
:10C36000D7F8E430DADCD7F8B420A2EB0A093DB103
:10C37000D7F8C420032AB8BF0322013AC7F8C42063
:10C38000D7F8E020D7F8C81042F8048BC7F8E020AF
:10C39000D7F894208A4203F1040384D1C7F8E4005B
:10C3A000D7F8D430022B00F01F84D7F8E4302F33B5
:10C3B0004B4580F25E83D7F8D030002B40F3748772
:10C3C000D7F8DC200023A2F8DC300523C7F8E030E2
:10C3D00007235E4AD7F8E010584601F0F3FD5846AF
:10C3E00001F0D2FCC7F8E4007B6F002B40F33D81E5
:10C3F000F86BD7F8C02040F2FB4C4CFA00FCD7F8A1
:10C40000A400D169D7F8DC206045A8BF604681460A
:10C41000D7F8CC00526B091AC7F8C810D7F8D0105B
:10C42000002940F09580B969A3EBC103002A41F0CF
:10C43000E782D7F8DC00D7F8C040C16DD4F808C057
:10C44000A669D0F8E4E0B7F9EE80002908BF61469C
:10C450002546D7F83441C7F8B440046CC7F8A44067
:10C4600036F91100D7F8CC40A040C7F8C400D7F87F
:10C47000D400022800F0B6871846D7F8CC40132124
:10C48000A140D7F8B440611A01446FF434704044BD
:10C4900031FB00F001EB8001BEF1000F11D0D7F8A5
:10C4A000A40070B9D7F8C400FC68C00014FB00F009
:10C4B00001EBA0200029B8BF033189108142B8BF29
:10C4C00001460CF1004CACF1020CD7F8CC5036F917
:10C4D0001C40AC40D7F8D45005FB04F48810E400AD
:10C4E000BD6B14FB05F4A412A042B8BF20468842DD
:10C4F000A8BF0846BEF1000F40F00A85002A41F0AF
:10C50000238040F6CC41884500F30D85B96CC1F518
:10C51000BB3101F580710029C1F22D80B1F5FA4FD0
:10C52000A8BF4FF4FA410CB240F6015111FB04F1DF
:10C530003C69C91314FB01F1891230FB01F100EBD6
:10C54000410000F0F0BCB14611E700BF68280400CC
:10C55000D7F8D43003EBC3017B6F0431A3EBC101E7
:10C5600021EAE1713AB1D7F8DC30D7F8C800D3F846
:10C57000D03003411944D7F8DC30D3F8B430632B02
:10C5800040F39F84642B03D0F86B90230341C91AB6
:10C59000B7F9EE0042F6CD44A042A0F580534FF427
:10C5A000C87513FB05F301EBA33302DDAB42B8BF43
:10C5B0002B46D7F8E44078692146514450443F3136
:10C5C00000F26710891185110231786DA942B8BF58
:10C5D00029462344002840F0B78403F12005AD111B
:10C5E0008D42B8BF0D46796F5C1AD7F8DC30D3F8AE
:10C5F000D4004D4540F2C933A8BF4D4698424FEA9A
:10C60000851640F3B08421200AB3D7F8DC20D7F890
:10C61000C810D2F8D03004FA01F11446C91AD4F87F
:10C62000C830C7F8E4307B6FD2F8CC20F61AD7F8C0
:10C63000E430891A1E4431FB00F102EB41014B4208
:10C64000002EC4E93261C4F8D030C0F2B6864D4540
:10C650002B46A8BF4B461C4619465846C7F8A4307F
:10C6600001F03AFDE300C7F89830FB6F23F00703B1
:10C67000ADEB030D14AAADEB030D0DF150085846B8
:10C68000ADEB030DC7F8E42001F07EFBD7F8A43032
:10C690009C01D7F8A830C04320440DF1500A43B1A3
:10C6A000D7F8CC30012B04DD0233B0EBC30F80F29E
:10C6B00025844FF00009D7F8DC20136CCDF82CB09E
:10C6C000D16D0D91002BD7F8CC103B6B0A9118BFA0
:10C6D0000123D7F8D4100490D7F8E00001901D464C
:10C6E000386CD7F8E4300090CDE908A107F1F400E8
:10C6F00001210E951546E032CDE90220CDE90683F1
:10C7000007F1F806BB6E0C91D7F8D820D7F8D010F7
:10C71000D7F8C000059603F02BFDEB6D0646002B05
:10C7200000F0AB815A1E824203F10103B8BF0246FA
:10C730009342A8BF1346EB65D7F8D450D7F8E4303E
:10C740000193BB6FD7F8D0100093CDE902B5D7F8AD
:10C75000A030D7F8D820D7F8C00003F0C7FBFB6C97
:10C76000D7F880000E3323F00703ADEB030D022D45
:10C77000CDE90480D7F88C0004BFD7F8B0107B6CEB
:10C7800014AACDE902207A6C009208BF03EB4101A4
:10C79000D7F8DC2018BF00210191D2E91108116DF2
:10C7A000D2F818E0A4EB0903D2F8E0400691D7F8DC
:10C7B000CC100D9102F14C0CD7F884100A9309911A
:10C7C00012900E96D7F8D830D7F8D020CDF830B0E8
:10C7D000D7F8C010CDE910E8CDF83CC0D7F8F85034
:10C7E0000894D7F8F4400B950120079405F03CFF1E
:10C7F000B9F1000F0AD0D7F8DC30596F012291420D
:10C80000CCBF00210121584601F014FCD7F8D430E8
:10C81000DBF81C20D7F8D090D7F8D880BD6FD7F8B8
:10C82000C000CDE904B3B2FA82F2DBF81430CDF8DF
:10C8300008A0C2F120029B1AD7F898200095D31ABD
:10C840000393D7F8E43001934946D7F8A030424625
:10C8500003F0A6FBBC6D3A6F0021204613F07AFE70
:10C86000796AD7F8D4C0D7F89CA022460A44561B50
:10C87000D7F88820D44CCE46D7F8AC905019002574
:10C88000C64510DA0AEB0002311832F9023BB3F563
:10C89000804FA8BF4FF48043A342B8BF23469042C5
:10C8A00021F8023BF1D10135AC454844E8DC7B6D11
:10C8B00073B1FB6C002B0BDDFB6D9A1ED7F8A0301B
:10C8C0004FF410411A44023B23F8021F9A42FBD155
:10C8D000D7F8DC10B7F8EC30A1F86C30D7F8B830E6
:10C8E000D7F8F020386E0867022B8A6600F06E8158
:10C8F000D7F8A030D7F8AC209C18D7F8A830002B78
:10C9000000F05982FB6E002B11DD3B6F981ED7F8AB
:10C91000A0301844991E3B6D9A1E31F9023F32F93E
:10C92000025FAB42A8BF2B4688421380F5D1D7F8EF
:10C93000AC60D7F88830D7F8A050396D7A6ED7F848
:10C94000BC00C7F894B19B1BA2EB060AA1EB060939
:10C950005A1B0B44D7F8D810C0EBC07E0EEB010079
:10C96000D7F8D0108C46D7F8BC10ACEB01082146A4
:10C970007C6E5B1BAAEB050AA9EB05094FF0000CC6
:10C980002244C7F8E4304300C7F8D430C7F8E020A9
:10C99000AAF1020AA9F102094FEA4E0E4FEA48082D
:10C9A00065464FF41043B346D7F8D020002A0FDD78
:10C9B0000EEB01020AEB010409EB010008EB010692
:10C9C00022F8025B964224F8023F20F8023FF7D19A
:10C9D000D7F8BC20D7F8D800824210DDD7F8E000A5
:10C9E000D7F8D4204418D7F8E4000A44084422F8C1
:10C9F000025B914224F8023B20F8023BF7D1D7F8C2
:10CA0000B8200CF1010C62455944CDDCD7F8A830B0
:10CA1000D7F894B1FBB9FB6AEBB9D7F8DC301A460A
:10CA2000FB6A5367D7F8DC20DBF81C30D364584628
:10CA300001F060FBDBF82C30002BD7F8A43018BFD6
:10CA40006FF00203C7F8A430D7F8A40007F5B67753
:10CA5000BD46BDE8F08FD7F8DC20536F0133536734
:10CA6000E0E70023C7F8C830FFF75FBB4FF00008CE
:10CA700086E40523C7F8E030B6E4D7F8DC30D865A3
:10CA80005AE6002B3FF42DAAD7F80021002A6FD0D8
:10CA9000D7F8D830002B7FF736AAD7F8841001EBEF
:10CAA0008302043A0B1F012143F8041F9A42FBD171
:10CAB000FFF729BAD7F8DC20936AD2F82CA0106BC4
:10CAC00001227A61C7F8B420D7F8A420C7F8E02083
:10CAD00003FB04F4BAF1000F08D0591CDA467EF4C7
:10CAE000E1ADD7F8B420012AC8BFA4185A1C15D04C
:10CAF000D7F8C020126804EB8204D20094FBF2F253
:10CB000000280CBF1046501ED7F8A4208242A8BFB0
:10CB10000246022AB8BF0222C7F8A420D7F8D410D0
:10CB2000D7F8A4008A005118C900143105FB01F59B
:10CB30007A60B9614FF4C872F96B02FB00F20A41E6
:10CB4000521BBA645E1CA0EB0A02C7F8942028D0DE
:10CB500000227A67FEF7C7BDD7F8D040D7F8D85083
:10CB6000AC42BFF60EAB0546D7F8CC80FFF782BAD1
:10CB7000D7F894300E2B3FF7B4A9D7F8D830002B54
:10CB800009DDD7F8840000EB83010439031F43F863
:10CB9000042F9942FBD1D7F8A830C7F8C830FFF767
:10CBA000B5B900237B67BBF1000F7EF4A6ADD7F8C3
:10CBB000E410D7F8A42007F5827001F037F907F5E3
:10CBC000827BFEF79ABD00BF00C0FFFFD7F8D430CC
:10CBD000012B7FF48DAED7F8A010D7F8AC208C18BD
:10CBE000204613F090FC88E6D7F8CC30002B6ED0AE
:10CBF000D7F8C020C7F8C4A09269C7F8C82002F1CE
:10CC00001A0090467A6CC7F8B4900126911EC7F8B6
:10CC100094B1B446C7F8E010924699468346B8F9F5
:10CC2000005038F902EF05FA09F50EFA09FEAE4593
:10CC300025DDD7F8B03005F100441D44D7F8E030C9
:10CC4000013C03EB4E0E0AEB44040AEB450534F9B4
:10CC5000023F35F9021B5A18581A002AB8BF52422F
:10CC60000028B8BF4042002BB8BF5B420029B8BFC4
:10CC7000494202440B44A64516449C44E7D1C345AF
:10CC8000CDD1D7F8C830D7F8CC20B3F91A30D7F8BF
:10CC9000C4A0D7F8B490D7F894B1012A02F10102E8
:10CCA00003FA02F30CBF05210D213CFB03F25200F5
:10CCB000194445F6822336FB03F35B0033FB01F393
:10CCC000B2EB430FB4BF01230023C7F8F430D7F809
:10CCD000DC40AC4BD4F8E0200092BA6C114683FBE8
:10CCE0000113D017C0EBA31000B21523A64AA74921
:10CCF00004F0A8F8D7F8D0309842B8BF1846D7F853
:10CD0000D8309842A8BF1846C4F8E000FFF74DBBE2
:10CD1000D7F8E02006923A6E01920020D7F8B020B2
:10CD2000009207F59A7407F1EC0107F1F003CDE9E1
:10CD30000231CDE90440D7F8A820D7F8B830D7F8A9
:10CD4000C810D7F8DC00BC62FDF764FAF86100286F
:10CD50003EF4F1AD01221146584601F007F9D7F82B
:10CD6000F0300133B3FA83F4C4F11B052946584669
:10CD70000622C7F8F03001F089F91023D7F8F01037
:10CD800003FA05F5C4F11F02491B584601F052F998
:10CD9000D7F8F030D7F83411013B58460322C7F8D2
:10CDA000F03001F047F90223794A396E584601F014
:10CDB00009F9FEF7C0BD3E6F3D6D786E32462946DB
:10CDC00013F0A1FB3246D7F8A010284613F09BFBC6
:10CDD000ADE5FA6DD7F89010386C13F094FBFEF7C0
:10CDE000C1BF0023BB603B61FEF7B8BFD7F8DC30A2
:10CDF000D7F8B4209B6A012A03FB04F4C8BFA41827
:10CE000074E6D7F88050FEF75DBFD7F8DC30D7F86E
:10CE1000D0209B69002A00F05D81002B00F0638127
:10CE2000D7F8A830002B00F05B83D7F8DC30022164
:10CE30001965FFF7B5B90823FFF7FBB9A642B8BFDC
:10CE40002646B6FA86F149090F22584601F08EF8B7
:10CE5000002E40F04E817B6F002B11DDD7F8A4200F
:10CE60000AF101039342C0F23383D7F8A440584635
:10CE7000214601F031F90223C7F89440C7F8E030A9
:10CE8000D7F8DC20DBF81C30D2F81CC0D7F898208B
:10CE9000C7F8B420B3FA83F3C3F120031344CBF8EB
:10CEA000143001237B65FEF7D5BCD7F8D0303B6149
:10CEB000C7E90233D7F8BC305B00C7F8AC30FEF7E7
:10CEC0004DBFF86B602303411944FFF761BBD7F8EE
:10CED000D030019307F5807007F1FC0202900092B8
:10CEE000D7F8AC10D7F8B820D7F8C80007F1EE0390
:10CEF000FDF754FBC7F8A800FEF76EBD08384FF0E9
:10CF00000809FFF7D8BBD7F8A820FA62FEF7BFBD23
:10CF1000D7F8A41039B132B1C01A45F2C35130FB71
:10CF200001F003EB4000D7F8E44021465B00514498
:10CF30008342D4BFE41824183F31786D891102313F
:10CF4000234600283FF449ABD7F8DC30D3F8D400AF
:10CF500040F2C93398424FF080064FF000044FF082
:10CF600002053FF750ABD7F8DC20431C1530C2F860
:10CF7000D430000401F0AAFAD7F8DC2000B2526BDA
:10CF8000FFF742BBD34D621088270400B42704008A
:10CF900064280400D7F8DC209369042B7EF7FAAEEE
:10CFA000136C002B7EF4F6AED7F8D030002B7EF455
:10CFB000F1AE7A6ABB6B33F92230D7F8D420012A5C
:10CFC00000F05A84D7F8A040D7F8BC00D7F8AC10CE
:10CFD00034F910206618D7F8D8109342B8BF13461A
:10CFE0000129A7F834312BDDD7F88810BD6A881ED7
:10CFF00004EB000C1A4636F9023F34F9021F8B424B
:10D00000A2F58062B8BF0B469342B8BF13461AB26E
:10D01000A44525F8022FEED1D7F8D830012B0FDD2B
:10D02000BC6A2044B0F9002030F9023DA2F2FF3181
:10D030009942C4BFA2F580631BB284420380F1D140
:10D04000D7F88820D7F830E0D7F8D480D7F8AC905C
:10D0500007F598739D18D7F890300026304603F1F5
:10D06000020CBEF1020F12DD07F59B71644631F927
:10D07000023F34F9022F23EAE373002AACBFC3EB6B
:10D0800002035B42002BA8BFC0188D42EFD10136CE
:10D09000B045CC44E5DCD7F8D830D7F8D420033BF2
:10D0A00002FB03F390FBF3F0B0F5806F00F3008414
:10D0B0000023C7F8A830FEF76DBED7F8DC2053690F
:10D0C000002B7EF40CAC9369042B7EF708AC012096
:10D0D000FEF706BCD7F8802012B9022B00F30682B7
:10D0E000002B7FF4A2AED7F8DC2000231365FFF7F6
:10D0F00057B8D7F8DC30D3F81CC000237B65FEF7A7
:10D10000A9BBD7F8AC20FB6F9344D7F8D4200133E8
:10D110009A42FB677EF494AD05EB4502FB68D7F8B5
:10D1200094B1520092FBF3F25210202A6FF01F03C9
:10D13000A8BF20229A420FFA8CFCB8BF1A46D7F833
:10D14000C410386AB1F9023031F910509EFBFCFE70
:10D1500005EBD5756D100FFA8EF8AB4208F1CD04D2
:10D1600080F21E820231002331F9020FA84203F13E
:10D170000103F9DB03FB12433969786BD7F8D490CC
:10D180001FFA82FC3A6B9BB28D18B9F1020F0CEBBF
:10D19000030431F9022F06D1D7F8BC6031F916A08B
:10D1A0005245B8BF5246002AD4BFC3EB02025A42CE
:10D1B00092B213B2B3F5807FA3B207DDA2F58072FD
:10D1C0000280D7F884200132C7F884208D4200F114
:10D1D0000200DAD1D7F88430022B00F346814FEAFF
:10D1E0008C1C0FFA8CF30EF5CD7EBB600FFA8EF31C
:10D1F000FB60FEF75DBDFD6DD7F8C080D7F8C82095
:10D2000005F10E0C2CF00703ADEB030DD7F8CC5055
:10D2100002950346CDE903148246D7F8D440D7F8E7
:10D22000B8000190002140460094C7F89CC0FDF76B
:10D230003FFBB36CD7F8E490D7F88C600293CDE94C
:10D2400000454B4632465146404614AD3D6404F01D
:10D25000C7FBD7F8D820CDE90054334649464046AD
:10D2600002F006FFFA6C002A40F32E81D7F8CC308A
:10D2700043F30500FB6D991E3B6C4002194480B2DC
:10D28000023B33F8022F024499421A80F9D1D7F8B1
:10D29000DC30D9699C6CBB6EC7F880300023FB6220
:10D2A0000123BB67FEF71DBCD7F8DC30D3F840E0A4
:10D2B000BEF1000F7FF484A8BA6CB7F9EE30C7F85E
:10D2C000E030B2F57A4FC0F23C81B64B9A4200F39F
:10D2D000CD82A2F57A484FEAA82808F140084FEA23
:10D2E00008181FFA88F8D7F8D430022B00F06081B4
:10D2F0003C6BD7F8D450D7F8C060D7F8D800D7F82F
:10D3000090C00021002C0DDDB36803FB0EF30CEB85
:10D310004302C0F1020332F9029B03FB09110233FD
:10D320009842F8D10EF1010E7545EBDCD7F8D42008
:10D330003B6B03FB02F39C4A91FBF3F303F5806321
:10D3400099109142C0F21A8140F60542914200F3D1
:10D350009082964A82FB0112A2EBE3739BB2BA68F9
:10D36000A8EB0303A3EBA202D7F8E0309B11A2EBDA
:10D3700043031BB280331B120A2BA8BF0A2323EAE4
:10D38000E373C7F8E030FFF723B8D7F8B4904FF055
:10D39000000AFFF705B80024FEF751BA002ED8BFE7
:10D3A0000026FEF72FBAD7F8D030FB60D7F8BC3094
:10D3B0005B00C7F8AC30FEF775BC7B6D13B97642E5
:10D3C00005EBA615D7F8DC200023C2F8C830FFF71C
:10D3D0003EB901220021584600F0C8FD0023FB6140
:10D3E000FEF7A9BAD7F8DC00D0F8E0408C42BBBF0A
:10D3F00036F91400D7F8CC50D7F8C400A840A142A1
:10D40000A8BF2146D7F8C440D7F8CC500444D7F879
:10D41000DC00C7F8C440B0F9DC0036F91140B0F5C3
:10D42000807F04FA05F4A4EB0101A8BF4FF48070DB
:10D43000CC0046F266651A3815FB01F110FB04F0CA
:10D44000B7F9C45091FBF5F1001233FB01F149002B
:10D450008142D4BF581A181AFFF70FB8A042FEF441
:10D4600090AE4FF00009FEF748BE08F2CD18B8F1B3
:10D47000000F72DC3B6B991E7B6B19449A1E32F9CC
:10D48000023FFF2BA3F58073CCBF1BB20023914258
:10D490001380F4D14FEA8C131BB20EF29A2EBB60AC
:10D4A0000FFA8EF3FB60FEF703BC0022FEF73DBCD3
:10D4B0000123BB660323C7F8CC60C7F8B0404FF424
:10D4C000AF75FB63FEF794B8D7F8DC30D969E1E6B5
:10D4D0000AF10203C7F8A430DB00C7F89830C4E4AF
:10D4E000D7F8DC3003211965FEF75ABED7F8D420EF
:10D4F0007B681344D7F8E020B2EB430FFFF695ACFE
:10D50000D7F8DC20B96E136D0591F969081C18BFB6
:10D510000120144602F1640102906032D7F8D40071
:10D520000490CDE90021D7F8E40003902246796CFD
:10D53000D7F8C000583204F065FB01462065FEF7BD
:10D540002FBE4FF48068CEE6C01A45F2C35130FBBF
:10D5500001F003EB4000FEF7D4BF3A6B786B00217B
:10D5600012F0F8FFCD23FB60D7F8DC301B6CC7F856
:10D570008430FEF797BB0024FEF7D6BF4FF47E43FE
:10D58000EDE68B1E3B61D7F8BC30D7F8D0E05B00EE
:10D59000C7F8AC303B6A5B007246F4463B63CEE5AD
:10D5A0000023E7E57F380100FBF3FFFFABAAAA2ABF
:10D5B000D7F8C030C7F8E4E09B69C7F8C480002200
:10D5C000D7F8CCE0D7F84480C7F8C83003F1100989
:10D5D0009C461146BCF900303CF9020F03FA0EF2EA
:10D5E000C01AD7F8B03000FA0EF0D31800284FEA6E
:10D5F00043034FEA42028EB210DD023A43444244F2
:10D6000003EB4000002133F9025B32F8024F14FBB8
:10D6100005119842F7D106EBA14109B2E145D9D1F4
:10D620004FF4805313FB01F343F3CF3383EAE372E8
:10D63000A2EBE372D7F8DC30D7F8E4E0D3F8E030BF
:10D64000D7F8C480B2F5806FA8BF4FF4806212B2E1
:10D65000082BC7F8E42040F3C281D7F8C8104E4623
:10D66000944601EB4309B6F90030D7F8CC1036F9EF
:10D67000020F03FA01F2C01AD7F8B0308840D3186D
:10D6800000284FEA43034FEA420140F3ED807A6CF1
:10D6900002391344114403EB4000002233F9025BCA
:10D6A00031F8024F14FB05229842F7D19314002B56
:10D6B000B8BF5B429C45A8BF9C46B1450FFA8CFCA5
:10D6C000D1D1D7F8E43013FB03F3C3F5801303F291
:10D6D0001943002B00F09E81B3FA83F4C4F11F02BA
:10D6E00092B20F2A8BBF0F3AC2F10F02134193403F
:10D6F00003F580431BB24FF687224EF69F3113FB92
:10D7000002F243F68250D21302F6F11213FB02F238
:10D7100001EBE23213FB02F200EBE23213FB02F305
:10D72000DB13A3F5D453093BC4F1120443F30B15E7
:10D7300005EB84252DB21CFB0CF2C2F5801202F21F
:10D7400019426C10002A6AD0B2FA82F6C6F11F03A1
:10D750009BB20F2B8BBF0F3BC3F10F0342FA03F3B6
:10D7600002FA03F303F580431BB24FF687224EF60D
:10D770009F3113FB02F243F68250D21302F6F112EC
:10D7800013FB02F201EBE23213FB02F200EBE23296
:10D7900013FB02F3DB13A3F5D453093BC6F11202CA
:10D7A00043F30B1303EB82231BB29C4237DC1CFBBD
:10D7B0000CFCCCF5801303F21943002B00F02C81F4
:10D7C000B3FA83F4C4F11F0292B20F2A8BBF0F3A4F
:10D7D000C2F10F021341934003F580431BB24FF691
:10D7E00087224EF69F3113FB02F243F68250D2138A
:10D7F00002F6F11213FB02F201EBE23213FB02F22A
:10D8000000EBE23213FB02F3DB13A3F5D453093B25
:10D81000C4F1120443F30B1303EB842424B2D7F8AE
:10D82000DC00A4F5BF54A5F5BF551E3CB0F9DC20C3
:10D830001E3DA410AD104FF4C043641013FB05F35C
:10D84000DB1313F5806F02F14002C4F10001ACBF9D
:10D850009BB24FF47C438A429844A8BF0A461FFA01
:10D8600088F8A0F8DC2043E5002323E74FF4A06804
:10D8700039E54FF4007372E5D7F8D820A7F83431B2
:10D88000012A7FF7DDABD7F88820B96A901ED7F858
:10D89000A020141832F9025FA3F58063AB42B8BF31
:10D8A0002B461BB2944221F8023FF3D1FFF7B4BBE1
:10D8B000D7F8DC30D7F8C080996CD7F8B490D7F897
:10D8C000CC60D7F8D450D7F8B8201C46DB69029654
:10D8D000CDE9033101924B46D7F8C820B96E0095C7
:10D8E0004046FCF7E5FFA36CD7F88C400293CDE9E6
:10D8F0000056D7F8E460224633464946404604F0D5
:10D900006FF8D7F89020009223460195D7F8D820D9
:10D910003146404602F0ACFBFB6C002B10DDD7F823
:10D92000CC30396C43F30502FB6D5202023B0B44D1
:10D9300092B2023931F8020F10448B420880F9D1BB
:10D94000DBF81C30DBF81420B3FA83F3134440F601
:10D95000CD42A7F8EE20D7F898201E3B934247DB34
:10D96000D7F8D400D7F8B030D7F8B41003FB00F3E1
:10D970005B000E3323F00703ADEB030DBB6ECDE967
:10D980000103D7F8E430009314AA0446D7F88C308A
:10D99000D7F8C0007A6404F0C1F8D7F8BC309B0017
:10D9A0000E33FB6723F00703ADEB030D14AAC7F892
:10D9B0008420D7F89420C4EB04139A42FEF684AA7C
:10D9C000D7F8DC309A691B6CBB63BB6EC7F880303C
:10D9D0000123C7F8B420C7F8A830FEF71EBAD7F85D
:10D9E000E4C06EE6BB6EFB62C7F88030FEF76DB830
:10D9F000BB6EC7F880300123C7F8A830FEF7CAB95C
:10DA0000D7F8DC10D7F8C800D1F8D01001410B448A
:10DA1000FEF70FBD014D8EE6004C00E70180FFFFD1
:10DA20000EB470B583B007AB40F6CF7153F8042B3A
:10DA300001938A42044600F04481B2F57D6F1EDAFC
:10DA400040F6B4718A4200F0438139DD40F6C4717A
:10DA50008A4200F0BD8078DC40F6BC718A4200F05A
:10DA6000E98040F6BF718A4240F0BC801A680433F6
:10DA70000193002A00F03681C36C13609FE042F2EC
:10DA80001F718A4200F0278132DD42F228718A42FA
:10DA900000F09B8047DC42F220718A4200F00E8148
:10DAA00042F226718A4240F09D8019680433019346
:10DAB000002900F084803822783012F024FD7EE0C6
:10DAC00040F6A6718A4200F0AA804EDD40F6AA71A7
:10DAD0008A4200F09D8040F6AE718A4240F082801A
:10DAE0001A680433642A019300F2FC80826366E0C2
:10DAF00042F218718A4200F095804CDD42F21A71B0
:10DB00008A427AD042F21C718A426BD11A6804337D
:10DB1000002A019340F3E68003689B689342C0F2B9
:10DB2000E18042624BE042F22A718A4261D042F2C5
:10DB30002C718A4256D119680433019300293ED0D2
:10DB40000822B03012F0DFFC39E040F6C5718A429D
:10DB50004BD040F6CE718A4244D11A680433012A70
:10DB6000019300F2BF80426429E040F6A2718A422C
:10DB700038D119680433B1F5FA7F019302DC4B1CEC
:10DB800040F0B0806368594A02FB03F38B42A8BFA0
:10DB90000B46A36213E042F212718A4222D11A6844
:10DBA0000433022A019300F29D80B2FA82F3012A23
:10DBB0004FEA5313CCBF00220122C3604261002010
:10DBC00003B0BDE8704003B070471B680364F6E71C
:10DBD0001A68A2F1080104331029019300F282802F
:10DBE000C263ECE76FF00400EAE71B68C26B1A60DF
:10DBF000E5E71B68C0F8E430E1E71A680433002A5F
:10DC000001936FDB03689B6893426BDD0262D6E78A
:10DC10001A6804330A2A019364D88261CFE71B682B
:10DC2000C362CCE71A68511E04330129019359D805
:10DC30008260C4E70546406855F8EC2BD2E9013113
:10DC400003F5806300FB03F3820003F13B0601FB55
:10DC500002F201FB00F002EB46025200460006EB26
:10DC600083034C3A002104F14C001D4412F072FC75
:10DC7000D4E90023926803FB02F3002B11DDB01EF0
:10DC80002844AA1E00214FF4104520F8025F22F814
:10DC9000025FD4E90063B668013103FB06F38B42EF
:10DCA000F3DC0023012002214FF48072C4F8D0304D
:10DCB000C4E91833C4E91410A26580E71B68036344
:10DCC0007DE7089A0433019362B1436C136076E7F1
:10DCD0001B68436373E71A680433019312B1036846
:10DCE00013606CE74FF0FF306AE700BFA0F7030056
:10DCF0002DE9F84315460446884600224FF470711A
:10DD00004BF68030994600F0FBFD022D38D8A4B3C5
:10DD1000074690B3D0E90113AA02A8003B3203FBE7
:10DD200000F301FB052203EB4202520000212046D2
:10DD300012F010FC00260123C4E90736C4E900757F
:10DD4000A560FA6862624FF0FF3018220521C4E92D
:10DD50000C332361A062A161E26340F6BC71E6620C
:10DD6000E660C4F848902046FFF75AFE404605F0AA
:10DD7000A9FAE0613046BDE8F8836FF00606F9E7DE
:10DD80004FF0FF36F6E700BF10B4C2690B4C406994
:10DD9000B2FA82F3C3F11001CA40110B0839C3F182
:10DDA0002003DB00C3EBC00354F821005DF8044BF3
:10DDB0005B1A90422CBF1846581E7047782A040000
:10DDC000836A002BF0B44FEA21270EDBD0E9015221
:10DDD00084692244AA4226D202683B44651C8561BC
:10DDE00013550022C36A1343C362436ABBB1FF37B2
:10DDF0000AE0036886611F55436A0024C26A013B3A
:10DE000022434362C26253B1D0E901528469224481
:10DE1000AA4204F10106ECD34FF0FF34EEE7C9B299
:10DE20008162F0BC70474FF0FF32DBE770B4002333
:10DE300021264FF000454FF0FF344661C5618462F2
:10DE400001604260C0E9023303618361C0E90833C5
:10DE5000C36270BC704700BF2DE9F041B3F5807F0D
:10DE6000C66927D9B6FBF3F400293CD19B1A04FB01
:10DE70001362C261B2F5000F1AD80446036A0FE0BC
:10DE8000FFF79EFF236AE269616912021B0223F019
:10DE900000430831B2F5000FC4E90723616107D8D8
:10DEA000D90DFF292046EBD1626A01326262EAE7AE
:10DEB000BDE8F0815C421C40B4FA84F4C4F1200453
:10DEC00023FA04F70D4D013C55F8275026FA04F4C7
:10DED000A4FB057803FB1864A3428CBF444608F1F9
:10DEE00001040029C2D0056A5B1A521A2E4404FBB1
:10DEF00002F204FB1364C0E90724BBE774280400A2
:10DF0000F8B5C569012425FA03F69C4011BBA41A93
:10DF100006FB1452C261B2F5000F1AD80446036A18
:10DF20000FE0FFF74DFF236AE269616912021B02ED
:10DF300023F000430831B2F5000FC4E90723616103
:10DF400007D8D90DFF292046EBD1626A01326262FF
:10DF5000EAE7F8BD076A641A521A3D4406FB02F26A
:10DF600006FB1455C0E90725D5E700BFC36923FAAE
:10DF700002F29B1A19B1016A0B4403621346B3F50E
:10DF8000000FC3611CD810B50446036A0FE0FFF709
:10DF900017FF236AE269616912021B0223F0004342
:10DFA0000831B2F5000FC4E90723616107D8D90D24
:10DFB000FF292046EBD1626A01326262EAE710BDB6
:10DFC000704700BFF8B5C469002924FA03F32BDDBC
:10DFD0004E1E076A955D3C4403FB15440462945D44
:10DFE000525CA21A03FB02F3C361B3F5000F1AD807
:10DFF0000446036A0FE0FFF7E3FE236AE269616902
:10E0000012021B0223F000430831B2F5000FC4E9ED
:10E010000723616107D8D90DFF292046EBD1626A39
:10E0200001326262EAE7F8BD525C03FB1243C3614E
:10E03000DBE700BFF0B5D0E90354A618202E8E46CA
:10E040000DD819E00368876003F80C500026C36AF6
:10E05000083C3343072C4FEA1525C3620BDDD0E99A
:10E06000016381695F1C0B44B342A6EB070CE9D343
:10E070004FF0FF36EBE7A618436906610EFA04F489
:10E0800025431A44C5604261F0BD00BF2DE9F0414F
:10E09000561EB6FA86F4C4F12003082B0D4605DCA3
:10E0A0001346BDE8F0414A1CFFF7D6BEC4F1180480
:10E0B000E14026FA04F34A1C01330746FFF7CCFE81
:10E0C0004FF0FF31A140384625EA01012246BDE864
:10E0D000F041FFF7AFBF00BF38B50D46D0E90112E0
:10E0E00003680446891AA81A1944184412F018FA49
:10E0F000656038BDF0B5D0E907236FF00045B2FA8E
:10E1000082F6F540591904461A4441EA0500904246
:10E1100083B074D221EA050596B1E90DFF2937468F
:10E12000204673D1636A01336362083E2D02002EDC
:10E1300025F0004572DC7E1E26F00706083FBE1B58
:10E14000A36A002B21DA636AFBB9D4E90357072FCE
:10E1500023DD3A460CE02368C4F808C01D540021B2
:10E16000E36A083A1943072A4FEA1525E16218DDE8
:10E17000A368A069616803F1010C03448B42A1EB21
:10E180000C00E8D34FF0FF31EAE700212046FFF70B
:10E1900017FED4E90357072FDBDCE16A29B103B08E
:10E1A000F0BD07F007070029F9D12368A0690193A2
:10E1B0006368A268A3EB000C019BACEB020218445D
:10E1C00012F0C8F9002FEADDD4E901329A422DD2CB
:10E1D000A16911448B420AD87642BE4207DA012176
:10E1E00001FA06F6711E4FF0FF300D40E062013B70
:10E1F0009B1A2168CA5C1543CD5403B0F0BD6D086D
:10E200002B44013623EA0505374607E0083EFFF7B1
:10E21000D7FD2D02002E25F000458CDDE90DFF29EC
:10E220002046F3D1636A013363627EE74FF0FF3328
:10E23000E36203B0F0BD00BFB0FA80F3C3F118028F
:10E24000002A02D0B8BF2032D04100F07F00C3F1D5
:10E250001F02C0F1800300FB03F3B32133FB010075
:10E2600000EBC210704700BF00281EDB40F67E7333
:10E27000984217DC00F07F0110B40122C411B0F500
:10E28000006FC1F1800302FA04F211FB03F34FF6B1
:10E2900052700CDB33FB0013D41104FB03205DF838
:10E2A000044B70476FF0004070470020704733FB0D
:10E2B0000010A04002EBE0105DF8044B704700BF77
:10E2C000B0FA80F3C3F11F035B10012110B4994031
:10E2D0000446002001EB40029A40944224BF4018BB
:10E2E000A41A013B4FEA5101F4D55DF8044B704785
:10E2F000A0F5004001B241F6392211FB02F2D2131F
:10E3000045F60540A2F55252323A11FB02F200EBFB
:10E31000E23290B210B404B214FB04F2D31313FB34
:10E3200001F103EBE133A3F5804343F30E035B00FC
:10E330004FF4405113FB01F1C913A1F5804113FBC8
:10E3400001F3DB1314FB03F300EBE33000B25DF8E1
:10E35000044B7047002832D0B0F1804F30DAB0FA69
:10E3600080F1C1F11F01491030B4CC1F002C2ADD0F
:10E3700063001841A0F500431BB24FF6685213FB2F
:10E3800002F2D213C4F1070442F6295502F2A36245
:10E3900045F6872013FB02F2D213002CA2F6C332FB
:10E3A00013FB02F205EBE23213FB02F300EBE33066
:10E3B00000B2D6BF0E392041884030BC704770474C
:10E3C00047F6FF707047C4EBC4735B009840D1E719
:10E3D000C0F31003B3F5803F37DDC3F50033C3F35B
:10E3E0000E0000286BD0B3F5004F10B43BDB5B424E
:10E3F00013FB03F303F58043DB1319B24FF68E5082
:10E4000042F2550210FB01F000F5804002EBE032D1
:10E4100011FB02F202F58042D213A2F5EF52033A49
:10E42000C1F5FF4411FB02F000F58040C0137F34BA
:10E43000044447F6FE729442DBBF1B1AA3F5004367
:10E44000214818B25DF8044B7047C0F30E02002A51
:10E45000C9D180B2002835D11B4A47F6FF70002B86
:10E4600018BF1046704713FB03F303F58042D21325
:10E4700014B24FF68E5342F2550113FB04F303F529
:10E48000804301EBE33114FB01F101F58041C91335
:10E49000A1F5EF51033947F6FF7314FB01F000F5C6
:10E4A0008040C0131C1B044447F6FE718C4207DCFD
:10E4B000C2F50042104400B25DF8044B704770474B
:10E4C0001846BFE7104670470180FFFFB0FA80F1A1
:10E4D000C1F11F010F29CBBFA1F10F02C1F10F0242
:10E4E00040FA02F200FA02F2A2F5004247F678037F
:10E4F00012B24CF2C43010FB02F003EBE0339BB2DB
:10E5000010B41CB214FB02F0C013A0F50040184474
:10E5100014FB00F0A3EBE0339BB218B210FB02F245
:10E52000D213A2F500421A4410FB02F06FEAE03069
:10E530001029184400B2CBBF1039C1F110010841B5
:10E5400088405DF8044B704738B5B1FA81F3C3F1E8
:10E550001F03A3F11D04002C22DD40FA04F541FA4B
:10E5600004F404F500400014FFF7B0FF043040F35A
:10E57000CF0135FB01F0400080FB0434DA0F023597
:10E5800042EA4402C2EBA50232FB01F200EBC200F8
:10E59000B0F1005F0BDAB0F1604F0BDD800038BDE9
:10E5A000C3F11D0400FA04F501FA04F4D9E76FF091
:10E5B000004038BD004838BD010000802DE9F04F13
:10E5C00091B000AF0668D7F86CC0FB620CF1020492
:10E5D000BCF1000F50F824403C622546A468B5F910
:10E5E00004508069BD6004F1FF33B8627A60FB605B
:10E5F00009DD002302466546013376109D4202EB99
:10E600004602F9D1BA627010BD6E38618300BB61F9
:10E610000E334FEA650CB41023F00703ADEB030D86
:10E620004FEA4C0AEB1CFC63FD6AE4000CF1804BE2
:10E6300004F108027C610BF1FF3B9C10AAF102037C
:10E64000E8468344ADEB020DEE18002C01EB8B0B7A
:10E65000C7F81C807C62C7F838D001EB8C017E6360
:10E66000AA4440F33D81E400BB693C6004F1080E1C
:10E67000C0EB807C0024C64408F108050BEB8C0C31
:10E68000264601EB0308C7F830A07B6B58F836200C
:10E69000185F32FB00F24FEA42093A6B5CF8143023
:10E6A00033FB00F35B0032F926A051F836005BF82B
:10E6B000142030FB0AF032FB0AF2C3EB400309EBF3
:10E6C000420245E9022308357545A4F1040406F128
:10E6D0000106DAD17C6A3A68F869C4EB44731144E4
:10E6E00086180BEBC30BFA6BBB6E786A03F1004321
:10E6F000101AFA6A013B02EB4303A0427B6322DD5E
:10E70000C4EB447501EBC50506F10803ABF1080243
:10E71000A4468E4655F8341043F8041C0134916821
:10E7200043F8081C8442A2F1080203F10803F1D166
:10E73000A4EB0C0C4FEACC037146CCEB4C7C194497
:10E740001E440BEBCC0BFB6BA34240F3CC80BA69AD
:10E750003B695A44C4EB447C9046FA6A4FEACC0CBD
:10E76000C3EB837EC4EB84730CEB8E0E02EB83034E
:10E7700008368E448C4400259A467B6B3AF9240077
:10E7800033F905905CF834105EF8343031FB09F150
:10E7900033FB00F349005B0058F8152032FB00F210
:10E7A0005BF8150030FB09F001EB4201C3EB4003BD
:10E7B00046E90231FB6B0134A342A5F1040506F1E1
:10E7C0000806DAD1FB6BBA6AFD69D7F820A05B00B6
:10E7D000A2F10208D6183B637A69FB68C7F82C805F
:10E7E0004FF0010C0835C64605EB02090CFA03FC94
:10E7F000D7F80880C7F834904FEA6C0CF146FE63F6
:10E800009E46FB6B55F8081CF21ADAF8303036F9E0
:10E81000024B33F902B055F8043C39F9022F33FBAF
:10E8200004F033FB02F340005B0031FB02F231FBEA
:10E8300004F1C0EB420203EB410132FB08F2BB6B77
:10E8400031FB08F1624442FA0EF203EBCB0443F8C9
:10E850003B207B6B6144083541FA0EF19D426160BB
:10E86000CFD1BC6B386AD7F82C80214605F0D4F99B
:10E870003B697A695E1E3B6F083403FB06F6DD00D8
:10E8800022443B6B9646BA6AA3F1020C7B68624451
:10E8900003EB86069446C5F100099A4638F902BF93
:10E8A00054F8083C3CF9020F54F8041C33FB0BF2FB
:10E8B000083433FB00F352005B0031FB00F0A64547
:10E8C00031FB0BF1C2EB400203EB4101CAF800201F
:10E8D0003160AA444E44E1D14437BD46BDE8F08FD3
:10E8E000FE690024FFE6FB6B002B3FF76BAFB96BB3
:10E8F000386A05F091F94437BD46BDE8F08F00BF96
:10E9000030B400234BF68034A04209D00133042BED
:10E91000FAD17AB14FF0FF331360002030BC70475A
:10E9200001FA03F5B5F5707FF0D132B10023136021
:10E930000348F3E7104630BC70470148EEE700BFDC
:10E94000644C0400FB28C3B202DC0B70012070474A
:10E9500043F0FC03C01A801048700B70022070470F
:10E96000007803061CD400F06003602B0BD0C0F3CA
:10E97000C10003281ED0144B814083FB0130C9170E
:10E98000C1EB60107047104B10F0080F4FEAE170B8
:10E9900083FB013114BFC0EB2110C0EB6110704745
:10E9A000C0F3C100084B814083FB0130C917C1EBA4
:10E9B000E0107047C1EB01110448890080FB013071
:10E9C000C917C1EBA01070471F85EB51D34D6210E2
:10E9D0002DE9F04F85B0DDE90E67002F00F087814B
:10E9E0000029C0F284816ED0054688464BF68031FE
:10E9F0009B46FFF7B5FF95F800E001460EF00300D7
:10EA0000012805F1010308F1FF3A00F0B9805FD356
:10EA1000022840F08C80BAF1000F51D095F801C067
:10EA2000BCF1FB0F00F2F7800FFA8CFCA7F800C0D6
:10EA3000A8F1020A0120D44545DC00210344AAEBD9
:10EA40000C0C02910220002A48D000F10042013A49
:10EA5000CDF804A05200E246019C07EB020C002C0A
:10EA600000F0AD801A78FB2A40F29480019C012CC2
:10EA700000F0368193F80180019C02EB8802A4F13A
:10EA80000209ACF800204FF002084A451BDC029C4A
:10EA90004344002C00F0B78000FB02F24A4512DC30
:10EAA0000128A7F1020800F02081043F42004446FB
:10EAB0001744BCF9009024F8029FA742F9D119E04D
:10EAC0004FF6FF733B806FF0030005B0BDE8F08F99
:10EAD00000210291D4460120002AB6D140F2FB4227
:10EAE0009445F0DC00F10042013AA7F1020827F852
:10EAF00012C04200109C14B1109F5C1B3C60424449
:10EB0000344606B1236038F9027F904504F10404CD
:10EB10003B44F6D1119A12B15B1B19441160BBF151
:10EB2000000FD2D08BF800E005B0BDE8F08FBAF14D
:10EB3000000FC8D095F801C00CF03F094846B9F164
:10EB4000000FC0D009FB01F1B1F5B45FBBDCA8F147
:10EB500002031CF0400F019335D1AB1C00214FFA8A
:10EB60008CFC6FEA0C04E40FBCF1000F02945EDB36
:10EB7000002A00F09E8009F10042013A52006BE742
:10EB80008AB91AF001019ED14FEA6A0CA7F800C0B9
:10EB90000220A3E7019C12B2ACF8002004F1FF3977
:10EBA0004FF0010871E7CDF804A0019C0290022209
:10EBB0001046002107EB020C002C7FF453AF4FF6F8
:10EBC000FF73BB527FE7002B3FF47DAFAC78FF2C87
:10EBD000A8F1030805F103034FF0000105D021441B
:10EBE000B8EB04040194BAD56DE7A8F1FE04002C3B
:10EBF00001F1FE01A8F1FF087FF765AF13F8014BA3
:10EC0000FF2CECD1F1E7424452453FF75CAFA7F14E
:10EC1000020842006EE7BAF1010F3FF451AFA97844
:10EC20000CEB810CA8F1030AA7F800C003E7B9F1C7
:10EC3000010F5FD0A7F1020808EB4904DDF804904A
:10EC4000CDF80CE0A246B846CC4601914C4604B340
:10EC500093F800E0BEF1FB0F0FFA8EF11ED8A8F872
:10EC60000010013C4FF0010E01EB0E09A14208F12A
:10EC700002087344ACEB090C3FF725AFC245E6D15F
:10EC8000BCF1000F0199DDF80CE0FFF61CAFA246C5
:10EC9000D9E64FF6FF73A8F8003014E7012CF8D03E
:10ECA00059780EEB8101023CA8F800104FF0020EDB
:10ECB000DAE7019C94FBF9FC0CFB09F2A2427FF419
:10ECC00002AFB9F1010F3FF409AF3A1F02EB490956
:10ECD0000FFA8CF4BA1E22F8024F4A45FBD1FDE62A
:10ECE0004FF6FF73ACF80030EDE6022202E74FF07A
:10ECF000FF30EAE6DDF804A0D446A4E600290FDDE3
:10ED0000037813F0030309D0032B05D101290AD09E
:10ED1000407800F03F0070470220704701207047A4
:10ED20004FF0FF3070476FF0030070472DE9F04F50
:10ED300085B0DDE90EE6109FB7FA87F7C7F11F0728
:10ED400000250124002AA7F10E0CCEE900540CDDA9
:10ED5000A1F1020808EB420A38F9025F15FB05F53C
:10ED6000D04545FA06F52C44F6D1002B57DD02F1CB
:10ED7000004504384FF00009013D4FF0FF3A00EB29
:10ED80008308C7F10E0301EB4505039302394B4697
:10ED9000CDE901A91AE0DEF80070DDE901A9CEE9AC
:10EDA0000037CDE9012435F9022F31F9027F12FB3A
:10EDB00002F217FB07F732413741D71B3C44012CC5
:10EDC000B8BF0124804503F1010328D050F8047F27
:10EDD000002F47FA0CF2E6DD34FB0AFBBCF1000F12
:10EDE000DCBF039A07FA02F212B212FB02F242F3FC
:10EDF000CF3239FB02F77F00B7EB4B0FD3DD029F19
:10EE000037FB02FB019F34FB07F95F467F00B7EB3E
:10EE1000490FC0DCCEF804309246A146C3E705B0E6
:10EE2000BDE8F08FF8B5B1FA81F7C7F11F07A7F178
:10EE30000E0CB2FA82F6BCF1000FC6F11F06A6F165
:10EE40000E03D6BFC7F10E0741FA0CF1B940002BF3
:10EE5000D8BFC6F10E060CEB0305CCBF42FA03F394
:10EE600002FA06F31BB209B211FB03F1EB070446E9
:10EE70004FEAA13007D5B0F5004FB9BF400005F10A
:10EE8000FF35C81301356D10FFF732FA34FB00F07F
:10EE9000012D4FEA4000CBBF05F1FF35C5F101055B
:10EEA0002841A84047F6FF739842A8BF184600B211
:10EEB000F8BD00BF2DE9F04F171E8DB00C46056858
:10EEC00040F31F814FEA8708A8F104084FF0000EB5
:10EED00005EB0809F4462E1F56F8042F9645B8BFD7
:10EEE00096469445A8BF9446B145F5D1CCF1000CA7
:10EEF000F445B8BFF446022B00F0B980BCF1000F16
:10EF000040F3F680BCFA8CF6C6F11F06B6B20A3E94
:10EF1000022B26EAE67600F0A880D5E9002102EB74
:10EF2000610E4FEA6E0E7F104EFA06FE012F0FFAA9
:10EF30008EFE40F3DF8005EBC709A9F10809A04662
:10EF4000A446D5F804A0E96855F8082F8A4402EBD6
:10EF50006A0252103241A9452CF8022FF1D1022B3E
:10EF6000A4F800E000F0A18016990023042207AD68
:10EF7000CDE90171009229461A46204604F04CFC66
:10EF8000079B03EB6333079308A80122016812FB78
:10EF900002F301325B00052A31FB03F3A1EB4303CB
:10EFA00040F8043BF2D105A80422294604F0A8FB4E
:10EFB00005A947F6FF7247F23330B1F9003010FB74
:10EFC00002F242F3CF3213FB02F3DB1321F8023BD0
:10EFD0008D42F2D1BDF914C0BDF916E0BDF918801B
:10EFE000BDF91A3046F266690CF6CD4A002F19FBBE
:10EFF0000CFC0EEBEC3C19FB0EFE08EBEE3E19FB95
:10F0000008F803EBE83819FB03F90FFA8AFA0FFA4C
:10F010008CFC0FFA8EFE0FFA88F849F3CF3921DD08
:10F020004FF0000BA11E01EB47075A465E465D46B6
:10F030005C4603E032462E462546044631F9020F6F
:10F0400003031AFB04331CFB05331EFB063318FBBA
:10F05000023319FB0B3303F500631B138F420B8044
:10F060009346E7D10DB0BDE8F08F013655E7426811
:10F070004FF0000E9044F146043A52F8046FB14547
:10F08000B8BFB146B645A8BFB6469045F5D1CC4508
:10F09000B8BFCC46CEF1000EF445B8BFF446BCF183
:10F0A000000F3FF72FAF012637E74568A4F1020CA8
:10F0B0002A460CEB470C5068D16852F8083F0844C8
:10F0C00003EB60035B1038F8020F33410344C4457F
:10F0D000A8F80030EFD1B4F900E0D5E9003203EB35
:10F0E00062035B1043FA06F6B644A4F800E03BE77F
:10F0F000002612E7022BA4F800E07FF435AF456844
:10F10000EBE7A3F10206B6FA86F6760905E700BF3B
:10F110002DE9F04F8DB0951004AF02EB030C99462A
:10F120004FEAAC0C6B0003F10E0493467B604FEA90
:10F1300069024FEA4C0324F00704FB60BA600E3307
:10F140009200ADEB040D23F007030E3204AE22F063
:10F150000702ADEB030D04AB0024ADEB020D7B61A8
:10F16000A54204AB80468A463B61C7E9064440F3AA
:10F170001E81B21E134638F8241023F8021F0134F2
:10F18000A542F8D1BCF1000F0EDD7B699A1E114635
:10F1900000233AF8230021F8020F01339C45F8DCE4
:10F1A000002D40F30E81B21E002014468646034611
:10F1B00034F9022F964503F10103B8BF96469042F9
:10F1C000A8BF10469D42F3DCBEF1010FC0F1000163
:10F1D000B8BF4FF0010E7145B8BF7146BCF1000FCA
:10F1E00040F3F1807B699A1EFB687869A3F1020EF7
:10F1F000002386441C4632F9020F8442B8BF0446FD
:10F200008342A8BF03469645F5D15B42A342B8BFEF
:10F2100023468B42B8BF0B46B3FA83F4C4F11F04F4
:10F22000A4B20B3C002C40F3BC80002D09DD7B68B0
:10F23000991E3144B31E33F9022F224199421A809C
:10F24000F9D1BCF1000F0ADDFB68991E7B691944F6
:10F25000023B33F9022F224199421A80F9D164000E
:10F26000631C7B60FB6C01934FEAA9092B46D7E92D
:10F2700004213046CDF80090DAF7AAFE002602906D
:10F2800007F118004B462A467969009001963869C3
:10F290004FEA6B057D61FFF749FDBB68B34240F360
:10F2A0008D80A8F1020202EB4509FA603A69C7F8BD
:10F2B00000A0B346151FAAF102064FF00108CA4686
:10F2C000A1461C46B869002345F8043FABEB40005B
:10F2D00011F048F9022806DDF869ABEB400011F0A7
:10F2E00041F9022817DC7B69002B57DDF868B64628
:10F2F0004FF0000C30F8023F3EF8022F13FB02F3F0
:10F30000504543FA09F39C44F4D14CEAEC73E045D0
:10F310002B60B8BFE0460BF1010B5C4506F102061D
:10F32000D0D1D7F800A07B68BC683D69019307F194
:10F3300018030093CDF8088023467A695146284681
:10F34000FFF7F4FCBB69002B1FDD621E93421CDA41
:10F3500003F18042013A05EB8201D1E9011455F82D
:10F360002220A61A881A45F69A1530FB05F0B6EB4E
:10F37000400F1ADC121B091B31FB05F1B2EB410FE8
:10F38000CCBF4FF0FF32002200E00022C2EB43036B
:10F39000BA6C24371360BD46BDE8F08F00239C464D
:10F3A000B5E701237B6000245CE70122EEE7BCF1B6
:10F3B000000F3FF7EAAE01237B6053E74FF00108EF
:10F3C000B1E7012110E7002423461FE72DE9F04FA4
:10F3D0009DB000AFD7E926542D68B7F9A060BA6098
:10F3E00003EBD3735B1001EBD17105EBD57502EB29
:10F3F000D27249107E6204EBD4746E10FB64531019
:10F400003B658E424FEA6403B9617E6500EB4109BA
:10F41000FB6380F22081D7F898301E60BB69796D5C
:10F420009A00123222F0070248008900ADEB020D6B
:10F43000F960F96C78646B46DA0800294FEAC20378
:10F4400040F3B3814C000022A51EA9EB00004D44FF
:10F4500002381646A9F10201944631F9022F30F81C
:10F4600002EF12FB02668D4212FB0ECCF5D1FA6858
:10F47000BE6403EB020EBA69C7F830C0002A1E60F2
:10F4800018DDBA6CD7F81880CC4609EB04061D4687
:10F4900001203CF9021D11FB01F10A44013036F94B
:10F4A000021D11FB01F1521A22EAE271804545F872
:10F4B000041FEEDA396BDEF80020FA62002900F052
:10F4C0005C81B96C002940F0CD80BA6C3A623A6D2B
:10F4D000386AB86245F69A1111FB00F1C91356005B
:10F4E000B96347F2333212FB00F2D1133A6D39613E
:10F4F000B2183A647A6AC7F834905210A51E3A607E
:10F500001D207A6D7D6009EB050A7E61FA614FF07E
:10F510000208994601464FEA4806C1F1200126FA41
:10F5200001F2B24B53F822007B6C013903EB080265
:10F5300022FA01F4A4FB004506FB15223B6DB24202
:10F5400028BF0135AB4200F3B880B8F1020F00F0DC
:10F550003981A74A7B6D52F82820520003FB0282B2
:10F5600022FA01F1A1FB000106FB1122B24234BFD5
:10F570000A464A1C910059F8010059F82510084420
:10F580004310BB65FB6CC2EBC272C5EBC571002BAF
:10F590004FEA42024FEA410140F3E0807B6B0239BF
:10F5A000023A4FF0000E19441A447446981E30F97E
:10F5B000023F31F802CF13FB0C44824532F802CFF0
:10F5C00013FB0CEEF3D1744464106BD0BB6C002BB6
:10F5D0006DD0BB6D002B40F0C780D7F858B0FB6BE7
:10F5E000EA1A1046FA6510F0BDFF0128FA6D4ADCF0
:10F5F000786A0146BB6B42F26562A3EB010C94454D
:10F60000C8BF1A1A3B6CCCBF12B242F26662AB4260
:10F610002EDD46F6CD423B6A12FB03F2D213511A9D
:10F6200043F2323C614545DD121A12B25A4505DA01
:10F63000BB6DC7F828B0C7E90B34FD6108F10108BC
:10F64000B8F1100F39D00236C8EBC87206EA42068C
:10F65000B6FA86F15FE7BB69D7F89820013B7B6576
:10F660001360DBE6002A40F09980FA6A3A622EE7DE
:10F670007B69AB42DADD3B69591AB1F5804F70DB2B
:10F680001A1A12B2D2E7104610F06CFF02280BDCF7
:10F6900008EB88027B6D08FB02F29A4204DA3868B4
:10F6A0000146A7E7A3469AE700210846A2E7D7F854
:10F6B00048B094E743F23332B8E7D7E90C3923EA8C
:10F6C000E370FB6A98425DDBFB69D7F84CA0C3EBA3
:10F6D000C37C4FEA430E7B68A9F106084B441C46E5
:10F6E00009EB4C0CA8EB0E0807F16403BAF1000F0C
:10F6F00046DDA9F102026046002132F8025F30F8CF
:10F70000026F15FB06119442F7D1ACF1020CE045F3
:10F7100043F8041BEAD1D7E91A207B6EC51AD11A27
:10F7200045F69A1431FB04F1B5EB410F23DC1B1AAB
:10F73000121A32FB04F2B3EB420FCCBF4FF0FF338F
:10F740000023BA68B86A73449342B8BF1346D7F827
:10F75000982074371360BD46BDE8F08F0024A3469F
:10F760003DE74FF4804261E71A46B96C2046FFF747
:10F7700059FB834633E70123E3E73A6B3A62A6E697
:10F780000021C2E719460131FEF7DEFEBB6A001414
:10F790009842A8BF184603B2BB6295E7386BFB6579
:10F7A000FFF740FBFB6D386291E6F96803EB010E51
:10F7B000B9690020814218600DDDFA6C3863B864C5
:10F7C00054005EE67B6DEA18BB699A427FF7D2AEC1
:10F7D000F9687A6DCFE6F968B86451F83220FA62B8
:10F7E000FA6C38633862540071E600BF7428040074
:10F7F000B84D04002DE9F04F91B083461C9E06934E
:10F800001B9BBDF98C700797023600279E421F9CF8
:10F81000229D04910A92CDE90E77C0F21281002D4B
:10F8200040F0098121998A4A8A4B32F9112033F933
:10F830001130059202930A99049A914240F3F180A3
:10F84000209B03EB43008B1A4FF0000A00FB03F3ED
:10F85000CDF804A055460B9003939046A24643462C
:10F86000142BA8BF14235B001D995A1C8A18CB18AF
:10F87000099208934FF00009DBF800201A9B764CA0
:10F88000069802FB0982510033F9123030F9122038
:10F8900002989C42B8BF1C4610FB04F68036361214
:10F8A000C6EBC2160798761B1B1A06F5803713F5B0
:10F8B000E04F4FEA6747ACBF1BB2684B0D97002F74
:10F8C000C0F28980DAF81C30DAF814200498B3FA10
:10F8D00083F3C3F12003D21A1B9B9A1A039B404562
:10F8E000A2EB03030ED01D2B0CDC172B04DC012F25
:10F8F0003846A8BF01200D900F2B03DC0D9B43EA77
:10F90000E3730D93249B33B1B8F1010F03DD0D9B1D
:10F9100003EAE3730D930E2A68DC012A71DD0D9B67
:10F920004F4A012B9C46A8BF4FF0010C4CEAEC7CDF
:10F930004FEA4C0181EAE37150460223CDF834C00E
:10F94000FEF740FB0D98DBF80010464B01FB0981E8
:10F9500003EA80239BB249004036C3EBE6161E9BA8
:10F96000381A5E5210F0FEFD029B13FB04F40D9B4F
:10F970003D4EDBF800205904803405EB24249B0223
:10F980000D440C441B12059911FB03F3ED1A0EAB49
:10F99000B44243F82950019BB8BF3446034402FBEC
:10F9A0000982403401931A9BE41123F81240209BF2
:10F9B00009F101094B4503DD0EAB53F829505BE714
:10F9C000039B0B9A9B1A03930A9B08F1010843457A
:10F9D00029D00E9D43E79A42BFF674AF9B1A07EBFE
:10F9E000A327002FC8BF00270D976BE7099B089A34
:10F9F0001B7812789B01D2010DA9504604F01EFD20
:10FA0000A0E705D04FF0FF300D904FF47C43A3E703
:10FA10000D9B03EAE373594250460D93FEF7A6FA95
:10FA200090E700230193249B0198002B18BF00202E
:10FA300011B0BDE8F08F41F23333059300230293F8
:10FA4000F9E6032229462046FEF790FAE7E600BFD2
:10FA5000F84D04006C4F040000DCFFFF0090FFFF36
:10FA6000744F040000FCFF030000C8FF2DE9F04FB5
:10FA7000B1B00CAF8846D7F8DC40BA61511AD7F85C
:10FA8000D82024687C61B862F962002A40F00381C2
:10FA9000D7F8E020002A00F04B81D7F8BC205E00A8
:10FAA000A2EB060ABA6AD2F808E0D7F8B820C7F87D
:10FAB00024E0AAEB020AA8EB030900254FEA4E0B4B
:10FAC000D7F8CCE00AEB480A16444FEA4909AC469D
:10FAD00098450FDA06EB090006EB0A0430F9021B21
:10FAE00034F9022B86424FEAE202C2EBE10212FB3A
:10FAF0000255F3D10CF1010CE6455E44E8DCD7F881
:10FB0000C830D7F8C820DB695269D7F824E0B3FAC7
:10FB100083FBCBF1200BA2EB0B0B4FEAA53AD7F8F6
:10FB2000C020BAF1C80F0BF10303A8BF4FF0C80AF9
:10FB3000934204D90023C7F8D830C7F8E030FB6AF5
:10FB40000A2B40F3AC80D7F8D430DD01B5F5804FF7
:10FB5000A8BF4FF480452BB2FB62D7F8C860D7F836
:10FB6000CC500FCE07F130040FC40FCE0FC496E86F
:10FB70000F0005FB0EFE4FEA4E0ED7F8E8500EF1CF
:10FB80000E0C2CF0070C002D84E80F00ADEB0C0DD3
:10FB9000FB6AD7F8BC1018BF4FF440630CAEFB6291
:10FBA000D7F8C830ADEB0C0D72463046D3F818903C
:10FBB00010F0A9FC0CAA7A62D7F8D020542303FBDA
:10FBC00002F33B62BB6A0833FB61D7F8E030002BDD
:10FBD00040F0C380D7F8D830002B64D1D7F8C800E4
:10FBE000FEF7D2F8D7F8C8309A691968A2EB090273
:10FBF00002F10E0323F00703ADEB030D49440CA8FB
:10FC000007F1300410F07FFC0FCCD7F8C860D7F8AC
:10FC1000E8500FC60FCC0FC694E80F000A95B04C01
:10FC20003D6A2C44FD6A0995D7F8D8500895D7F855
:10FC3000D0500795D7F8CC500695D7F8C850059501
:10FC4000D7F8C450CDE9034586E80F00D7F8C020A7
:10FC50000192D7F8BC200092CDF808B0D7F8B830A0
:10FC6000BA69F8694146FFF7C5FDD7F8DC20D7F837
:10FC7000D0109C4B126833F9113013FB03F3DB13E4
:10FC800032FB03F3D7F8DC200AEB4303943713600D
:10FC9000BD46BDE8F08F0122C7F8D820FDE64FF43D
:10FCA0008043FB6259E7D7F8E8308F4C0A933B6AF0
:10FCB000CDF808B023441C46FB6A0993D7F8D0302E
:10FCC0000793D7F8CC300693D7F8C83005937B6AF2
:10FCD0000493D7F8C030BA69F86903944FF0010C67
:10FCE000CDE900634146D7F8B830CDF820C0FFF722
:10FCF00081FDBC6AD7F8CC20A368D7F8BC0003FB11
:10FD000002F331465A0010F0FEFBD7F8CC30A2685F
:10FD1000796AD7F8C40002FB03F2520010F0F3FB3B
:10FD2000D7F8DC309437C3F800A0BD46BDE8F08FAB
:10FD3000D7F8CC20520001FB02F2A24280F2CB8025
:10FD4000D7F8CC2001FB02F2D7F8D4108A42ACBF1E
:10FD500000220122C7F8D8209FE6F96A0991D7F856
:10FD6000D010D7F8E8300791D7F8CC100A93069155
:10FD70003B6AD7F8C8105A4A0591796A04912A3328
:10FD8000D7F8C010CDF808B013440122CDE90061C6
:10FD900003930892D7F8B830BA69F8694146FFF77B
:10FDA00029FDD7F8D830F860002BA2D1D7F8C800C9
:10FDB0000446FDF7E9FF38600FCC07F1600CACE8B2
:10FDC0000F000FCC3C61D7F8C840ACE80F00A46925
:10FDD0003B69A4EB09050FCBD7F8C840BD6005F11E
:10FDE0000E0E2EF0070E2468ADEB0E0D4C440DF1F7
:10FDF00030097C608CE80F002A462146484610F006
:10FE000082FB07F1300CBCE80F00D7F8C8E03C6A71
:10FE1000FD6AAEE80F00BCE80F00AEE80F009CE8FA
:10FE20000F00A4462E4C0995A444D7F8E8400A9444
:10FE3000D7F8D8400894D7F8D0400794D7F8CC40EA
:10FE40000694D7F8C8400594D7F8C440CDE903C458
:10FE50003C6984E80F00D7F8C0200192D7F8BC2095
:10FE6000D7F8B8300092CDF808B0BA69F8694146C1
:10FE7000FFF7C0FCFB68834219DB7FF4F6AED7F8CE
:10FE8000C800FDF781FFD7F8E420D7F8C03003FBA6
:10FE900002F37A6902FB03F21346D7F8CC20520230
:10FEA000B3FBF2F33A68034493427FF7DEAE07F107
:10FEB000600CBCE80F00D7F8C8500FC5BCE80F00B5
:10FEC0000FC59CE80F0085E80F00BA6878684946BE
:10FED00010F019FB0DE7D7F8E020C7F8D820DCE5D3
:10FEE0001C4E04006C4F0400464E04002DE9F04FF8
:10FEF00083B0914201929B46DDF830804CDA0D9B35
:10FF00000E46074603EB8109D9F80020002A3DDDA3
:10FF1000012303FA02FA0FFA8AFA0AF1FF33009377
:10FF2000002501E0D9F80020B968009B01FB0561BC
:10FF3000C2F10A0038F9114004F500740441544537
:10FF4000A8BF1C4624EAE47421460E98FEF772F816
:10FF5000B968D9F800000F9BA20201FB056102F508
:10FF600000720241A2F500723BF8110092B21044F7
:10FF70002BF81100B96801FB0561013538F8110053
:10FF80009D42A0EB020228F81120CBDB019B013639
:10FF9000B34209F10409B7D103B0BDE8F08F00BF47
:10FFA0002DE9F04F85B001F180440291DDE90E8129
:10FFB000013C9B4601EB84030393DDF844900092DF
:10FFC000002307460193029B009A934247DA139B52
:10FFD0004B4544DCDDE9026A06E0009B0136B34292
:10FFE0003DD0139B99453ADB5AF8042F072AF4DCDD
:10FFF000109B53F82620019B9A42EED10025BA6847
:020000023000CC
:10000000129802FB0561012238F81140E443C4F361
:10001000C0342146FEF70EF8BA68DAF80010139BD8
:1000200002FB0562A4020131A4F500740C413BF807
:100030001210A4B221442BF81210BA6802FB056218
:10004000013538F81210AB42A1EB040409F1FF3975
:1000500028F81240D3DC009B0136B342C1D1019B8A
:1000600013B901230193AEE705B0BDE8F08F00BFDF
:100070002DE9F04F83B04FF00009DDF83080019397
:10008000924600295ADDCDF800A0384ADDF804A0D8
:1000900067254FF0000E01E012F9015F876807FB4A
:1000A00009E75AF82730B3FA83FCCCF11F04A4B255
:1000B000A4F10F0643FA06F606F58046C4F10F0BCD
:1000C000002B50D00F2C9CBF03FA0BF606F5804690
:1000D00036B24FF6872316FB03FB4EF69F334FEAEB
:1000E000EB3B0BF6F11B16FB0BFB03EBEB3B43F679
:1000F000825316FB0BFB03EBEB3B16FB0BF6F613E5
:10010000A6F5D456093ECCF1120C46F30B1606EBBD
:100110008C26B6B2ADB2A6EB851528F817508368C9
:1001200003FB09E30EF1010E38F81340714504F5A5
:10013000006428F81340AFD1DDF800A051450ADA79
:100140000A464FF44844836803FB09230132924571
:1001500028F81340F7D10D9B09F10109994590DB6F
:1001600003B0BDE8F08F48F20106D3E7004E04006B
:100170002DE9F04F97B000AF8346D7F890003B6170
:10018000072820EAE0737B64C5BF083B7B6400233B
:1001900008237B60D7F8A430DBF80840FC62022B10
:1001A00039653A6400F0CA840023C7E90233FB6A68
:1001B0003A6C9B000E3323F00703ADEB030DC7F839
:1001C00014D0ADEB030DC7F818D0ADEB030DEA4624
:1001D000ADEB030DD7F8A430DB00FB643B6D93421D
:1001E000E84680F2C9843B6DD7F88410DBF81840EC
:1001F000C7F854A003F18046A1F1050C013E396C0B
:10020000C7F84880B6005A00351DC81AD7F8A8307C
:10021000BA6345445644D7F8A480D7F84CA0144498
:10022000ACEB030C013803F1030E99462346B4F9F5
:100230000220B3F90030D21A02EB420108FB02F3AC
:1002400001FA09F10CFB03F341F35B0100FB03F33B
:10025000514503FA0EF302FA09F2B8BF51469B1159
:10026000012A00F1FF3046F8041F08BFA3EB0A0380
:10027000411C2B6004F1020405F10405D6D1D7F826
:1002800054A0D7F84880DBF82820396C3A628B00FC
:10029000013A7A630AEB0302BA643A69FB6101F13D
:1002A000FF39D3187B624FEA4903BB62D7F880E07D
:1002B0000123FB637A6BFB6B7D6AB96ABE6C386C99
:1002C0007D651344FA6A5B1000243B6302FB03FC68
:1002D000A14608E0B9F1000F31D1FA6C9342A8BFF2
:1002E000A418013802393B6D834231DADBF818205B
:1002F000DBF82C3002EB010A0344525EBAF902A08B
:100300006344AAEB020AD7F8A42013F8013C02FBCD
:100310000AFAD7F8A82003FB0AF393409B10002B9E
:1003200004DD58F81120134423EAE3737A6D52F880
:1003300004AD7A6556F8042D53449A42CADC5EF83F
:1003400011204FF001099342D4BFE418A418C8E764
:100350007B6CA3423B6BB5BF03F1FF3301337B637F
:10036000FB63FB6B7A6B9342A4DD396D3A6C91426F
:1003700003F1FF3980F20484FD6AB8693E69DBF855
:100380002C20DBF8183001F1804409FB051E013CEC
:100390007D69A400264425440444F86B7C658446AA
:1003A000F86AC7F82CB000FB0C2A9644BA6BC7F861
:1003B00034A003EB020C0846D7F8A8B08A4628E020
:1003C000D7F8803053F82030002A04DD58F8201088
:1003D0000A4422EAE272002B04DD58F820100B4494
:1003E00023EAE37356F8041FB9F1000FC8BF52188F
:1003F0000B449B1A45F8042F7A6D23EAE37342F805
:10040000043F3B6C7A650029C8BF824601308342B5
:1004100020D06246BCF90230B2F900101EF8012B60
:100420005B1AD7F8A41001FB03F3396A0C46F96B89
:1004300003FB02F202FA0BF28C420CF1020C4FEABF
:10044000A202BDDD796B095C03FB01F303FA0BF338
:100450009B10B9E7D7F82CB0C7F830A0BA69FB6990
:10046000D7F880A0C7F810B01146D7F8A420012A09
:10047000D4BF00220122BA61D7F8A820D2003A6284
:100480007A69194402EB03090623FB62C7F824903A
:100490004023D7F850907963FB634FF00008FB6B63
:1004A0007C6ABE6C7D6B396C7C6508EB03004FF099
:1004B000000B4010DC4601394B1C994519DA7A6D66
:1004C00055F804ED52F8043D7A650EFB00FE56F82F
:1004D000042D03EBAE13934251DABBF1000F4ED162
:1004E000FA6C0139934201F10103A8BF9444994584
:1004F000E5DB7B6C6345FB6BB8BF0346FB63FB6AC4
:10050000A8BF8046013BFB62C9D13B6D396CD7F86F
:100510002490D7F810B0FD6A8B4239DA7A69B96C49
:1005200002EB830CD7F88020FB69D418D7F8982009
:10053000AE46D01812E0BEF1000F05D1FE6C324677
:10054000B342B8BF0022134654F8046DB342A8BFAB
:100550003346CC4540F8043D1D4419D07A6B59F818
:1005600004AD52F8043D51F8046D7A6303FB08F3BF
:100570000AEBA313B342DEDB4FF0010EE4E75AF8B7
:1005800021204FF0010B9342D4BF9C44944492E746
:10059000FA699C4BD7F80CA0C7F83CB0161FBA6A92
:1005A00002F102093A6D9B1A7B63D7F898301E441A
:1005B0003B6C7B655DE0BBFBF2F34C4403FB12BB81
:1005C00034F9024CBA6C316852F8040DBA64ACEBE1
:1005D000040CA4EB0E04ABEB04020CFB0314FB6C49
:1005E00003F1080E002AA8BFA4187045B8BF7046D2
:1005F000844229DBD7F8B030002B00F0A08008F14E
:100600000102112A61DD396DD7F8B430023143455A
:10061000D4BF0923072391425DDA03FB0CFCD7F812
:10062000A8300CFA03FC4CF35B0C644503DDD7F8EF
:10063000B83043454FDA01220021D7F8AC00FDF76E
:1006400095FC31680835083C51446D1ABAF1000F29
:1006500003D07B6B13F808A05544FB6CC7F854809B
:100660009C42B8BF00233360A8BFED18A9F102096E
:10067000043E7B6D03F1FF383B6B434570DAFB6B47
:100680009C69BB6B34F909C034F903E07B6CACEBBB
:100690000E02B2F5807FA3EB050B8CD850421040C0
:1006A000B0FA80F0C0F1200022FA00F35649013878
:1006B00051F823302BFA00F0A0FB030102FB11B329
:1006C0009A428CBF0B464B1C77E7396D0231914241
:1006D0004FF00003A1DB01221146D7F8AC00D7F898
:1006E0003CB0FDF743FC5346002B34D0D7F888309C
:1006F000D7F8AC0019687B6D9942A8BF19465A1CFF
:10070000D7F8883019603B6DC91AD21AFDF7BEFCC4
:10071000D7F8883018683B6D83423DDABB68002B00
:100720003ED0D7F8B030002B00F01D82D7F88C30C7
:10073000D7F8AC0019680122FDF718FC34E001215C
:10074000D7F8AC0003F0FCF900283FF47AAF534629
:10075000D7F83CB08BB9D7F888300020186018E083
:100760007B6C7A68D7F83CB013447B645346002B0B
:10077000F1D0D7F8B030002BB8D17B6D3C6DD7F8F5
:10078000AC00591C091B03F011FAD7F8883020443B
:1007900018603B6D8342C1DB7B6CBA6813447B6499
:1007A000D7F88C2000231360DBF81820BB6B32F9DC
:1007B0000940D35E796CE41AB4F5807FA1EB05059E
:1007C00040F29C81B5FBF4F6D7E91410814206FB98
:1007D000145580F2B08101F1804808F1FF38D7F854
:1007E00098104FEA880801EB0804B96B01F102097F
:1007F000D7F89810A1F1040C0CEB800C2146484668
:100800009E4608E0784F040074280400DBF81820A6
:1008100032F900E00230135E51F8042FA3EB0E030F
:1008200006FB03238C450B60F0D17B6DBA6B5E0039
:10083000DBF8180054F8041F30F902C00232835E5E
:10084000A3EB0C03AB42A8BF2B461944B242A5EB65
:1008500003052160ECD1D7F89830396D08F1040414
:100860001A19D7F89C301C44BB694FF0000A0333B7
:10087000C7E911A9D7F8A4A0FB63B86CDBF818503E
:1008800013687E6C35F90080A0F1020E06EB030CB4
:1008900035F90E30A8EB0308D7F8A83008FA03F8AA
:1008A000B8F1010F40F3C380D7F8803053F82130FE
:1008B000ACEB030323EAE373ACEB030CC2F800C018
:1008C000DBF8305035F90E903D6ABAF1020F08FBA3
:1008D0000AF6A94400F0EF806FF0140505FB06FE50
:1008E00006FB09F9F500B8F1020F0EEB690E3D6544
:1008F00000F0DD800CEB0E05B5EB061F4FEA460855
:1009000080F2C4800EEBA90E0CEB0E0505EB8605FC
:1009100025EAE575B6F5807F284640F29C80B5FB58
:10092000F6F5ED082560166805FB0AFCBCEBE60F42
:1009300003DDBD6946FA05F5ED10082DA8BF0825B1
:100940003E6D256006FB05F615687544AE42D7F886
:10095000A060B4BF0025012546F82150266815681F
:1009600006FB0AF6A5EBC6061660002B71D0D4F87C
:1009700000C0FD6B43FA05F6CCF10805B542A8BFEF
:1009800035467E6C05FB0AF8A3EB060E4FEAC80657
:100990009B1B76457B64D7F8A0306544B4BF4FF00D
:1009A000000E4FF0010E256043F821E0BB6C0233CE
:1009B000BB647B6D01318B4202F1040204F104043B
:1009C0007FF45BAFD7F844A03B65D7F89430C3F809
:1009D00000A03B6C19463B6D994223DD03F1804238
:1009E000D7F89830BE691C1F013AD7F89C309200A6
:1009F0009918D7F8A0309818D7F898301A44FB699E
:100A000000251C4452F8043F3341DB1041F8043FF9
:100A100015600B68002BCCBF00230123944240F8E3
:100A2000043FEFD1786D5C37BD46BDE8F08FFB6CBD
:100A3000ACEB030323EAE373ACEB0305156000257D
:100A40002560D7F8A0502E46012546F82150002BEE
:100A50008DD17B64AAE7C6F1000C0CEA060CBCFA47
:100A60008CFCCCF1200C26FA0CF9474D0CF1FF3C24
:100A700055F8298020FA0CFCACFB088906FB190507
:100A8000AE428CBF4D4609F101054AE7B044B5EBD3
:100A9000C80FBCBF0EEBE90E0CEB0E0536E74FEAB4
:100AA00089094FEA690E2025AEF1540E3D653D6D72
:100AB0000EEBA50E1EE7B8F1020FF0D0D7F88C5060
:100AC0002D6885B9D7F888502D688D420BDD013629
:100AD0006FF0140505FB06FE09FB06F9F5000EEBA9
:100AE000690E3D6506E709FB06F96FF014054FEA4C
:100AF000690E05FB06EEF5003D65FBE6614221400F
:100B0000B1FA81F1C1F1200124FA01F61E48013940
:100B100050F8260025FA01F1A1FB000104FB115653
:100B2000B4428CBF0E464E1CD7E91410814206FB1E
:100B30001455FFF650AE4FF0000A46E7396D3B6C96
:100B4000124A5B1A796CD35CFB608B423FF72CAB8B
:100B5000CB1A072B7B64C5BF083B7B6400230823AB
:100B6000BB60FFF724BB0121D7F8AC0002F0E8FF1F
:100B7000D7F88C30186017E65B00BB63FFF783BBC8
:100B80003B6D3B636AE400BF74280400784F0400A7
:100B90002DE9F047164602FB01F252000D4602F124
:100BA0000E0121F0070100AFADEB010D6946F3B96D
:100BB000002E17DD760000EB060980464FEA450A55
:100BC0000B46002D03EB0A0E07DD4446B4F800C0C7
:100BD00023F802CB73453444F8D108F10208C84524
:100BE0007346EED10FF08FFCBD46BDE8F08706F1ED
:100BF0008048A8F10208002E4FEA8808F2DD124B67
:100C0000760000EB060998448646002D11DDD8F8E1
:100C1000003003FB05F305EB030A01EB4A0A01EB85
:100C200043037446B4F800C023F802CB9A45344419
:100C3000F8D10EF1020ECE4508F10408E5D10FF00F
:100C400062FCBD46BDE8F087C04F04002DE9F047C7
:100C5000164602FB01F252000D4602F10E0121F090
:100C6000070100AFADEB010D6946F3B9002E17DDAA
:100C7000760001EB06094FEA450A03468846002D37
:100C800003EB0A0E07DD444633F902CBA4F800C09B
:100C900073453444F8D108F10208C8457346EED1D3
:100CA0000FF031FCBD46BDE8F08706F18048A8F1A1
:100CB0000208002E4FEA8808F2DD124B760001EBA5
:100CC000060998448E46002D11DDD8F8003003FB4C
:100CD00005F305EB030A00EB4A0A00EB43037446F5
:100CE00033F902CBA4F800C09A453444F8D10EF190
:100CF000020ECE4508F10408E5D10FF004FCBD4614
:100D0000BDE8F087C04F04002DE9F843DDE908494C
:100D1000204453F8245053F82000A8420346B8BF9B
:100D20002B46002B0C4690463BDDB3FA83F3C3F110
:100D30001F039BB2A3F10D07002F39DD3D4140FA9F
:100D400007F72DB23FB215FB05F3013317FB07F090
:100D50001844FDF7FFFAB9F1000F00F1010000B2ED
:100D60004FEA85354FEA873695FBF0F596FBF0F6AE
:100D70002DB236B213DD04EB4909A9F10209A11E17
:100D8000A8F1020831F8020F38F8023F15FB00F015
:100D9000494516FB03034FEAA3330B80F2D1BDE8AC
:100DA000F8830D239D4000FA03F72DB23FB2CAE746
:100DB000C3F10D03F6E700BF2DE9F04F12F1000B70
:100DC00083B00446CDE90031D0F800A0D0F81C90E3
:100DD0000E46904618BF4FF0010B002508E06368EF
:100DE00013B14FF480433380AB4546461DDD0125EA
:100DF000236A072BF3DDBAF1000F10D03788FF0B01
:100E0000394601224846FDF715F9236A6268083B16
:100E10002362002AE8D0002FE3D0094BE3E7012149
:100E2000484602F09FFE0746EFE7009A22B1019B79
:100E3000B3F900301B111380012003B0BDE8F08F1F
:100E400000C0FFFFF0B4002B049F29DDB1F9004082
:100E5000844225DC0D46002403E035F9026F86420A
:100E600002DC0134A342F8D1A7420ADA31F9173083
:100E700032F9172013449842A8BF27463846F0BCE1
:100E800070470FDD07F10043013B31F9131032F9D0
:100E90001330CB1A9842D8BF27463846F0BC70476B
:100EA0000024E1E72746E9E7F0B4B0FA80F5A5F1C0
:100EB0001102B1FA81F300FA02F216B2A3F11102A3
:100EC0004FF480474FF2DB50914041F6FC6416FB33
:100ED000007209B211FB007004EBE23204EBE03067
:100EE00092B206FB02F25B1B80B23A44DB0201FBCA
:100EF00000F1C81903EBE233A3EBE030F0BC70471C
:100F00002DE9F04FD0E902958DB004462E460068D9
:100F10000595D9F830500390606A35F9165008905D
:100F20001A98179F1B9ED4F81C80D7F800C005EBB9
:100F3000C000CDE906320D464210169B16B1022BB9
:100F40005FD0169B59004B1EA2F1040E0EFB03CE80
:100F5000BEF1000F1946C0F24581B3F5807FF2461D
:100F600055D9BEFBF3F1ACEB0000A0F11F038B429F
:100F7000D8BFA0F12001032940F317814029A8BF61
:100F8000402101F00702B64BC91033F912A0C1F19C
:100F90000E014AFA01FA0AF1010A2AF0010A002EAA
:100FA0004CD02369059A9A4248DB039E002E40F0FC
:100FB000E4814046FCF7E8FE04903B68102B03DD1B
:100FC000236A102B00F3C0820026636B002B18BF2E
:100FD00000264046FCF7D8FE049A3B68841A1B1B87
:100FE0003B60189A9F48012393401C9A1268013B6A
:100FF00013401C9A4FF0000B1360D84647F6FF7958
:10100000CAE0103A1CEB420A00F19D811699964BFA
:101010004A420A40B2FA82F2C2F1200221FA02FEEA
:10102000013A53F82E302AFA02F2A2FB032301FB05
:1010300013AE8E4534BF1946591C94E7039B002B11
:1010400040F0DA804046FCF79FFEBAF1010F0490B1
:1010500000F00D82002E40F00F82199B012B40F30F
:10106000BC810AF10101404602F0A0FD4FEA803B3D
:10107000BAF5807F40F29C80BBFBFAFA039BD34613
:10108000002B2FD0002E2DD0BAF1000F00F03182AE
:10109000169B002B1ADD079B991E069B981E169B1C
:1010A00045F6822401EB430631F8023F30F8022F67
:1010B00014FB03FC14FB02F30CEB0302A3EB0C0385
:1010C000D213DB138E420A800380EDD14046FCF739
:1010D0005BFE049A3B68841A1B1B3B600EE0002EEB
:1010E00040F058814046FCF74FFE049A3B68841A52
:1010F0001B1B3B60BBF1000F00F00882BBF5804F6B
:1011000000F0A481CBF580434FF480511BB20FFA5D
:101110008BF203FB031302FB02125B1352134FF417
:1011200080470FFA83FC10B24FF68E511CFB017EF4
:1011300042F2550610FB017106EBEE3E06EBE13183
:1011400089B21FFA8EF60CFB06F600FB01F13E4455
:101150003944F613C913A6F5EF56A1F5EF51033E36
:101160000339C3F500481CFB067C10FB0171C2F576
:10117000004908EBEC3809EBE1390FFA88F80FFA6F
:1011800089F940464946FFF78FFE169B013BDB017C
:1011900013FB0070C0130026C5E90069C5E9028091
:1011A000C5E904B40DB0BDE8F08F4FF0010AF6E6D2
:1011B000CAF1000202EA0A02B2FA82F2C2F1200285
:1011C0002AFA02F1284B013A53F821302BFA02F2A5
:1011D000A2FB03230AFB13BBD34534BF9A4603F19A
:1011E000010A4BE7B3F5807FCEF1000E40F2AE80EE
:1011F000BEFBF3F14942B6E6E36A00933246169B22
:10120000DDE9061003F0BCFC83464046FCF7BCFD5C
:10121000BAF1010F04903FF462AF0AFB0BF02EB35A
:10122000236B002B40F0508100F50054A413169B53
:10123000022B40F346810AEBDA704010421C02EBAD
:101240004202A04202EB0003C0F2788104EB4401A9
:10125000CA1C40464FEA843BFCF7FEFD08E700BF8E
:10126000B04F040000C0FFFF74280400A36B00F51A
:101270000054A413002B00F0DD80002C40F3DA8032
:10128000A2454FEA843B40F3D780BAF5807F40F314
:101290008F81BBFBFAF34FF48051C3F580421BB240
:1012A00003FB03135B1312B202FB021219460991EE
:1012B000BDF924004FEA623E0FFA8EFC4FF48042E3
:1012C0004FF68E531CFB032110FB03230A9342F2BB
:1012D000550303EBE1310B910A990A9203EBE133D9
:1012E000BDF82C109BB20CFB01F100FB03F3114481
:1012F0001344C913DB13A1F5EF51A3F5EF530339E1
:10130000033B10FB03231CFB0121099ACEF5004E81
:10131000C2F5004C0EEBE1300CEBE33100B209B248
:10132000FFF7C2FD169B0A9A013BDB0113FB00226B
:101330003B68D2139342C0F237815B4293427BDD1C
:101340000024A34678E01699CAF1000E4A420A40EA
:10135000B2FA82F2C2F1200221FA02FAA14B013A5A
:1013600053F82A302EFA02F2A2FB032301FB13EEFC
:101370008E4534BF1946591C3CE7E36A00930122AD
:10138000169BDDE9061003F0FBFB83464046FCF7A5
:10139000FBFC0490BBF5005F40F3FE80636B002B09
:1013A00040F0FA80169B002B0ADD069B169A023B42
:1013B00003EB420133F8022F524299421A80F9D1CD
:1013C0000126169BD9F808000193059B0093DDE9DF
:1013D0000621089BFFF798FCEFE54FEA6A0404F149
:1013E000010B0BFB0BF319464046099302F064FB1B
:1013F00004FB0BF4B0EB640F099BC0F2B280181A27
:10140000C00007380993FCF75BFF0AF10102C0EB4B
:10141000420044080AF10201121B091B099B02FB4E
:1014200001F1A3EB61010A44404602F073FB4FEA6D
:10143000843B1DE64FEA843B199B012B68DD214666
:101440000AF101024046FCF721FE11E6189A1899AC
:10145000012393401C9A013B12688B4013401C9A55
:1014600000261360B146584647F6FF7894E6002EF2
:101470003FF4AFAD039EA0E5169B022B7FF7F1ADC5
:101480000AEBDA7B4FEA6B0B0BF1010404EB44022D
:1014900002EB0B03194640460A92099302F00CFB3B
:1014A0000A9A099B904269DB801A04445C456BDC14
:1014B00004EB4401CA1C40464FEA843B02F02AFB7D
:1014C000D6E54FEA843BBAE7BBF5005FCCBF47F6F1
:1014D000FF74454C94FBFAF40444A41324EAE47426
:1014E0005445A8BF0AF1FF34002BFFF6A0AE01342B
:1014F0009DE6169BD9F808000193059B0093DDE952
:101500000621089BFFF700FC564662E55E4668E54B
:101510004FEA6A02531CA24203FB03F31CDA0AF1EE
:1015200001020AF10201121B091B02FB01F1A3EBEC
:1015300061010A444046FCF78FFC99E5611E091AD7
:10154000201A1144024484E6039B3BB30222314635
:101550004046FCF70BFD38E5621C04FB02F1491024
:10156000E7E7C00001300993FCF7AAFE0138440800
:10157000621C02FB04F14910099B54E71B4C84FBDD
:101580000014A4EBE07491E7611EA1EB0B01A4EB46
:101590000B0B11445A448EE7002612E70221404605
:1015A00002F0CEFA064610E554464FEA8A3B43E77E
:1015B000CAF1000303EA0A03B3FA83F3C3F1200379
:1015C0002AFA03F1074A581E52F821302BFA00F08C
:1015D000A0FB03010AFB11B3534534BF0B464B1C60
:1015E00059E600BF742804000180FFFF5655555589
:1015F0002DE9F04F97B0D0E9025EDDF888B0AE6813
:10160000AF6D0F930BF1010C06FB0CE6D5F85C9067
:1016100037F916A046690A96C6690B96BBF1FF3FDB
:10162000BDF98C6019F80A80099608910E460446A7
:1016300007681146D14405D019F808200C329A42A7
:10164000C0F29980464603F1FF3B4FF006080022A6
:1016500090190130401019F800A0D345CCBF0246C4
:101660000646B8F10108F3D119F80600A0EB0B000B
:10167000002A43D019F80230ABEB030B5845134650
:101680003EDB19F80330206A0133C01A00282062BB
:1016900015DA002A13DDB8461844013A206232D028
:1016A000AE68EB6DAF6D06FB0CE6134437F91660C0
:1016B0009B5D0133C01A00282062EDDB4746072AF4
:1016C00006DD02F00703D2100833013A03FA02F2F2
:1016D000002F00F0E780099BE56A646802930B9B8A
:1016E0000193209B0093CDE903450A9B089803F0E2
:1016F00059F90546284617B0BDE8F08F984202DA3E
:10170000002E40F066816568002DF3D0209A249D5C
:1017100001239340013B1D402495002D00F0D18012
:10172000219A002A00F0418100291BDD219B089AA3
:10173000DFF8A8E2DFF8A0C2023B03EB4107901EEE
:101740004FF6FC76A26A0EFB02C2A26212F4004FB0
:1017500033F8028F14BF0422324642449F4220F8DD
:10176000022FEFD1DDE90802E36A03F0C3F928464E
:1017700017B0BDE8F08F02297FF764AF209B4F10B0
:101780004FEA4709012B0BF1FF3B06EB090A00F07A
:10179000DC80209B209DCDF810B003F1010824A926
:1017A00000220FAB4FEA6808CDE905210193089AA2
:1017B0000395534610A90097CDF80880FFF7A0FBCA
:1017C000BDF944000C90BDF948000D90DDE91332DD
:1017D00020980E92012815990CDD1046C2F30D02D7
:1017E00042B1B0F5005F40F3D880CBF1040243FA78
:1017F00002F29B1A0F9E226AF31A03EBD3735D1059
:10180000B542A2EB0103A8BF35460A932362219B90
:1018100025EAE575761B002B00F0BC804B440B934A
:10182000209B249AB5424FEA6309099B4FDB0C9930
:1018300013FB01F303F5804343F3CF33CDE90332C8
:10184000219BCDF808B0CDE900833A462B46089994
:101850002046FFF7CDFE236A0A9A0890D31AED1AA4
:10186000182D03DD0E9B0BB1183D2E440D99099BDD
:1018700013FB01F303F58043249A43F3CF33CDE9FF
:1018800002B30B9B42FA08F5CDE900830495334679
:101890003A4651462046FFF7ABFE089D00FA09F094
:1018A000054327E7099B02930B9B0193209B009321
:1018B00008980A9B03F0E0F80546284617B0BDE8F3
:1018C000F08F4A00089829460EF044FE12E70D9961
:1018D00013FB01F303F5804343F3CF3342FA08F2DD
:1018E000CDE903320B9BCDF808B0CDE9008351461A
:1018F00033463A462046FFF77BFE236A0A9AA2EB5C
:10190000030AA6EB0A06182E00FA09F905DD0E9B5C
:10191000B3F5804F1CBF183EAD190C9A099B13FB01
:1019200002F303F5804343F3CF33CDE902B3219BA8
:10193000249E08990496CDE900833A462B4620461A
:10194000FFF756FE49EA0005D4E62499CDF810B019
:1019500020AB01F0010242EA410243F8102F209D22
:10196000009700210FAACDE9051301925346324694
:1019700010A9CDE90255FFF7C3FADDE913320E9243
:10198000BDF944200C92BDF94820DDF880801599FE
:101990000D922FE7219B0B9342E7FA00CBF1050054
:1019A0000241134403EAE37324E700290FDD089A98
:1019B000DFF828C0084F901E00EB4106A26A0CFB1E
:1019C00002721515A26220F8025F8642F6D11D460A
:1019D000C8E63346324654E65FF36E3C0D661900A6
:1019E0002DE9F04F074689B0BC69139E406A002577
:1019F000CDE90634CDE9022104EB430300FA06F2F7
:101A0000009505920193AA46069B002B5BDDDDF84D
:101A10001C904FF00008B9F9000039F902CF009B83
:101A200000FA06F5ACEB0000B0405C1900284FEA64
:101A300084044FEA480E52DD039B1C44002304EB50
:101A4000800022469B4652F8041B8B45B8BF8B464C
:101A50008B42A8BF0B469042F5D15B429B45B8BF75
:101A60009B46BBF1000F3ADD3A6BBBFA8BFB32F9B8
:101A70000E20CBF11F0B1FFA8BFB06EBE202ABF142
:101A80000E0B01320BEB620BBBF1000F0CFA06FCE4
:101A90002EDD002054F8043B0135654543FA0BF375
:101AA00013FB0300F6DBFCF755FC00FA0BF00130EA
:101AB000BB68029A03FB0A8342F82300019B4B4553
:101AC00008F10108A7D1009B059A13440093129BCB
:101AD0000AF1010A9A4597DB09B0BDE8F08FBB68AF
:101AE000029A03FB0A831146012241F82320E5E70D
:101AF000CBF10003002054F8042B0135654502FAB0
:101B000003F212FB0200F6DB0493BBF1000FCAD014
:101B1000FCF720FC049B18410130C9E72DE9F04F88
:101B2000804689B0D8F81840149F406A0694002473
:101B3000CDE90241CDE9042300FB07F307930194AB
:101B4000DDF818B04FF0000A019AD8F8083003FB0E
:101B500002A3059A52F82300002849DDB0FA80F666
:101B6000C6F11F06B6B2A6F10D09B9F1000F46DDA8
:101B700040FA09F000B2C000FCF7A8FCBBF9001065
:101B8000029B3BF902CF07FB01F15C18039B03EBBF
:101B90008405049B00B20E3E03EB440407FB0CFCDF
:101BA000C9F1010E55F8042BB9F1010F42FA06F301
:101BB00001F10101D8BF02FA0EF31BB28C4513FBF1
:101BC00000F34FEAE33324F8023BEBDC129B0AF10B
:101BD000010A9A45B8DB029A0799019B0A440292CE
:101BE000139A013393420193AADB09B0BDE8F08F49
:101BF0000D236FF00C090026984000B2BBE7C6F138
:101C00000D03F9E72DE9F04F8DB08569199E089510
:101C100035F91640059105EB46050E4635F9021CCF
:101C20001B9F0295611A07FB01F10829CDE90A23E0
:101C300040F3F680436A03FB07F34FF0000A099371
:101C4000B31ECDF810A0D646CDF804A0CDF81CA048
:101C50000693199B002B61DD0AF10043013B089EAE
:101C600003934FF0000CB6F9008036F9022FA2EB77
:101C7000080207FB02F2082A4BDD039B07FB08F86A
:101C80000AEB08099844069B914403EB4909059B1C
:101C9000002503EB48082C4629460FFA82FB38F949
:101CA000023F13FB03F3DB1313FB0BF3B3F5006FDE
:101CB00009DAB3F5007F01F1010104DA7F2B04F1A9
:101CC0000104D8BF0135C145E9D18368033B6345B1
:101CD0000BDC0B19B2F5807F4FEA431B40F3818088
:101CE000BBFBF2F8049B43440493B2EB450FD4BF13
:101CF0000123002364009442B4BF1C465C1C4900CD
:101D0000019B9142A8BF013403EB04230EF1010EA5
:101D10000193029BB3420CF1010CA4D1099A079BD9
:101D200092441A9A01339342079392DB189B13B3A0
:101D3000049B73B18168199AC1F1040111441A9A84
:101D400002FB01F1B1F5807F40F28280B3FBF1F13B
:101D50000491169B049A1B681A445310169A136038
:101D6000179A1268022A5FD002B9043B162B61DD74
:101D7000179A02231360BEF5807F4DDCCEF100037D
:101D800003EA0E03B3FA83F3C3F120032EFA03F13F
:101D90003B4A581E52F82130019A22FA00F0A0FB6B
:101DA00003010EFB11239E458CBF0B464B1C0A9969
:101DB0000A6813440B9A5B10C2F1030203EB430061
:101DC00000EBC210423080104F280B602EDDFF2840
:101DD0003ADDB0F5C07FACBF002001200DB0BDE8FA
:101DE000F08FC2F1000808EA0208B8FA88F8C8F1D2
:101DF000200822FA08F9224B08F1FF3853F82990FD
:101E00002BFA08F8A8FB098902FB19B3934234BFE7
:101E1000C84609F1010865E7019BB3FBFEF3C6E77D
:101E200000200DB0BDE8F08F04339FE703200DB014
:101E3000BDE8F08F122B179ACCBF01230023BEF50B
:101E4000807F13609ADDE7E702200DB0BDE8F08FD8
:101E50004B420B40B3FA83F3C3F1200321FA03F49E
:101E600007485A1E50F82430049820FA02F2A2FBC8
:101E7000033401FB140291428CBF2146611C67E7C9
:101E800074280400002A2EDD2DE9F0434FEA420EAB
:101E90004910960000EB0E0C45F6822700291DDD47
:101EA0000EEB0004024600251388B4F8009017FBDF
:101EB00003F317FB09F903EB0908A3EB090308F582
:101EC000804803F5804301354FEAE838DB13A94227
:101ED000A2F80080238032443444E5D102308445A6
:101EE000DCD1BDE8F08370472DE9F04F91B0046874
:101EF0000994DDE91B841A9E0A941D9C0E94B6F584
:101F0000807FBDF978400B940896D0F818B0DDE9D1
:101F10001F549E466BD9B2FBF6F9012A4F4600F0DA
:101F20008780BBF1000FCDF834E0924606910C900B
:101F300040F3108145B1B8F1000F05D04146520081
:101F400028460EF0E0FAA846CDF83C90BE4FC146B8
:101F5000DDF8248000260125B8F1000F6FD105FAC5
:101F600006F24AFA06F148460136B9F1000F01D0EF
:101F7000FFF788FF04F00F022411BA5C3C5DB34503
:101F800042EA8404E8D1C846DDF83C90089B09FA8F
:101F90000BF707F0010943FA0BF5B9F1000F40F018
:101FA0003A81BBF1000F53DA0F964FF00009099EFA
:101FB00013E039462A467F104046B8F1000F01D0A1
:101FC000FFF760FF04FA05F2FB0744EA02044FEA58
:101FD00045053CD419EB0B0F39D509F10109002E49
:101FE000E7D02A4639460698FFF74CFFE1E7089FFD
:101FF0007E423E40B6FA86F6C6F120063B4627FAF8
:1020000006FC924F013E57F82C7022FA06F6A6FB0A
:10201000079ACDE9069A1F4607FB1A29079F1E4615
:102020004E4598BF0137B946012A4F467FF479AF34
:102030000E9B002211B0BDE8F04FFEF7BDBE05FAC1
:1020400006F24AFA06F10698FFF71CFF87E70F9E93
:10205000012D40F39B80089BA3F1010B099BBBFA68
:102060008BFB4FEA5B1B002B40F0AD80B8F1000FFB
:1020700007D05B4605FA06F247FA06F14046FEF73E
:1020800087FD0B9B03930A9B0494CDE90183DDF844
:1020900030800D9B0095524606994046FFF7A8FAFE
:1020A000D8F804300446002B50D05B4605FA06F2FF
:1020B00047FA06F10698FEF7C9FDB9F1000F11D0F5
:1020C000DDF818B04FF000086D107F0024FA05F31A
:1020D00008F101082A46394658461C43FFF7D2FE4C
:1020E000C845F1D19EB1DFF86881DDF818B04FF036
:1020F0000009012707FA09F24AFA09F1584609F1DD
:10210000010918F80440FFF7BDFEB145F2D105FA08
:1021100006F60E9DB5B14FEA8A50FCF71BF9BAF1ED
:10212000000F00B20EDD069B991E01EB4A0AAF1E9E
:1021300031F8023F10FB03F38A454FEAE33327F8F7
:10214000023FF5D10125B540013D2C40204611B09C
:10215000BDE8F08F09F00109002D50D0B8F1000F53
:102160004AD0B9F1000F37D1BBF1000F4AD1089B1B
:10217000012B09DD414628464FEA4A020EF0C3F919
:10218000A8464E46089D66E7089D4E460B9B039366
:102190000A9B0494CDE90183DDF830800D9B009506
:1021A000524606994046FFF723FAD8F80430044611
:1021B000002B82D1204611B0BDE8F08F0026A84642
:1021C000089DB146B3465B4605FA06F247FA06F1AA
:1021D0000698FEF7DDFC49E7089B012B1EDD414612
:1021E000520028460EF08FF9099E002EE6D1A8462F
:1021F000B146089DB3463CE7089D4646CDE62E46CF
:10220000089DCAE64146284652000EF07CF9A846D1
:102210004E46089DC8E64FF0000919E70B9B039353
:102220000A9B0C9D0494CDE90183089B00930699B9
:102230000D9B2846FFF7DCF96B680446002B85D020
:10224000089D002663E700BFA04F04007428040027
:10225000904F04002DE9F04F012B95B000F0B180B4
:102260001F461EAB1446219A53F818AF04921F9ACA
:102270004FF0010BCDE902221EAACDE90072CDE993
:1022800005B30A46234688460EA906460568D0F8D7
:102290001C90FEF735FE0E9B0B93129B0A93BDF923
:1022A0003C300C93022FBDF94030099313991E9BCB
:1022B0004FD0119D326A24985D1B05EBD5756D10CA
:1022C0009D42A8BF1D4625EAE575A3EB0509A2EBD3
:1022D000010B4D45C6F820B07BDB239A0592229A6C
:1022E0000392219A0292209A019247F6FF731F9A55
:1022F0000690009204933A462B4641463046FFF73B
:10230000F3FD336AABEB030BA5EB0B05182D8246EF
:1023100000F33A81099A249B04921F9A43FA02F12E
:10232000219B029300221F9B0093CDE905214B4680
:102330000392019221463A463046FFF7D5FD736875
:102340004AEA000A002B40F08280504615B0BDE8F2
:10235000F08F0A98326A002800F0AA80B0F5804F0A
:1023600000F0708101F1080BA2EB0B0232620A9AB5
:10237000B2F5005FA3F1080340F37081A346CDF8E6
:1023800028800D93002D00F006810A9BBBF80050B9
:1023900058881988BBF8022015FB00F512FB01F2E2
:1023A000AD1AED0F294648460122FBF743FE6D00AA
:1023B000C5F10105C5F100091FFA89F9ADB20D9B00
:1023C0007DE0229BFEF7F8FC8246504615B0BDE842
:1023D000F08F1F9B099A0492219A029218411F9A2A
:1023E0000690002300920593039301933A464B46CF
:1023F00021463046FFF778FD336AABEB030BA9EBC0
:102400000B09B9F1180F824606DD0A9BB3F5804F20
:102410001CBFA9F118094D44DDE923310593229B26
:102420000393219B0293209B019347F6FF721F9B0E
:10243000009306912B46049241463A463046FFF7F8
:1024400053FD73684AEA000A002B3FF47EAF002F69
:1024500040F30181A21E002002EB470C0146A8F1C7
:10246000020532F9023F35F8026F13FB03006245A3
:1024700013FB0611F5D10C9B7A4A31FB03F15B107B
:10248000890013FB03F3184400EB0109914503DDB8
:10249000401A904200F3858041467A0020460EF0B3
:1024A00032F80B9B002B3FF450AF002F5FDC4CE762
:1024B000511A5D463162C3460A944FF6FF7923995B
:1024C000059122990391219902912099019147F652
:1024D000FF721F99CDF818A000910492594602226C
:1024E0003046FFF701FDBBF802300A9A13FB09F9E9
:1024F000A2F80090BBF8003013FB05F55580736817
:102500008246002B3FF421AFB8F80020B8F8023023
:102510000C9911FB02F211FB03F3D213DB13A8F8A1
:102520000020A8F8023023886288099911FB03F380
:1025300011FB02F2DB13D21323806280B8F8002073
:10254000D31AA8F80030238861881A442280B8F88A
:1025500002305A1AA8F80220628813446380736814
:10256000002B3FF4F2AE0B9B002B3FF4EEAE023C8F
:10257000002234F8023F01325B4297422380F8DCAC
:10258000504615B0BDE8F08F0A9B002B3FF4C2AE59
:10259000183DA944BEE64846012101F0E3FA450092
:1025A00006E7B0FA80FCCCF11F0C4FEA6C0BABF1E4
:1025B00007035B001841FBF79BFEB9FA89F5C5F1EB
:1025C0001F056D100646E81F400049FA00F0FBF7B2
:1025D0008FFE002F7FF7B9AE0BF1010C05F1010E54
:1025E0004FF0010BA8F102080BFA0CF908EB4703B6
:1025F0000BFA0EFBA51E0A940C9CCDF824A04FEA02
:1026000069094FEA6B0B9A4638F8023F35F8021F0A
:1026100014FB03F303F58043C3F3CF335A1A0B447F
:1026200016FB02F210FB03F34A445B4442FA0CF23D
:1026300043FA0EF3C245A8F800202B80E4D1DDE96F
:1026400009A490E7511A5D463162A346CDF828806F
:102650004FF6FF7933E7002001460CE7C3460A94A2
:102660008FE600BF247502002DE9F04FADF2EC6D4E
:1026700008AF9946D7F8F4368C69FC66D7F824A7DA
:10268000D7F80447002B00F05885002840F0F98166
:1026900002233B6701233864BB66002C00F00382F1
:1026A000012404FA0AF3A3427B67D4BF4FF0000C65
:1026B0004FF0010C8C68FE6E3B6F36F9125004F13E
:1026C0000044013C05FA0AF536F914E0FD670EFAFC
:1026D0000AF6751B03FB05F84FEA480808F10E08D7
:1026E00028F00708ADEB080D08ABC7F89830530089
:1026F000FB63D7F8983003EB4508FD6EC7F84C80B4
:102700005300EB186400BB64002800F0BC84BB6E6F
:10271000002B00F0B8842C44B4F90240A4EB0E0462
:1027200004FA0AF464000E3424F00705ADEB050D3D
:1027300008ABC7F8883024F00704ADEB040D08ABF4
:10274000ADEB040DBB6308ABADEB040D7B6308ABD5
:10275000ADEB040D3B6308ABFB62D7F82C37C7F831
:102760001801ADEB040D1C68D7F8FC36C7F83C31F6
:1027700008ABBB62D7F82037C7F83431D7F8103729
:10278000C7F82831D7F80837C7F82C31D7F83437CD
:10279000C7F84431D7F83837C7F84C310020BB6E42
:1027A000C7F820114A45C7F81C31C7F850C1C7F80F
:1027B0004041C7F8480180F240847966796F3E6FE6
:1027C000BA65012404FA01F101391546C7F89000F1
:1027D000224430467964D7F8F8167A6200FB02F09A
:1027E0000144AB00C7F88010D7F81417C7F854900D
:1027F0001A1F8A18C7F88420D7F80027F8651A44EA
:1028000009F1FF33C7F88C30BB6CC7F8B430D7F888
:102810002837C7F89C205B1BFA6BC7F8A0302B4603
:10282000911C06FB03F304322E463962FA613B66C3
:10283000D7F81CB75546EBE0D7F8A0100329A8BF7E
:102840000321BBF1000FC0F2ED83B1F5807F40F2B0
:10285000FE83BBFBF1F1D7F89C301B68194488421A
:102860000346A8BF0B4683F30E03C7F8A830BB6E20
:10287000BBB1D7F8B430BA6C33F9023CB2F90020DE
:10288000AB40A3EB0803AA4093420ADB002C40F0C4
:102890000384D7F890301A46002B08BF3246C7F899
:1028A00090207B6ED7F88410DA6851F8043FC7F89F
:1028B0008410B242C7F8303140F3F980D7F8F026DF
:1028C0004A44BA67D7F88C20964200F05F84D7F864
:1028D00090205AB1D7F80827032A40F0F9807A6F80
:1028E000012A00F3F580002BC0F2F280D7F80C37F4
:1028F000002B00F04E81D7F81037B34200F07084FF
:102900007A6CD7F8A8303A654FEA630A13464FF05D
:10291000FF32C7F894200022D7F88C108E4200F0C6
:102920007D840693D7F8883047F6FF71CDE904130C
:10293000D7F8B430F96F33F9023C0192AB405B1A1F
:10294000D7F89810029501EB430303937B6F009334
:10295000B96F5346424607F58C70FFF7C5FAD7F8B2
:1029600094300133814600F07083FB6CD7F89420DB
:1029700003EB4204D7F8B430FA6F33F9023CAB40B2
:102980009B1AFA6C02EB4303396D069147F6FF720E
:10299000D7F888100591CDE902537B6F009304921C
:1029A00001945346D7F8B010424607F58C70FFF7F4
:1029B0009BFAD7F88020D7F8A810FB6DB1EBC80FB1
:1029C000A2EB0303396E03F80190D7F89C1002F8CC
:1029D000010C51F8043BC7F89C104FF00001C7F8F8
:1029E0005011D7F8A4100B44D7F8A01001F1FF3113
:1029F000C7F8A0109B44396F7B6D06F101060A44AD
:102A0000CCBF012400249E42C7F8802000F013832D
:102A1000D7F8B420C7F8246132F9023BC7F8B420D4
:102A2000D7F8F42603FA05F94FEA4909002A00F01D
:102A3000FB804A44C7F8B020D7F8B420D7F8200765
:102A4000B2F90080A8EB0308FBF79EF9BB6DC7F84D
:102A5000A400B3421CBF0346ABEB030BD7F8A42082
:102A6000D7F81837981A431EC7F83831D7F82837DF
:102A7000B34208FA05F83FF7DFAE0023C7F8A830E5
:102A8000F5E6D7F80C37002B40F06783D7F83037DE
:102A9000072B40F3738301233B64BB6602233B6730
:102AA000002C7FF4FDAD0123A4467B6702E6D7F836
:102AB000B010D7F89820D7F8F406BA670C4600286B
:102AC00018BF14460022C7F8B040C7F88820F9E6BE
:102AD000FA6ED7F89010F86F32F91140AC40241A12
:102AE000A4EB080323EAE3744FEA410C00EB040E65
:102AF00002EB0C0000E0194630F9022DAA407245A5
:102B000001F1FF33F7DCFA6EACF1020C9444D7F814
:102B10009020C644501E3CF9022FAA40724500F195
:102B20000100F8DBC7F894403C6FD7F8F826C7F8E7
:102B3000245704FB01F102EB01094FF0000E0A1BC0
:102B40009246F4464A462546A2EB010912F8014C8A
:102B500019F80A90013383424CEA090C4EEA040E3C
:102B60002A44F1DBD7F80C37D7F82457002B60D074
:102B7000D7F81037B34200F03A83D7F8A820C7F847
:102B800050E04FEA620AD7E92512634602EB4102A0
:102B9000C2E6D7F8B030002B00F0DA823B6C002B95
:102BA00000F07D824FF0FF33C7F89430D7F810372C
:102BB000D7F844E0B342F44647DCD7F8942000232A
:102BC000C7F84831531C16BFD7F89830002403EBE0
:102BD0004204D7F88C309E4200F03D83D7F8B430E1
:102BE000FA6F33F9023CAB409B1AD7F8982002EBFE
:102BF00043034CEA0E020692D7F88820B96FCDE95C
:102C000004327B6F0193D7F8A8300093CDE90245D9
:102C10004346D7F8B02007F58C70FFF71BFB002365
:102C20008146C7F80C37C4E6D7F8F426C7F8B020B9
:102C300002E7D7F8B030002B00F038823B6C002B55
:102C4000BBD0D7F81037B342B7DD7B6ED7F8FC2680
:102C50009B68D7F8FC1652F826203344104651F8EA
:102C600023109E4B8A42A8BF084683FB0043A3EB78
:102C7000E07319441A448A421346B8BF0B46013325
:102C8000B3FA83F3C3F11F03A3F10E00002840F34E
:102C90006B82024113B20141BB610BB27B61D7F879
:102CA00020A7D7F82047BAE80F0007F1B809A9E82C
:102CB0000F00BAE80F00A9E80F009AE80F0007F527
:102CC0008C7A89E80F00BAE80F0024683C6107F5A8
:102CD000AA79D7F82047A9E80F00BAE80F00A9E8B9
:102CE0000F00BAE80F00A9E80F006468FC609AE8DA
:102CF0000700D7F820474FEA480AA469BC604EEAAB
:102D00000C0389E80700B96FB86B3B6552460DF0BC
:102D1000FAFB5246D7F8B010786B0DF0F4FBD7F8F9
:102D200094204FF0FF33C7F84831531C16BFD7F833
:102D30009830002303EB4203C7F89430D7F88C3067
:102D40009E4200F0B182D7F8B430FA6F33F9023CFA
:102D5000AB409B1AD7F8982002EB43033A6D0692DA
:102D6000D7F88820BC6F0395CDE90432D7F89430AA
:102D700002937B6F0193D7F8A8300093D7F8B02067
:102D80004346214607F58C70FFF764FAB8F1000F4F
:102D9000386040F31D82BB6B023B03EB0A0CA11EA3
:102DA000002233F8020F31F8024F10FB04229C4539
:102DB000F7D17B6BB96932FB01F24FEA4209D7F8D0
:102DC000B020023B03EB0A04023A4FF0000E33F846
:102DD000021F32F8020F11FB00EE9C42F7D1D7F828
:102DE00020C77B693EFB03FEBCE80F0007F1E80447
:102DF0000FC4BCE80F000FC49CE80F0007F58C7CE3
:102E000084E80F00BCE80F0007F5C8740FC4BCE8E5
:102E10000F000FC4BCE80F000FC49CE8070009EBCB
:102E20004E0384E807005246B96F386B7B600DF0A3
:102E30006AFB5246D7F8B010F86A0DF064FBD7F879
:102E40008C309E420ED0D7F8B430B86A33F9021CE9
:102E5000FB6FA940C91AD7F89830524603EB4101DD
:102E60000DF051FBBB683969FA681944D31A1A4648
:102E700007F5E67007F1B804B9603B610DF043FB5C
:102E80000FCCD7F820C7ACE80F000FCCACE80F0090
:102E900094E80F0007F5AA748CE80F000FCC07F533
:102EA0008C7CACE80F000FCCACE80F000FCCACE88A
:102EB0000F0094E807008CE807005246B96BB86F22
:102EC0000DF021FB5246796BD7F8B0000DF01BFBDB
:102ED0007B6AB34200F0648102E000BF565555554D
:102EE0000123C7F84831D7F88C309E4200F0DE81CC
:102EF000D7F8B430FA6F33F9023CAB409B1AD7F8DD
:102F0000982002EB43033A6D0692D7F88820BC6FF5
:102F10000395CDE90432D7F8943002937B6F019387
:102F2000D7F8A8300093D7F8B0204346214607F5DC
:102F30008C70FFF78FF9B8F1000F814640F367817D
:102F4000BB6B023B03EB0A0CA11E002233F8020FFD
:102F500031F8024F10FB04229C45F7D17B6BB96915
:102F600032FB01F24FEA420ED7F8B020023B911E2D
:102F700003EB0A0C002233F8020F31F8024F10FB6A
:102F800004229C45F7D17B6932FB03F27B680EEB90
:102F9000420E7345C0F2B58007F1E8040FCCD7F8B4
:102FA00020C7ACE80F000FCCACE80F0094E80F008E
:102FB00007F5C8748CE80F000FCC07F58C7CACE8E3
:102FC0000F000FCCACE80F000FCCACE80F0094E87A
:102FD00007008CE807005246396BB86F0DF093FA82
:102FE0005246F96AD7F8B0000DF08DFAD7F88C3058
:102FF0009E420ED0D7F8B430B96A33F9020CFB6F99
:10300000A840C01AD7F89830524603EB40000DF0A4
:103010007AFA3A69B86807F5E6710DF074FAD7F8EC
:1030200000906EE0B1F5807FCBF1000C6ED9BCFB57
:10303000F1F149420FE4D7F84041D7F82C3707F2B5
:10304000CC671C60BD46BDE8F08F002492E44B4283
:103050000B40B3FA83F3C3F1200321FA03FC5A1E99
:10306000974B53F82C302BFA02F2A2FB0323C7E94B
:103070002A2301FB13B2D7F8AC308A4228BF0133B0
:103080001946FFF7E8BBD7F8F03603EB4603C7F85D
:1030900088300E24FFF74FBBC7F8906001E4D7F8E3
:1030A00044E03C6CC7F84841F44692E5D7E9252353
:1030B00003EB4204D7F88C309E4200F0F380D7F83F
:1030C000B430FA6F33F9023CAB409B1AD7F8982022
:1030D00002EB43034EEA0C0147F6FF720691CDE97D
:1030E0000253D7F888107B6F0591009304920194E6
:1030F000B96FD7F8A830424607F58C70FEF7F4FE9A
:10310000814600234846C7F80C3752E44B420B4037
:10311000B3FA83F3C3F1200321FA03FE684A013BAB
:1031200052F82E202CFA03F3A3FB022301FB13CC4D
:103130008C4534BF1946591C7BE7B0FA80F35B0914
:10314000BB6601233B67D7F8F4363B64FFF7A5BAAB
:10315000D7F844E01C46F446ACE700233B64BB666A
:1031600002233B67FFF799BAC3F10E039A4001FAB5
:1031700003F312B21BB2BA617B6190E5D7F80C374A
:103180003B64BB6602233B67FFF787BA3A6C002AB1
:10319000D7F8882008BF0022C7F88820FFF797BB20
:1031A0007B6EF8699A693B6AD7F89840D15EFB6BF1
:1031B000D35E125ECB1AAB40521AAA405800D31A03
:1031C000821A04EB420120445A000DF09CF987E674
:1031D0000022BB6932FB03F996464FEA4909FEE536
:1031E000D7F844C04FF0FF33E646C7F89430BB6EC3
:1031F000002B32D1D7F8B030002B7FF41FADD7F8B9
:10320000943001337FF452AFD7F8B04052E7002238
:10321000BB6932FB03FE4FEA4E0EB4E60693D7F8C5
:1032200088300593002347F6FF70CDE902537B6F8A
:103230000192009304905346B96F424607F58C7093
:10324000FEF752FED7F894300133814630D1002486
:103250002346FFF799BB0023CBE4D7F8B420F96FDE
:1032600032F9023CAB405B1A002BC3DDD7F8983033
:10327000D7F89440981EFB6C0021A3F102099246F6
:1032800039F9022F30F9023F13445B1003803AF9F9
:10329000023CFA6FAB4001319B1A8B42F0DCC7F85D
:1032A0009440A7E7002315E7002357E500232AE60B
:1032B000FB6CD7F8942003EB42040023FFF764BBB8
:1032C00074280400B0F57A5F19D008DCB0F5FA5F15
:1032D00013D042F6E06398420BD10420704745F6C4
:1032E000C053984207D04BF68033984201D1012059
:1032F0007047002070470220704706207047032067
:10330000704700BF2DE9F04F93B0DDE921A6BDF96C
:1033100074401C9DBDF9787011950997DDE91F5B1C
:103320000A969146CDE90B1054B94FB9814200F08D
:10333000A781119DAA0013B0BDE8F04F0DF0F0B8C1
:103340000F2BB8BF0F23DFF864C3019305EB4507CC
:103350007F00C3EB83784FEA88020CEB070EA2F1E3
:1033600008063CF8078014FB08F80BEB4B0008F547
:10337000804840000F96BEF8027014FB07F748F330
:10338000CF3607F580470CEB0001131DBEF804E0B3
:10339000059614FB0EFE47F3CF360EF5804E0D93C7
:1033A0001092131F3CF800C0099A069612FB0CFC01
:1033B0004EF3CF360CF5804C4888079612FB00F090
:1033C0004CF3CF3600F580408988009612FB01F15E
:1033D00040F3CF3601F580410B9F039641F3CF3682
:1033E0000D990E9357F801800E99109857F801E047
:1033F0000F99049613464A460F2AB8BF0F229C42E3
:10340000795857F8009000F03E810A9B002B40F35A
:1034100045810B9BC2EB827203EB82070A9AAAF1E9
:10342000020C0CEB420208920D9A9A18043B01938D
:103430000C9B0292A3F1040A02E0CE46C1468046EC
:1034400001983CF9023F50F8046F13FB03F3DB13C0
:103450003D68019057F8042F059CC3F5FF407F306D
:1034600000B210FB04F4E41335FB04F4069D10FBDA
:1034700005FB57F8085C06EB44042A444FEAEB3B93
:1034800057F80C5C32FB0BF204EB42027C68079E9F
:1034900010FB06F02544C01335FB00F402EB440496
:1034A000029A52F8040F02921BB2009A13FB02F622
:1034B000F61339FB06F604EB4604039A13FB02F2FB
:1034C00008EB0E06D21336FB02F604EB4606014467
:1034D000049A13FB02F3DB1331FB03F306EB430601
:1034E000704B9E42B8BF1E466F4B9E42A8BF1E4601
:1034F000089B4AF8046F634571469ED1DDF828B0F9
:10350000099B93B90B9B0C9CA34200F0B9800A99CC
:10351000119A88000344521A044492001946204626
:1035200013B0BDE8F04F0CF0FBBF0B9B0E9A0C9E46
:103530004FEA8B0C63441D46119BAC580D9AA3EBCC
:103540000B0BA9580F9B109AEB58A858ABF1040B22
:103550006644BBF1000FB4464FEA43034FEA44040C
:103560004FEA41014FEA400005EB020640F3888034
:103570004FF0000ADFF82CE1DFF82C81DDF8109025
:10358000CDF808A00195DDF80CA0CDF80CB0B76817
:10359000019D7F002A68009D30FB052204EB010B92
:1035A0003B443BFB0A2233FB09227245B8BF7246FB
:1035B0004245A8BF4246CCF80020F368019A5B0060
:1035C000526831FB052200EB070B1C443BFB0A222F
:1035D00034FB09227245B8BF72464245A8BF424635
:1035E000CCF804203469019D6400AA68009D37FB73
:1035F000052203EB010B20443BFB0A2230FB09228E
:103600007245B8BF72464245A8BF4246CCF8082072
:103610007069019A4000D26833FB052207EB040B66
:1036200001443BFB0A2231FB09217145B8BF7146B9
:103630004145A8BF4146CCF80C10B169019D490035
:103640002A69009D34FB05220F4403EB000B3BFB72
:103650000A2237FB09227245B8BF72464245A8BF0D
:103660004246CCF81020019A029D14320192039A2E
:1036700005359542029506F114060CF1140C86DB13
:1036800013B0BDE8F08F019B9A427FF4BEAE5D455A
:103690007FF4BBAE00230A939B4631E74FF0000B4B
:1036A0002EE700BF005D1EEE00A3E11138500400BC
:1036B000F0B58568002D21DD03EB420C04390CF1D7
:1036C000FF3C02270026046ED0F818E005FB0C45ED
:1036D0003EF90740AD5D3EF916E04035A4EB0E041F
:1036E00003FB05F5944004FB05F4A41041F8044FD6
:1036F00085680136B54207F10207E4DCF0BD00BF82
:103700002DE9F04F9FB00C460491039205901546A9
:1037100006A892000021D4F800900CF01BFF23684B
:10372000002B61D0002D62DD04F104084FF0000A87
:103730004746504606AC3A46494652F8043B00EB31
:10374000E300C0001746FAF7FFFE0AF1010AA64699
:103750004042C3105FEA6A0B4EF8043B1FD0CDE92C
:10376000019806ABA4F1040C03EB8B0B1946DCF8B3
:1037700000300A6883FB0045E60F82FB008946EAB9
:1037800045064446324441F8042BE40F44EA490418
:1037900023448B454CF80439E9D1DDE9019880FBDD
:1037A0000001C20F42EA410289FB0234DA0F049B96
:1037B00042EA44021B68A9EB0209B9EBA32F19DB0B
:1037C000039B534516D0394606AC002054F8042B11
:1037D00051F8043D82FB0356EA0F42EA460288454F
:1037E0001044F3D17446A6E7039B002B02DC1FB004
:1037F000BDE8F08F059B039C06AA981E002152F895
:10380000043B013103F500431B148C4220F8023FB6
:10381000F5DC1FB0BDE8F08F2DE9F04F85B002AFA9
:1038200080467D6B79606C0004F10E0626F0070679
:10383000396BADEB060D02AEA5EB010B5BB3002DB2
:1038400009DD811E01EB040EB01E31F802CF20F815
:1038500002CF7145F9D1002B1CDDA8F10200A2F1C5
:10386000020C00EB430AA044A6F1020906EB040E89
:1038700030F8022F3CF9021F38F8023D12FB01F22A
:1038800013FB01F3D213DB13504529F8022F2EF856
:10389000023DEDD1B046E90115F0010001F1010151
:1038A00005D0B8F9003013FB03F301EB6321A84204
:1038B0001CDA05F1FF3CACEB000C2CF0010C0CEB1E
:1038C000000308F1040C08EB40000CEB430CB0F9CA
:1038D0000020B0F9023012FB02F2043001EB622248
:1038E000604513FB03F302EB6321F0D1B1FA81F1E0
:1038F000C1F10B0000EBD0704FEA60093B6BB9F1EE
:10390000000F03F1010C40F39680002D11DD012022
:1039100000FA09F0A11E41444010A8F10208B21EAD
:1039200038F9023F034443FA09F3414522F8023FC4
:10393000F6D1BB6B7A68CDE900C331465B463046B1
:10394000D6F746FB3B6B002B4FEA4900C0F2828062
:103950000BF1004A7B683860A4F1020E0AF1FF3ACD
:10396000386BD846B64406EB4A0AA3F1040B4FF075
:10397000000945453ADDA8EB090206EB4202534631
:10398000002133F8024F32F902CB14FB0C119E4593
:10399000F7D15BF8043F09F101091944484508F1E2
:1039A00001080AF1020ACBF80010E2DAD7E90003B5
:1039B0001B6800283AD0B3F1805F19DA3A6BB3FA8A
:1039C00083F1002AA1F103010BDB7A683D6B141D22
:1039D00004EB850400E013688B4042F8043BA242EC
:1039E000F9D1401A0C37BD46BDE8F08F0021D0E771
:1039F000B3F1005FF6DB3A6BB3F1804FB4BF012443
:103A00000224002A0BDB7A683D6B111D01EB850156
:103A100000E01368234142F8043B9142F9D120446D
:103A20000C37BD46BDE8F08F7B681B687A680133B0
:103A300013600020BFE7BB6B7A68CDE900C3414645
:103A40005B464046D6F7C4FA3B6B002BECDB4646A0
:103A500000207DE77B681B68ADE700BFC169B1F559
:103A6000000F28D8F0B445694668036A826A0835B1
:103A700000E0224684694561B44204F1010738BF81
:103A800087614FEA012138BF0768C16134BF3C5DDF
:103A9000002444EA02226FEA62021B0253FA82F314
:103AA00023F00043B1F5000F0362846205F10805BD
:103AB000DFD9F0BC7047704770B4B1F5807FC4693E
:103AC00022D84A420A40B2FA82F2C2F1200221FA16
:103AD00002F50F4B013A53F8253024FA02F2A2FB0B
:103AE000035601FB164291428CBF3246721C4C1E9B
:103AF000036A4262B3FBF2F3E41A01338B4294BFD0
:103B00002046002070BC7047B4FBF1F2EFE700BF25
:103B10007428040030B4D0E908549B1A04FB03F362
:103B2000ED1A056229B9C469E41AC46130BCFFF713
:103B300095BF521A04FB02F4C46130BCFFF78EBF7C
:103B400010B5D0E9072322FA01F18B4234BF0124DA
:103B5000002402D35B1A0362511AC161FFF77EFF92
:103B6000204610BDF0B4D0E903738B4202460ED25A
:103B700046689468651CB442A6EB050004D214683C
:103B80009560245C9C4027430833182BF1DD546971
:103B90005B1A0C444FF0FF30C2E90434884027FA26
:103BA00001F1D16027EA0000F0BC70472DE9F04137
:103BB0004E1EB6FA86F4C4F12003082B074619DD21
:103BC000C4F1180526FA05F808F101084146FFF787
:103BD00073FF4346421C014604463846FFF79AFFEE
:103BE0002946FFF7BFFFAC400443A6420ED3204650
:103BF000BDE8F081FFF760FF04460B463846621CC3
:103C00002146FFF787FF2046BDE8F08101233446B7
:103C1000FB622046BDE8F0812DE9F04FC268ABB0F1
:103C2000012322EAE2722091219216902293024609
:103C3000194623AC002600E00646B2F91030B2F96E
:103C4000125003FB01F1012D44F8041B02F10402A0
:103C500006F10100F0D1169A129602EB800002EBF9
:103C600086021492B0F90E201192129A023B002A99
:103C700000F09580149AB2F90E201792032B00F2EF
:103C8000FF81DFE813F00400E80202029700179BAF
:103C90001193129B22AA52F823C0BCF1000F6EDDD3
:103CA000209B0027403345F6822653E902E153F872
:103CB000245C53F8184C53F8142C01EB0E004042CE
:103CC000A1EB0E0130FB06F053F828EC31FB06F1B6
:103CD0004000A5EB00084900284443F8240C53F8A1
:103CE000385C43F8048CAEEB0100714443F8281CA7
:103CF00053F834EC43F8080CA11831FB06F14900E5
:103D000053F81C0C53F8208C121B6C1A32FB06F271
:103D10002944520053F83C5C43F8381CAEEB0201D6
:103D2000724443F8184C43F8342C53F8404C53F881
:103D300010EC43F8141C2A1A53F82C1C43F81C2CC2
:103D4000284453F8302C53F80C5C43F83C0C0137F2
:103D5000A4EB0800444443F8200C43F8404C501BAB
:103D60000EEB01042A44A1EB0E01BC4543F82C1CC8
:103D700043E9040443F8302C03F1400395D1129B2E
:103D8000149A013B1293043A0133149200F0078312
:103D9000B2F91030129A023B002A7FF46BAF032B6A
:103DA00000F2FD82DFE813F0460355026F010400C4
:103DB00001231793169B21995B6B1D9322AA129BDB
:103DC00052F8232018921346002A03FA01F340F315
:103DD000578103EB43029200119D1092179A209C89
:103DE000E800D20005EB4501C0EBC10119929A0031
:103DF00004441A910F92C0EB4511DA001B01139491
:103E00001C91C0EB0514C0F108010D9300231E9016
:103E10001B941F910E921593139B1B9A01931A44A6
:103E200002921A9A1A4403921C9A1A440492119A02
:103E3000002A40F31A811F9A11461D9A089201EB3D
:103E4000030A1E990792CDE905220B440C93D34631
:103E50000799029A0C46D2E90001246831FB04FA62
:103E600030FB04F331FB14F230FB14AA0398069CD8
:103E70000546D5E90001256831FB05FE30FB05F854
:103E800031FB15F430FB15EE089DA8EB0408019CEE
:103E90009B1A27462E46D7E90045316835FB01F2CB
:103EA00034FB01F935FB11F034FB1122049D059E12
:103EB0004FEA48085B00A9EB0009AC4649F67200DE
:103EC000DCE90045D6F800C035FB0CF734FB0CF6F6
:103ED00035FB1CF134FB1C77711A03EB08047D00E1
:103EE0004FEA49098446490034FB0CF642F28E77CA
:103EF00076000B943846A3EB080334FB00F409EB7F
:103F0000010838FB00F006EB40065BF8080C4FEAAE
:103F10004E0E30184FEA4A0A0B9E09900AEB0E0724
:103F2000A9EB0101AAEB0E0A52004BF2C34E3AFB79
:103F30000EFE4FEA4E0E0A9148F2446C5119521B84
:103F400032FB0CF94BF2C34C0EEB490E32FB0CF278
:103F500048F24469B44649F67200C44437FB00F5A0
:103F600038FB00F848463AFB00FA5BF8080C84443A
:103F70000998640004EB4804A0EB0E004BF2C34820
:103F800033FB08F833FB09F342F28E794E460B906F
:103F900037FB09F95BF8080C6D0052004FEA48083E
:103FA0004FEA4909C2EB4A020F4431FB06FA0A9E66
:103FB00005EB4A0549F6720A31FB0AF148F2446AF8
:103FC00009EB410936FB0AF108EB41085BF8041CD8
:103FD00004445BF8040C8944099907444BE902C77F
:103FE0007144019F05445B004BF2C34A36FB0AF063
:103FF0000E460B993960C3EB4000394605EB0803C8
:104000007B6001F1080C079B0E99CDF804C059188C
:104010000791069B10990B4406930F99089B0B443C
:1040200008930D99059B0B4404990593A5EB08058E
:10403000029B4D60A7180E60A21A01F1080509EB5A
:10404000000403990495C3E900740833A9EB000048
:10405000029301F108030A604860039301990C9BE5
:1040600099420BF1080B7FF4F3AE139A1999159B43
:104070000A441392189A01339A4215937FF4CCAEF6
:10408000179B11937BE601231793129B22AA52F8E8
:1040900023301593119B012B00F08481159B1199FE
:1040A000002B01EB4102EBDD21988340D40003EBB0
:1040B0004302920008460D92C9009A00DB000C935F
:1040C000631A0F93A1F10803000119930B1F1A93B0
:1040D000431A0E93179B0A94DB001893209B0591BB
:1040E00008331093002306900B921393169B596B81
:1040F000119B0191002B40F39E80199B1A9A184640
:10410000109B02EB030E059ACDE902111A4400EB55
:10411000030809929B46F1460E9B1A46029B02EB4E
:1041200008001946D0E90023086833FB00F732FB8A
:1041300000F633FB10F132FB10775BF8082C049289
:104140000198D8E90045036835FB03F034FB03FC14
:1041500035FB13F234FB13000F9C731A2646039CA5
:10416000ACEB02024644A446D6E90045DCF800E088
:1041700035FB0EF634FB0EF135FB1EFC34FB1E66E0
:10418000A1EB0C045200640002EB040E0792059AA6
:104190005BF8041C049D7F00A8EB020C62465B00E8
:1041A00007EB010C4BF804CC5D1994460892069A73
:1041B0004BF8085CA5EB0E054CF80250059A5BF82D
:1041C000045CA9EB020A049A7600400000EB060C9E
:1041D000D31A069AA5EB0C054AF80250C91B5BE9F5
:1041E0000275079A801B121B654477444BE90275E0
:1041F0000C9E039C1D18181A8B1A0A4402998E19DA
:10420000029601990B9E314401910D996118039119
:1042100049F8045C0A99C8F80430089B5850099B77
:104220004AF801200BF1080B5B4509F1080908F178
:1042300008087FF471AF109A1899139B0A441092E2
:10424000159A01339A4213937FF450AF179B119341
:1042500095E501231793129B219922AA52F8232056
:1042600009921346002A03FA01F37FF709AF119967
:10427000CA0008012099039211440791C2F1080174
:10428000821A0B929A00DB000693179B0490DB00C6
:104290000A9300230C9105920893169B079CD3F870
:1042A00034B00C9B1A460B9B1D19119BCDE901B331
:1042B00002EB040CDE4604F10408019BD4E9000182
:1042C0001E6831FB06F230FB06F931FB16F330FBBA
:1042D0001622D5E90001DEF800B031FB0BF630FB09
:1042E0000BF731FB1BFA30FB1B66A9EB0303A7EBB3
:1042F0000A075CF8081C5B007F0003EB0709A1EBD1
:10430000690148F8041C52004FEA460A5CF8046C44
:1043100002EB0A0BA6EB6B0666605CE902014844FF
:1043200059444CE90201A2EB0A06039A58F8041C0E
:10433000A01A49F22619049A36FB09F67600314490
:1043400081506168DB1B33FB09F35B00C91A6960AC
:1043500058F8041C891B48F8041C626805991A4423
:10436000019B62600B440193069B9E44029B013BB0
:104370000CF1080C05F1080508F1080804F108041F
:1043800002939AD1079A0A99089B0A440792099ABC
:1043900001339A42089380D1179B1193EFE42BB01D
:1043A000BDE8F08F159D002D7FF76AAE209B4FF082
:1043B000000E203353F8106C53F8189C53F8201C4F
:1043C00053F8080C53F8144C53F8048C53F80C7C35
:1043D00053F81C2CA1EB060C314409EB0006A9EBA9
:1043E0000000A1EB06093144A4EB080643F8201CA9
:1043F00004EB08010CEB060443F8184C0EF1010E17
:10440000D419D21BACEB0606671A75452144A2EB02
:104410000004024443F8109C43E9037643F81C1C53
:1044200043F8144C43F8042C03F12003C2D1179B2A
:104430001193A4E4012311932BE400BFF0B50E689F
:10444000B6B3C2F5FF456035C3F58044F70F05FBF1
:1044500004F4C7F1000CF51BE40B85EA0C053AD017
:10446000012D2CDD4FF0010E01E0754527D06400D1
:10447000A61C03FB04F4E40B0EF1010E3244F4D14C
:10448000C2F500433B445B10A5EB0E05013B9D428A
:10449000A8BF1D46C7EB4506013675441644C6F550
:1044A0000042EF1B87EA0C07012A0F6028BF012298
:1044B000324431460F23BDE8F040F9F721BD013405
:1044C0007E1E264016442246324431460F23BDE864
:1044D000F040F9F715BD4FF0010ED1E72DE9F0439B
:1044E000BDF91C50891A6E42002936B221DD00EB5D
:1044F000420E00EB4108AEF1020EA8F10208A0F155
:10450000020C3CF9029F3EF9024F13FB04F715FB26
:10451000097713FB09F907F5804716FB049404F5A6
:104520008044FF13E413C445AEF80070ACF80040BB
:10453000E7D1891A01F10044013C002900EB440055
:104540001DDD490000EB4202C1F102070744941C43
:10455000023030F9021D34F9022D13FB01FC13FB6C
:1045600002FE16FB02C215FB01E102F5804201F5D5
:104570008041C913D213B84221800280E9D1BDE83D
:10458000F08300BF2DE9F041B3FA83F5C5F11F05B3
:104590006D10072D174606460C46A5F10702BDF91A
:1045A00018801EDD520043FA02F0F9F7A1FE10FB5D
:1045B00008F20135012302F58042AB40301FA11EF5
:1045C00042F3CF325E10002450F8043F12FB03F395
:1045D000013433442B41BC4221F8023FF4DBBDE8F7
:1045E000F081C2EBC272520003FA02F0DDE700BFB5
:1045F0002DE9F04F87B0494F119C109E013C0D46AC
:1046000057F82410044601FB065093469846F9F7E4
:104610005DFF47F6FF7717FB05F383FB0001C30F30
:1046200043EA410313FB03F31E143046F9F7D0FEAF
:104630008146B81BF9F7CCFEB5EBC80F04906ADBD6
:104640004FEAA801012600E01646721C02FB06F3A1
:1046500008FB03139D42F7DCB8F5807F42D9B5FB18
:10466000F8F5B8F1000F33DD049B03965B421BB2F3
:1046700005934FEA450A00270DE0039B5BBB049BB3
:10468000009301224B4629462046FFF727FF0137BA
:10469000B84554441CD0BBF1000F20464B464FF0A8
:1046A00001022946E9DB059E0096FFF717FF039BF1
:1046B000002BECD0C9F100031BB200932046DDE9CA
:1046C000032329460137FFF709FFB8455444E2D1D7
:1046D00007B0BDE8F08FCDF80090DDE90323FFF7C8
:1046E000FDFECCE7C8F1000202EA0802B2FA82F24B
:1046F000C2F1200228FA02F1094B013A53F82130A5
:1047000025FA02F2A2FB032308FB1355A8458CBF30
:104710001D465D1CA5E700269EE700BF6C50040007
:1047200074280400B2F5807FF0B51CD9B1FBF2F615
:104730000027A0F1040C4FEA860E384600210B46F4
:10474000644654F8045F01339E4241EA0501F8DCF7
:10475000003118BF0121B9400137BA4240EA0100D7
:10476000F444EBDCF0BD53421340B3FA83F3C3F1DE
:10477000200322FA03F6074D5C1E55F8263021FA75
:1047800004F4A4FB034502FB1516B2428CBF2E466F
:104790006E1CCDE7742804002DE9F04F5C009B46A9
:1047A0000E349B0089B024F007040E3323F0070376
:1047B00000AFADEB040D6C46ADEB030DADF10403A2
:1047C000A4F10209A1F1040879613C610021841E71
:1047D000F860FA613B609C464E46224645460846D4
:1047E00032F9023F26F8020F83EAE37E0131AEEB95
:1047F000E37E8B454FEAD373A2F800E04CF8043F08
:1048000045F8040FECDCFB69B3EB6B0F4FF00000D5
:1048100040F39B800346224632F9021F01339B4539
:104820000844F9DCFB6983420CDBFA684FF48043EF
:1048300013800021012301339B4522F8021FFADC7B
:104840004FF48040F9F742FEFA6930FB02F600208F
:1048500036B28246014634F8025F15FB06F5EB13CB
:1048600048F8043F01314FEA430C8B45A2EB0302A9
:10487000258829F802CF1BB215FB03AA13FB0303FB
:1048800018B2E8DC0BF10303934264DB002A40F327
:104890008680FB69C7F808B09B1A01321A440133BD
:1048A0007A60FB61FE683D69FB69B5F80090441CC5
:1048B000B6F900004FF0000BA4B2B3FA83F85044ED
:1048C000C8F12008A144C7F818B0D7F808B040FADA
:1048D00008F00FFA89F910FB00F0012140F3CF3006
:1048E00036F9023F35F8022F5344224443FA08F3C5
:1048F00012B213FB03F312FB00FE43F3CF3319FB99
:1049000003FCE64547DB01318B45E9DCD7F818B0FD
:104910003E697B6936F81B1053F82B30FA68FD6945
:1049200032F91B200C44023126F81B10796901333F
:1049300041F82B307B680135AB42FD6120B29244D7
:10494000B0D1D7F808B00C6812E0FA690BF1030394
:10495000934282469ADA79693B690C681B88144451
:104960000C6012B212FB020000B212FB030210B282
:1049700079693E68002500E00C6856F8042F534220
:10498000634001351344AB4541F8043BF4DC243764
:10499000BD46BDE8F08F18469146B961B3E77B6923
:1049A0001C68E5E72DE9F04F8D0085B01A3525F03C
:1049B000070502AFB1EB420FADEB050D0C461646F5
:1049C000D7F83080B7F938B002AD824601DD99469C
:1049D00043BB3B6C009329462346FFF7DDFE7B6B10
:1049E000814632462146284600F074F9FB6B83B9B4
:1049F000B8F1010F08DD424621462846FFF792FE36
:104A00000C37BD46BDE8F08F01200C37BD46BDE830
:104A1000F08FCDF800B04B46514622462846FFF7AE
:104A2000B1FDE5E7CDE9002343460122FFF7E0FDB4
:104A30003B6C00933246234629465046FFF7ACFEB6
:104A40007B6B786032462146284600F043F9FB6BC9
:104A5000002BCDD07B68CDF800B0224651462846C9
:104A6000FFF790FDCDE90069504643464FF0FF3215
:104A70002146FFF7BDFDBBE72DE9F04F8C000E345A
:104A800083B024F0070402AFADEB040D02AC804606
:104A90009B462046D7E90A630D469146B7F930A0F8
:104AA00000F07EF9CDF800A003462A462046414694
:104AB000FFF768FDB5EB490F02DDBBF1000F0FD129
:104AC000012E08DD324629462046FFF72BFE04372B
:104AD000BD46BDE8F08F01200437BD46BDE8F08F2C
:104AE000CDE9009B404633464FF0FF322946FFF7A1
:104AF0007FFDE5E70029F8B53CDD4E001746821939
:104B00000446831E023A002033F9025F15FB0500BC
:104B10009A42F9D10130B0FA80F2C2F11F02551069
:104B2000072DA5F1070318DD5B001841F9F7E0FB3D
:104B300010FB07F000F5804040F3CF306A1C0125E0
:104B4000954026446D10238810FB03F32B4413413A
:104B500024F8023BB442F6D1F8BDC3EBC3735B004B
:104B60009840F9F7C5FB10FB07F000F5804040F3D3
:104B7000CF30E3E74FF48040F9F7BAFBF8BD00BF50
:104B80002DE9F041002A53D1002B40F39E805B00B9
:104B9000C518023D023830F9024F14FB0422854249
:104BA000F9D10239CC18501C002331F9025F15FBF2
:104BB0000533A142F9D103F10108F9F7CBFB04B2A7
:104BC0004046F9F7C7FB05B2AC424EDD2046F9F787
:104BD0007DFCED0385FB0001C30F43EA410347F66B
:104BE000FF708342A8BF03461BB241F2483212FB5A
:104BF00003F202F58042D213A2F53A52273A13FB90
:104C000002F202F58042D213153A13FB02F202F5CA
:104C1000804200EBE23013FB00F000F5804040F3EF
:104C20000E4045F27D1313FB00F0C013BDE8F08188
:104C3000002B4ADD00EB43064FF00108841E023EC4
:104C40000239404634F9023F31F9025FC3F34F03A2
:104C5000C5F34F05A64203EB0507A3EB050317FBBE
:104C6000070013FB0388EDD1A7E72846F9F72EFCD0
:104C7000E40384FB0001C30F43EA410347F6FF70DE
:104C80008342A8BF03461BB241F2483212FB03F233
:104C900002F58042D213A2F53A52273A13FB02F2F0
:104CA00002F58042D213153A13FB02F202F580425C
:104CB00000EBE23013FB00F000F5804040F30E40C3
:104CC000C0F5C940083000B2ABE74FF001084046DC
:104CD00073E700BF2DE9F04F01F1FF3B884650F824
:104CE0002B102E4E83B004460846019391464FEA9E
:104CF000D17A08F180470BF035FC013FBB00E71883
:104D0000054600930224AC422346A8BF2B46AC4282
:104D100056F82300D4BFAB00A3000BF1FF3BC358F0
:104D200057F8040D9A440BF01DFC3B68002B05441A
:104D30000DDA6B1CAC42D4BFA4469C469C424FEAA1
:104D4000840056F82C20D8BF980013589A44BBF121
:104D5000000F04F10104D6DCC1454B46A8BF434611
:104D6000C14509F1010056F8233013DA009A1344C3
:104D700004465A6856F824308045CABF009F870011
:104D800004370198DB5951461A4403B0BDE8F04F8F
:104D9000F9F77CB953F829204446EBE7586404003E
:104DA0002DE9F04F8A421446714EA8BF0A460D46BF
:104DB00056F822208C4204F10109B5BF52F82110A7
:104DC00052F824104A462A464D45804656F822009D
:104DD000D4BF4FEA8902AA0083B082581846114412
:104DE000FEF7E4FE022D40F3BD80AB00C6461FFA7D
:104DF00084FCAC4201934FF0000A19460EF1040EF8
:104E0000674639DB56F825B05BF829705BF801205E
:104E100087424FF0FF3388BF00231F40C01B9042E2
:104E20000CEB03074FEA8909BFB21BB280F0868002
:104E3000504A2C4602EB010C5CF80429525890426F
:104E400004F1FF34F8D31FFA84FCA7EB0C077B4076
:104E50001BB21F46E146801A4EF8047C13FB03AADE
:104E6000013D022DA1F104011BD0AC4204F1010966
:104E70000EF1040E6746C5DA56F8243056F829209C
:104E80005B585258834233D8824231D9013DC01A0F
:104E9000022D4FF000034EF8043CE146A1F104015D
:104EA000E3D1019B083B98446400013484424FF0F5
:104EB000FF3288BF00221440001B411C4B0818BF62
:104EC000A1EB430091449BB24042A9EB0309034488
:104ED00082EA0902584003B212B2C8F8002012FB5D
:104EE00002A0C8F8043013FB030003B0BDE8F08F44
:104EF00082424FF0FF3904F1804388BF4FF0000930
:104F000009EA0202013B801A06EB830353F80429E5
:104F10005258904204F1FF34F8D307EB09031FFA0B
:104F200084FCA3EB0C0389EA03090FFA89F3801AC6
:104F30004EF8043CE14613FB03AA91E7A9F10402F1
:104F40000BEB02095BF80220904207D2CC465CF8DA
:104F5000042D904204F1FF34F9D374E700273B4657
:104F6000E14678E71FFA84F94FF0000A9CE700BF9A
:104F7000586404005464040001680E4A03469142D8
:104F800015D1C169A2F11022A2F1EF1291420ED106
:104F90008268012A0BD8C26812B101698A4206D020
:104FA000586928B19B691B1A584258417047012023
:104FB000704700BF55AA00FF70B50D4B9E68A6B1A3
:104FC0003046FFF7D9FF044678B9F3686BB9356905
:104FD0000DB9204670BD2846FFF7CEFF28B9EB6813
:104FE000B34202D12E462D69F2E70124F1E700BF5A
:104FF000147600202DE9F041444B454C05461B68D2
:1050000020468846984718B100242046BDE8F08124
:10501000A4F1140754F8144CFB68DCB1BC68CCB1A3
:10502000002D66D0B8F1000F65D008FB05F6B6FB81
:10503000F5F5A84561D1311D5FD8B20711D026F032
:10504000030204321C4603E06168914257D2A4690E
:10505000002CF9D12F4B2E481B6898470028D4D03C
:10506000D2E73246EEE7891A232904F120051CD83D
:105070000123A360D4E90523AAB19361A3690BB10D
:1050800062695A610023C4E905333B69DB0703D534
:10509000FFF792FF002835D13246002128462C46E2
:1050A0000BF058FAD6E7FB60E8E702F1200C04EBBE
:1050B0000C032039C3E90110DC602169164819612D
:1050C00044F80C00A0F11020A0F1EF10D86101B15C
:1050D000CB6061695961A069986141B18B6199693F
:1050E00001B14B6101212361C4E90121CAE7FB60E1
:1050F000F5E72C46AEE74446ACE70446AAE7A068CD
:105100000028B0D0012003F0EFF900BF200D0020EF
:10511000287600201C0D002055AA00FF70B5464BD4
:10512000464C05461B6820469847002840F0828080
:10513000002D43D054F8143CA4F11406002B3DD0AC
:10514000B268002A3AD09D4203D3726813449D424C
:1051500002D3012003F0C8F9A5F120042046FFF78F
:105160000BFF0028F5D155F8183C012BF1D155F86B
:10517000143C45F8180C3BB39A682ABB55F81C2C14
:1051800002F120015A680A445A6055E905321A6151
:1051900055F8145C2B6903B1DD6020220021204604
:1051A0000BF0D8F9286910B18368002B2ED0336931
:1051B0009B0703D5FFF700FF0028CAD1BDE8704068
:1051C0001F4B1E481B68184755F8100C00282AD0A2
:1051D000836843BB42686368134420336360036998
:1051E0002361D4E905239AB9CBB943696361826924
:1051F000A261B3B19C61A36903B15C61236903B18E
:10520000DC60202200210BF0A5F9D0E72C46E1E775
:105210009361A369002BE8D062695A61E5E7F36006
:10522000F7E7F460E7E7F36845F8083C03B15C6131
:10523000F460BCE770BD00BF200D00202876002080
:105240001C0D002038B50C462822002105461548C3
:105250000BF080F9144B15481B6898471449154802
:1052600000F038F8232C1CD915F003031FBF043CB1
:10527000E418C3F10403ED182246002128460BF080
:1052800069F9084B0C49C3E90054203C9D606C60EF
:105290009A6811609A68A1F11021A1F1EF11D16112
:1052A000DA6038BD14760020240D00202876002016
:1052B0001D510300F54F030055AA00FF014B1B6869
:1052C000184700BFF40C0020014B1B68184700BFB3
:1052D000F00C0020024B1860024B00201960704750
:1052E000F40C0020F00C002010B50A46044619B159
:1052F000024B00211B68984710BD00BFF80C00202E
:10530000F8B50D4E0D4C0E4D33680E489847677832
:105310002B680C48984733680B489847022F08D1F0
:105320002478E31F5C425C412B680748984720467D
:10533000F8BD0024F8E700BF200D00203C760020D7
:105340001C0D0020C40E0020B00E00200E4B0340A8
:10535000B3F1607F06D1B1F5885F14BF6FF08600AE
:1053600000207047B3F1707F0BD101F4E043B3F537
:10537000005F06D111F4E06F0CBF6FF086000020D3
:1053800070476FF0860070470000C07F8A4270B59A
:1053900006460D4600F0ED80784922F4FF7323F0B5
:1053A00001038B4213D022F0FF0001F5885188429F
:1053B0000DD0734C22F47F7121F00301A14206D07D
:1053C0007049884203D001F574518B422CD16E4B49
:1053D00025F0FF0199420FD115F0FF000BD06B4B68
:1053E00040F00070984240F0C68082EA0500FF2835
:1053F0008CBF0020012070BD654B9942ECD0A3F515
:1054000088539942E8D025F4FF7323F00103B3F1E8
:10541000062FE1D05B488142DED05E498B42DBD073
:10542000A1F584418B42D7D005F0FE43B3F1A06FC4
:1054300013D102F0FE43B3F1A06F40F0888082EAFE
:10544000050333F47E1340F082802E047FD5C5F32C
:105450000540C2F305429042CAE74F498D420BD145
:105460004E4B9A4200F085804D4B22F47E109842BC
:1054700014BF00200120BEE7B3F1407F67D102F0E6
:10548000FE43B3F1407F62D182EA050030F47E141E
:105490005DD131462846FFF759FF00286BD1414BBB
:1054A00012F47C1103EA020318D0B3F1607FC2F357
:1054B00005413DD13C48D3B243F0007383423BD019
:1054C00003F17E43043B112B01D83848C45C15F42A
:1054D0007C1FC5F3054331D18C42C9E7B3F1607F2E
:1054E0000DD13148D3B243F0007383421ED003F193
:1054F0007E43043B112BDDD82D49C95CDAE7B3F1BB
:10550000707FE4D106F4E043B3F5005F03D10121DD
:10551000C6F30223994006F4E043B3F5005FD6D109
:105520000120C6F3022600FA06F4D0E71021C1E7F5
:10553000B3F1707FCBD1EEE71024C8E712F47C1FE3
:1055400001D1A34215D02C0401D58B4250E725F0A0
:10555000004323F47F03B3F1106F0CD102F0FE433C
:10556000B3F1106F07D11348104040F01060A8420B
:105570007EE701203FE700203DE700BF0002000674
:10558000000400060009000600030006FF000002F8
:1055900000130006004600060093C0040013C00478
:1055A000000140050000C07F03000002E9EB040099
:1055B000E9EB04000000FFF62DE9F84388461746A2
:1055C0001C4600F013FC054688BBD8F80060B6F80E
:1055D000009009F4E043B3F5804FB36808BF27F0AB
:1055E000010737EA03031AD10CB3274B24F0FF025B
:1055F0009A421FD114F0FF0304D0244A43F00073F1
:10560000934236D022464846F168FFF7BFFE074670
:1056100068B9224648463169FFF7B8FE90BB6FF083
:10562000840500233046C8F8003000F0A5FC284669
:10563000BDE8F883164B9A42DCD0A3F588539A4212
:10564000D8D024F4FF7323F00103B3F1062FD1D097
:1056500010498A42CED0104A9342CBD0A2F5844260
:105660009342C7D004F0FE43B3F1407F04D123043A
:10567000C8D56FF08605D4E7B3F1A06FF7D0034B20
:105680009C42BEE73D46D2E700030006FF00000251
:1056900000130006000900060046000670B5114B15
:1056A00005461B6810480E469847044618B16FF02F
:1056B0008F04204670BD6B6933602B7F012B04BFC4
:1056C00002232B77094B18BF30601B68064818BFB0
:1056D0006FF0960498470028EBD0002CE7D06FF0CD
:1056E0009604E6E7200D00209C0E00201C0D0020F3
:1056F00038B500F0FE43B3F1407F04460D4602D0BA
:105700006FF0860038BDFFF721FE0028FAD114F4AF
:105710007C1F12D0C4F30543032B137022D9284AEF
:105720002240B2F1607F3DD1264AE4B244F00074D9
:1057300094422BD1102BE5D9E2E7214B2340B3F162
:10574000607F15D11F49E3B243F000738B4202D151
:1057500010231370D6E703F17E43043B112B04D9C9
:10576000002313706FF08500CCE71749CB5CD3E7BB
:10577000B3F1707FF4D101F4E043B3F5005FEFD1F2
:105780000123C1F302218B40DBB2C5E704F17E4463
:10579000043C112CB4D80D4A125D9342B0D8202B92
:1057A000B0D9DFE7B2F1707FAAD105F4E042B2F5DB
:1057B000005FA5D10122C5F30225AA40EDE700BF95
:1057C0000000C07F03000002E9EB0400E9EB0400E5
:1057D00000232DE9F34113604768D0F81480044694
:1057E0000E463846114609F0B3FA054688B93846E0
:1057F00009F0B0FA054660B9FFB277B9B8F1000F09
:1058000005D1A36823F0031323F47F4363B16FF042
:105810008605284602B0BDE8F0810121606909F0E3
:1058200071FA0028EDD1F2E74FF6F87362889A42D8
:1058300027D8154B15481B682779984710B16FF08A
:105840008F05E6E707B901A8314600F08DFA104B45
:1058500005461B680D48984710B1002DD9D1EEE7D9
:10586000002DD6D10FCCD6F800C066460FC694E8FE
:10587000070086E80700002FCBD1019BCCF814303D
:10588000C7E76FF08505C4E7200D00209C0E0020BF
:105890001C0D002010B5044660B1074B07481B687B
:1058A0009847204609F002F8BDE81040044B034831
:1058B0001B68184710BD00BF200D00209C0E002063
:1058C0001C0D002037B50446C0B101A900F08EFAC6
:1058D000044698B91F4B20481B6898471F4D38BB9A
:1058E0000198037F032B11D109F01DFA2B680446A0
:1058F0001948984728B10CB96FF08F04204603B0BF
:1059000030BD002C08BF6FF08704F7E7022B1BD1D6
:10591000032303770379FF2B19D04369104A03F15E
:105920004043A3F58053934202D800F0BBFC0446E9
:10593000019809F0F8F92B68002818BF04460648BA
:1059400098470028DAD0D6E76FF09604F0E76FF0BA
:105950008404EDE7200D00209C0E00201C0D00208B
:10596000FFDFFF3F2DE9F04116461F46002288B0B9
:10597000038805468846CDE9042207963A60002E42
:1059800062D0B6F1005F80F09E8023F0FF03B3F594
:10599000E24F02D0B3F5824F22D1284608F067FECD
:1059A0000446002840F08380EB686BB16A885AB1E6
:1059B0002B8803F44F41B1F5824F05D1DBB2222B86
:1059C00037D02DD8122B39D04246002308EB0601E0
:1059D00012F8010B914243EA0003F9D1002B33D0B6
:1059E000284605AA04A9FFF7F3FE0446A0B9049BC4
:1059F0009B6A63B3049B41465A882846069206AACE
:105A0000029203F1280201929A6A00925B6A32467E
:105A100000F02CFB044678B30498FFF73BFF46E008
:105A2000273BDBB21B2BCFD8284921FA03F3DB0736
:105A3000CAD50732B6EBD20FC6D205E040F2092331
:105A40009A42F6D1402EBFD86FF086042FE06B68E3
:105A50001B0A07D10799049808F0E8FE04460028BD
:105A6000C8D0D9E732464146284607AB00F0A2FA33
:105A700004460028EED0CFE70499069B4A88D2B9A5
:105A80004B804FF6F873069A04989A4218D82B88E0
:105A900013B102889A4210D16B8813B142889A429E
:105AA0000BD13946FFF7FAFD04460028B4D1204651
:105AB00008B0BDE8F0819A42E3D06FF08604ABE70E
:105AC0006FF08504A8E76FF08504F0E70102000C91
:105AD00038B504460D46FFF713FC30B12A4621467F
:105AE000BDE83840024809F078B96FF0880038BD49
:105AF0004076002070B51D4E1D4C33681D489847F8
:105B00002378590744BF23F00403237023789A07AE
:105B100005D500F00FF9237823F002032370164D0A
:105B200014482B689847336814489847637813B132
:105B3000134809F055F90023042111486370FFF759
:105B4000D3FB2B680D48984733680A489847237859
:105B5000DB0705D509F007F9237823F0010323704B
:105B60002B680448BDE87040184700BF200D002096
:105B70003C760020B00E00201C0D0020C40E00203A
:105B8000407600202DE9F041FFF7BAFB18B1002460
:105B90002046BDE8F081364F36483B6898470446BA
:105BA00020B16FF08F04FFF7A5FFF1E7324D2B789E
:105BB000D80706D409F0D5F804462B7843F0010342
:105BC0002B702E4E2B483368984710B1002CE8D02C
:105BD000E9E7002CE7D13B682648984704460028AF
:105BE000DFD12B78990706D400F09CF804462B7877
:105BF00043F002032B7033681E4898470028E5D114
:105C0000002CD0D13B681B4898470028C9D1336885
:105C1000184895F8008098470028C2D13B6818487A
:105C2000984704460028BCD16B7843B918F0010F9F
:105C300005D0144809F0CEF8022304466B7033688F
:105C40000F4898470028C1D1002CACD13B680948C7
:105C500098470028A5D12B7806485A075CBF43F027
:105C600004032B7033689847002890D099E700BF51
:105C7000200D0020B00E00203C7600201C0D0020DE
:105C8000C40E00204076002038B5074C074B204654
:105C90001B689847064B204693F88055054B1B68B8
:105CA0009847284638BD00BFB00E0020200D0020C8
:105CB000447600201C0D002000F140431F2B70B5DE
:105CC00005460E460CD82C22154C02FB0344237FBC
:105CD000022B02D16369834218D06FF08B001AE067
:105CE000012109F00FF8B8B10D4B00221C46197FB5
:105CF000022902D15969A94205D00132202A03F1B3
:105D00002C03F4D1E9E72C2303FB0244204608F0DE
:105D1000ECFF00B9346070BD6FF08700FBE700BF97
:105D2000447600200122024B002083F88025704732
:105D3000447600202DE9F0410A4C002526464FF01C
:105D4000010803272046C4F820802777013508F092
:105D5000ADFD202D04F12C04F4D1002386F880350C
:105D6000BDE8F08144760020F8B506460F46FFF7FF
:105D70008BFF80B300241B4B22461D46197FD1B1F7
:105D80003CB9022905D1196A19B91979002918BF36
:105D90001C460132202A03F12C03EFD114B96FF015
:105DA0008C0006E0204608F0A0FF204608F07EFDAB
:105DB00010B100240DE01C46237F7BB9012323771B
:105DC00036B1094B651BAD105D4305F1804535606B
:105DD00000203C60F8BD6FF08800EAE76FF09600A5
:105DE000E7E700BF44760020A38B2EBA00232DE9FD
:105DF000F0410B6090B005460E46FFF745FF0028C6
:105E000000F0AF80584B59481B689847804668B9E6
:105E100031462846FFF750FF10F18C0F0446544FCF
:105E20000AD03B685148984710B10CB96FF08F0405
:105E3000204610B0BDE8F08131464046FFF794FFA0
:105E4000044618B13B6849489847F1E70122336896
:105E500001465D61336809A85A601C2235680AF062
:105E600079FB002200236869CDE90623414A00F14D
:105E70004043A3F580539342CDE90444039405D9EC
:105E8000284608F013FD6FF0870420E006AA03A956
:105E9000D8F7E6FB0446002837D1039B6A690A93CA
:105EA000DBB2002B08BF00220346CDE90000DDE98C
:105EB00006010E9209AA00F067F910F18A0F044654
:105EC00008D030680CBB08F0F1FC6FF0960400239A
:105ED0003360A6E704A909A800F086F80446A0B933
:105EE0002846049908F0A2FC044670B9DDE90601D1
:105EF00005AB0193AB6A09AA00936B6A00F044F901
:105F0000044648B1284608F0C6FC306808F0CEFCCC
:105F100014F18C0FDBD1B6E7059B09ACAB620FCC5B
:105F20000FC594E8070085E8070033689A68D00435
:105F300013D49A68910444BF42F400629A603368B3
:105F40001A7F012A04BF02221A77306808F0CDFEBA
:105F5000044600283FF465AFB9E742F480629A60D6
:105F6000E7E76FF0880463E7200D00209C0E002017
:105F70001C0D0020FFDFFF3F10B50B4B04461B68D4
:105F80000A48984718B16FF08F04204610BD20468C
:105F900008F0C9FE064B04461B68044898470028D1
:105FA000F3D0002CF1D1EEE7200D00209C0E002054
:105FB0001C0D0020194610B4002443680C60084CE6
:105FC0001A0AB4EB132F02D0064B9A4203D15DF8A4
:105FD000044B00F05BBB6FF086005DF8044B70472C
:105FE000004E80004B4E800010B4002443680C60CB
:105FF000084C1A0AB4EB132F02D0074B9A4203D174
:106000005DF8044B00F042BB6FF086005DF8044B76
:10601000704700BF004E80004B4E80002DE9F041DC
:10602000456804462D0A0E461746984606D00E4C83
:10603000A54214D06FF08600BDE8F08105886D049C
:1060400007D443463A4631462046BDE8F04108F0C1
:10605000BFBD00F0D9FF10F1860FEDD1F1E7BDE82B
:10606000F04100F0D1BF00BF4B4E80002DE9F04F52
:10607000DFF880B0D0F804E085B0BBEB1E2F0446FB
:10608000DDE90E890D4616461F46DDF840A04FEAB1
:106090001E2C1CD0DFF860E0F44518D0BCF1000FD6
:1060A00022D1CDE9019ACDF8008000F0B7FE10F1C1
:1060B000860F1BD13B46324629462046CDE90F9A32
:1060C000CDF8388005B0BDE8F04F08F0C2BB3B46C4
:1060D000324629462046CDE90F9ACDF8388005B0E2
:1060E000BDE8F04F00F09ABE6FF0860005B0BDE845
:1060F000F08F00BF004E80004B4E800030B44468EB
:10610000240A06D0064DAC4206D030BC6FF08600A3
:10611000704730BC08F0E7BB30BC01F01FB800BFCF
:106120004B4E80002DE9F7430D46DDE90A891646FE
:10613000134942681F46B1EB122F04464FEA12235F
:106140000ED0104A934200D0ABB93B4632462946A6
:106150002046CDE9008900F0C7FD10F1860F0CD173
:106160003B46324629462046CDE90A8903B0BDE8C0
:10617000F04300F0B9BD6FF0860003B0BDE8F083D6
:10618000004E80004B4E8000F0B4DFF830C0546801
:10619000DDE90456BCEB142F4FEA142702D0064C5D
:1061A000A74204D1CDE90456F0BC00F071BF6FF0F6
:1061B0008B00F0BC704700BF4B4E8000004E80004B
:1061C0002DE9F043DFF84890DDB2446845F00075F2
:1061D0004D45DDF82C804FEA1424DDE90767DDE941
:1061E00009CE0CD014B1094DAC420CD1CDE90AE86E
:1061F000CDE9087C0796BDE8F04308F03FBF6FF09B
:106200008500BDE8F0836FF08600FAE74B4E800012
:1062100005000002F7B5089E0E4FF5B2044645F0A2
:1062200000754868BD424FEA10200DD010B10A4DEC
:10623000A8420CD1009604F1080008F014FF08B938
:106240000523236003B0F0BD6FF08500FAE76FF01F
:106250008600F7E7050000024B4E8000F7B5089E68
:106260000E4FF5B2044645F000754868BD424FEA4E
:1062700010200DD010B10A4DA8420CD1009604F1A7
:10628000080008F0F2FE08B90523236003B0F0BD52
:106290006FF08500FAE76FF08600F7E7050000026F
:1062A0004B4E80004268044BB3EB122F01D109F032
:1062B000EEB96FF0850070474B4E800010B50C4C66
:1062C000206801F0D7FF0B4A1368591C11604BB9C5
:1062D000094A4820D2F8003443F00703C2F80034DA
:1062E000DCF7FCFC2068BDE8104001F0DDBF00BF1A
:1062F000000D0020C87B00200080045038B5164DEA
:10630000286801F0B7FF154B1C68013C1C60ECB914
:106310004820DCF7F1FC0722114BC3F80823D3F81F
:10632000002422F00702C3F80024C3F80041D3F888
:106330000021C3F80441D3F804214FF48072C3F85C
:106340000841D3F80831074BC3F888212868BDE815
:10635000384001F0A9BF00BF000D0020C87B00201D
:106360000080045000E100E070B5114D114E2B6823
:10637000B3421BD0FFF7A2FF01F000FE0E4A0F4B05
:106380000F4952F8040B43F8040B8B42F9D101F08A
:1063900045FE40B108F029FD0446FFF7AFFF04B900
:1063A0002E60204670BD01F0F3F8F5E70024F8E711
:1063B000FC0C0020117365009464040000C080513F
:1063C0001CD380511FB5114CD4F84034012B14D08C
:1063D000B72000F021FB18B16FF0210004B010BD10
:1063E000B82000F019FB0028F6D1B92000F014FB0A
:1063F0000028F1D10123C4F840341022002168465E
:106400000AF0A8F8684609F059FFE7E70080045051
:1064100000230B6010F0FF0319D043F0007303F169
:106420007E43053B0E2B12D8DFE803F00A1111085A
:106430000F0A0A111111110A0A0A0A00094B0B600E
:106440000B6863B96FF085007047074BF7E700F002
:10645000FE40B0F1007FF5D06FF08600704700205D
:10646000704700BF9479040074790400302817D075
:106470000DD81238C0B2192806D8012383401E480F
:106480001840A8BBDB0721D46FF086007047412875
:1064900001D04228F8D1FF292AD0B1F5E07F09E0E8
:1064A000B1F5A07F24D00BD821F02003C02B1FD042
:1064B000B1F5807F0CBF6FF085006FF086007047EC
:1064C000B1F5C07F14D0B1F5007FF3E7B1F5807F5F
:1064D0000BD003D821F02001C029EBE7B1F5C07F34
:1064E00006D040F209239942E4E7044B1360704759
:1064F0006FF08500704700BF20022102C4790400BC
:10650000A0F11203DBB21E2B9DBF0348D84000F060
:1065100001000020704700BF210221422DE9F04117
:106520001D4B94B0D0F8048006460F4601A81968A8
:1065300001F092FDDDE90154DCB9224631462846DE
:1065400003AB09F0F1FD044698B9284609F094FD23
:10655000DDE903120346384609F0BDFC284609F080
:106560004CFE284609F02DFD0446284601F09EFD0C
:106570002CB1204614B0BDE8F04108F036BC4146CD
:1065800003A808F02EFD03A8414608F02AFD204686
:1065900014B0BDE8F08100BFD0790400F8B505461D
:1065A0000E4618461C2117461C4608F01AFD6B685B
:1065B0002B491A0AB1EB132F1BD12A4A33782261D7
:1065C000294A13F00303E26066610CD0023303F042
:1065D0000303012B3ED86B880733DB086360234B32
:1065E00023600020F8BD6B880733DB086360204B15
:1065F000F6E7204B9A422AD16A691F4B1344022BBB
:106600000DD81E4B1E4AE3601E4B23616B699342FB
:1066100012D00132934217D06FF08600E2E70023D8
:10662000224642F8183FC4E9033362616A69164B97
:106630009A420BD12023D9E70123A36000222346ED
:1066400043F8182F6361CCE70223F6E72FB1C4E9C2
:106650000067C6E76FF08400C4E76FF09600C1E7FB
:106660004B4E80005972030091F703000000002098
:1066700040008151004E8000FF3F0080C563030051
:1066800002C0FF7FE7ED030004C0FF7F10B51E4C82
:106690004368B4EB132F4FEA132215D142691B4B09
:1066A0009A420CD003F5FF437D331344012B03D8EA
:1066B0000388B3F5105F24D06FF0860019E047F22D
:1066C000121302889A42F6E7114B9A42F4D10288DB
:1066D00002F44F43B3F5824F0CD1438844F21210B9
:1066E000073382424FEAD30301D15B00013300201C
:1066F0000B6010BDB2F5885F03D143880733DB0818
:10670000F5E70223F3E700BF004E800001C0FF7FE2
:106710004B4E80004FF480732DE9F04796B08046D1
:1067200003A80393002408F068FC4FF010091E4EE4
:106730000DF12F0525F01F0506F1200A0122102179
:106740001A4808F0BDFB2B19009352461023202154
:106750001548CDF8049001F029F90746F8B9D6E9B3
:106760000C321034013342F10002302CC6E90C32F5
:10677000E4D1B8F1000F04D022464146284608F083
:1067800092FB2E46084C0FCE0FC496E80F00203522
:1067900084E80F0095E80F00103484E80F003846B5
:1067A00016B0BDE8F08700BF084000202840002058
:1067B000F0B5184D184FAB6B8DB0BB4228D0174EBB
:1067C000306801F057FD402300221946284608F0A2
:1067D000FDFB684608F01EFC044678B96846FFF7E2
:1067E00099FF044690B9302302461946684608F0DE
:1067F000EDFB01220023C5E90C23AF63306801F0F3
:1068000053FD204608F0F1FA0DB0F0BD0E24F5E777
:106810000020F9E708400020B4A5B4A5040D00202D
:106820002DE9F04F99B00DF1570802F10F0982469A
:106830000E46144628F01F084FEA191922B1002904
:106840006CD0B2F5803F69D8364F374D386801F0CB
:1068500011FDD5E90C3213430BD15046FFF7A8FFC9
:10686000834630B1386801F01FFD584619B0BDE8C5
:10687000F08FD5E90C2319EB020243F10003B3F5C5
:10688000803F13D302A808F0C5FBE8B902A8FFF7C0
:1068900041FF83460028E5D130230246194602A86D
:1068A00008F094FB00220023C5E90C234FF4807309
:1068B00002A8029308F0A1FBDFF870A03CB92046C3
:1068C000FFF728FF8346CDE76FF0920BCAE7102C45
:1068D0004FF001024FF010015046A14628BF4FF083
:1068E000100908F0EDFA102352462021CDE900836B
:1068F0000D4801F05BF883460028B3D14A46304684
:10690000414609F000FED5E90C32013342F10002A4
:10691000C5E90C32A4EB09044E44CFE76FF0860BB7
:10692000A3E700BF040D00200840002028400020FD
:106930000022074BC3F81021C3F80C21C3F8002133
:10694000C3F80421C3F80821C3F81421704700BF1D
:106950000050045008B5FFF7EBFF01230360104B14
:106960000A6832B9D3F80C211AB9D3F80821002AE1
:10697000F6D00B687BB90B4B99420ED0A3F584730C
:10698000D3F80831002B0CBF4FF0FF306FF002003E
:10699000FFF7CEFF08BD0020FAE74FF0FF30F7E722
:1069A000005004500851045070B506460D4619B306
:1069B0004B6913F00F040CD011495023114A1248AF
:1069C00003F0C2F9114803F0BFF950210D4803F05C
:1069D000B2F92146012007F055FB0D480D49C0F8DA
:1069E0000065C0F80455FFF7B5FF2146054620466F
:1069F00007F048FB284670BD6FF00105FAE700BFBD
:106A000051EC040002EC04003A8004007AEC04002B
:106A10000050045000510450034B0449C3F80005D2
:106A20000348FFF797BF00BF0050045004510450C3
:106A30000450045010B504460021012007F022FB49
:106A4000064B0749C3F800450648FFF783FF0021BE
:106A50000446084607F016FB204610BD00500450BF
:106A6000085104500850045038B50C4659B1074D30
:106A70000749C5F800050748FFF76CFF10B9D5F8BE
:106A80000835236038BD6FF00100FBE7005004506B
:106A9000105104500C5004502DE9F041069C04F0B4
:106AA000FE45B5F1407F09D02A492B4819232B4ACE
:106AB00003F04AF91921294803F03DF90568002D32
:106AC00041D1274D14F47C16046005EA04050AD070
:106AD000C4F30546B5F1607F46602BD10694BDE84E
:106AE000F04108F0F7BAB5F1607F12D11D4FE5B261
:106AF00045F00075BD4202D110254560EEE705F175
:106B00007E45043D112D01D94660E7E7164E755DBF
:106B1000F3E7B5F1707F01D046600BE00D8805F416
:106B2000E047B7F5005FF7D10126C5F3022506FA65
:106B300005F545600D4D24F47E14AC4207D1BDE847
:106B4000F04108F027BC6FF08800BDE8F0816FF0DD
:106B50008500FAE7D7EC04003A8004008CEC0400CE
:106B60000000C07F0300000224ED04000002C00307
:106B700010B4046894B1B2B10D4B2340B3F1607FFF
:106B800003D15DF8044B08F0D1BA0A4B24F47E140B
:106B90009C420AD15DF8044B08F033BC6FF08800CA
:106BA0005DF8044B70471046FAE76FF08500F7E791
:106BB0000000C07F0002C0032DE9F04104680546D3
:106BC0000F461E4694B3A1B34368934234D81C4B7E
:106BD000DFF870802340B3F1607F0DD024F47E1481
:106BE000444512D1284608F079FC044684B10023BC
:106BF00033602046BDE8F08108F006FB2B680446B0
:106C000023F47E134345F1D1ECE76FF09604EEE7F1
:106C100005F10C0138466A6809F075FC6B684FF4A1
:106C200001712846336008F0DCF9E2E76FF0880470
:106C3000DFE76FF08604DCE76FF08904D9E700BF77
:106C40000000C07F0002C0032DE9F0410388C7683F
:106C500003F44F44B4F5824F08BF1D4603F4E044EB
:106C60001F4B18BF0025944600209E46EDB21E78AB
:106C7000AE4224D1D3E90262DCF80080B4F5804F43
:106C800008BF1646B8F1000F0DD18E420BD1142368
:106C900003FB00E35968CCF800101B7CABB96FF024
:106CA0008500BDE8F0815A68904508D18E4202D037
:106CB0006FF08600F5E7142303FB00E3EDE70130F6
:106CC000132803F11403D2D1F2E7422D06D1054B6C
:106CD0009F4203D003F20B139F42E9D10020E0E76B
:106CE000B0770400000800062DE9F3470646DDE909
:106CF0000A08894617469A465BB941494FF45E73C4
:106D0000404A414803F020F84FF45E713D4803F0DB
:106D100012F8B8F1000F09D13C4940F27933394AF1
:106D2000394803F011F840F27931EFE70024338855
:106D3000C8F8004000285DD023F0FF03B3F5E24F10
:106D40004CD13588718805F44F43B3F5824F1AD181
:106D5000EDB2422D18D8402D12D8A5F11203DBB2A6
:106D60001E2B11D82A4A42FA03F3DA070CD4CC1DA1
:106D7000E40864000134A04206D26FF0890013E0F9
:106D8000CC1DE408F7E72546284601AAFFF76EFB6D
:106D900050B972681F4BB3EB122F08D1022F0CBFF2
:106DA0006FF085006FF0860002B0BDE8F087123DFD
:106DB000EDB21E2D21D8184BEB40DB071DD55146F7
:106DC0000423019A01F8013B484601F0EBF908F071
:106DD0000CF80028E8D1C8F80040E5E7B3F5824F89
:106DE0000BD19042C9D3504609F08DFB2046C8F81C
:106DF0000070D9E76FF08600D6E76FF08500D3E723
:106E000004AE040036ED04003A8004008CED04006A
:106E1000DEFFFFBF004E8000210000402DE9F04F53
:106E20009DB006468B4615469846DDF89890DDF8ED
:106E3000A0A05BB96C4940F2A9336C4A6C4802F0DF
:106E400083FF40F2A931694802F075FF279B4BB9D7
:106E5000684940F2AA33654A654802F075FF40F27E
:106E6000AA31F0E7BAF1000F09D1634940F2AB3320
:106E70005E4A5F4802F068FF40F2AB31E3E7002270
:106E800027990388CAF800200A60B9F1000F60D082
:106E900042685A4C110AB4EB122F25D107A9476951
:106EA000FFF7F4FB0446D8B9079B4B4500F29580E9
:106EB000FFB22B465A463946304600F019FA0446CE
:106EC00070B9279B2146CDE90093384643460BAA6B
:106ED00000F0BEFB044618B9BDF82E30CAF80030E9
:106EE00020461DB0BDE8F08F002979D123F0FF03C3
:106EF000B3F5E24F17D14388A9450B936DD32946CB
:106F00000BAAFFF7A1FE04460028E9D12B465A46FA
:106F10004946404608F048F8D8B10B9BCAF8003003
:106F2000279B1D60DCE7B3F5824F59D14388078862
:106F3000059307F44F43B3F5824FC3685A46039352
:106F40004FF041012B460BA818BF002708F02CF882
:106F500010B96FF08604C3E7A9453ED329463046F1
:106F600005AAFFF771FE04460028B9D1F8B212282D
:106F7000059E01D0302828D19DF82C10F31DDB0888
:106F80005A00042902F10102E3D19542E1D11C4AE1
:106F90000399114041F010621A498A4215D10DF14E
:106FA0002D020BA9CDE907325A1C0A44CDE909325A
:106FB000314606AAFFF75AFA08B1044690E7069848
:106FC00007A9FFF7ABFA0028F7D12A4640460BA9DC
:106FD00009F099FACAF80060A2E76FF089047FE728
:106FE0006FF085047CE700BF98ED040036ED0400E7
:106FF0003A800400A3ED0400B5ED04004B4E800080
:107000000000FFF6000002092DE9F04159B91B49C3
:1070100040F2BF431A4A1B4802F096FE40F2BF41BD
:10702000174802F088FE4BB917494FF49863144A89
:10703000144802F089FE4FF49861F1E74468DFF8E4
:107040004CC00588BCEB142F4FEA142703D1BDE8D0
:10705000F04108F0E4BA6FB942B125F0FF04B4F58D
:10706000E24F07D1BDE8F04108F063BA6FF0860047
:10707000BDE8F0816FF08500FAE700BF98ED0400ED
:1070800036ED04003A800400A3ED04004B4E80006E
:107090002DE9F743DFF8C0C00546DDE90A8710EBAC
:1070A0000C0C61F1000EBCF1030F7EF1000E89465D
:1070B00014461E463FD2224BC31861F10002022B38
:1070C00072F100021F4B19D31F4A4FF47051C4E9EB
:1070D00000231E4B2046E36008F097FA01A9FFF752
:1070E000D5FA20B9019B984504D26FF0890003B00E
:1070F000BDE8F0833B6000207070F8E7144A4FF45D
:107100004041C4E900234FF008232046E36008F023
:107110007CFA01A9FFF7BAFA0028E8D1019B98454B
:10712000E3D33B600B4B814508BF9D4214BF012355
:1071300002233370DFE703B0BDE8F04300F088BA04
:10714000FE3F008003004E80127100010906000618
:107150000024000103C0FF7FFF3F00802DE9F843BA
:107160000D461F464168264B9146DDE90828B3EBE2
:10717000112F06463ED1048804F44F43B3F5824FE5
:107180000CD0B4F5885F0ED14A462946384609F03E
:10719000BAF90020C8F80090BDE8F883E4B2422CA8
:1071A000F2D0122CEFE773880733B2EBD30F4FEA1C
:1071B000D30922D3134E306801F05CF8284608F05A
:1071C000E7FA044630B94A4638460F4909F09BF9B8
:1071D000C8F80090284600F03FF80546306801F0F6
:1071E00063F8002D08BF2046BDE8F84318BF012012
:1071F00007F0FBBD6FF08B00CEE76FF08900CBE7A7
:107200004B4E8000080D0020000000204029F8B5FA
:1072100005460E4618D80E4F386801F02BF8284660
:1072200008F0B6FA07F0E1FD044640B909493246D4
:10723000284609F068F94021064807F0D2FE386870
:1072400001F032F82046F8BD6FF08904FAE700BF7C
:10725000080D00200000002008B503789B0705D02A
:107260000D48402107F0BDFE002008BDF82007F0C2
:10727000F0FE08B10220F8E7F92007F0EAFE002846
:10728000F8D1F820FFF7C8FB0028F3D1F920FFF769
:10729000C3FB0028E4D0EDE70000002037B5134918
:1072A00043680446B1EB132FDAB21BD1032A15D081
:1072B000057D01A9284608F015FA88B96A462146D5
:1072C000019808F0F0F958B92846009908F025FA15
:1072D00030B903B0BDE8304008F037BA6FF0840031
:1072E00003B030BD6FF08B00FAE700BF4B4E80005B
:1072F0002DE9F04F89B005460F4690461E4608F02E
:1073000024FA044678B96B690090C3F3013262F342
:1073100005148DF8004014F0300408D1A9688907DD
:1073200010D06FF08604204609B0BDE8F08F102C15
:1073300008D1BDF8023023F4F87343F4A873ADF814
:10734000023070E0E9688B48814249D08A48814226
:1073500038D08A48814247D10D219DF8023061F32F
:1073600003038DF8023000234FF0010B9E461946AF
:107370001846D5F808C0DFF8089259F804AB1CEAA3
:107380000A0F08D00BFA00F343EA0E0303F07F0E56
:10739000012341EA0A0101300728EED12BB19DF803
:1073A00003306EF347038DF803303CEA010114D13A
:1073B0006B88FF2B20D01AD8802B4BD0C02B0CD140
:1073C00002231AE005219DF8023061F303038DF8D2
:1073D00002302B88B3F5105FC5D06FF08504A2E7AB
:1073E00009219DF80230F0E7DBB2F82BF4E7B3F5A2
:1073F000807FF2D1042300E003239DF8021063F3A1
:1074000006118DF8021014B91CF0030F89D12B79E5
:10741000022B2CD020D8012B83D1BDF8021063F3AE
:10742000C811ADF80210012A70D0032A24D0002A16
:107430007FF477AF2B88B3F5105FCED1182E6DD0C7
:10744000202E70D0102E7FF46CAFDFF838A101250C
:107450001F2619E00123D0E7032B02D0FF2B7FF476
:1074600060AF0221BDF8023061F3C81367E7BDF8D1
:10747000023043F4C07362E7412E3DD104254F260C
:10748000DFF804A108F101080024381907F0E1FD34
:1074900000286CD00134AC42F7D11F2E07D029460A
:1074A000384608F03AF9044600287FF43CAF009BC8
:1074B0004FF0FF39079300239B46CDF818A0BDF885
:1074C00002204344C2F3C112059201AC03F1100C37
:1074D000224618685968083303C263451446F7D139
:1074E00001A907EB0B00FFF75FFA044630B308F081
:1074F0002CF96FF0920416E7182E19D0202E1AD00E
:10750000102E7FF40EAFDFF880A0A0E7302E7FF4BE
:1075100008AF03253F26DFF874A0B5E7DFF864A0C5
:1075200002252726B0E7DFF85CA002252F26ABE76F
:10753000DFF854A0F4E7DFF850A0F6E71C2101A81B
:107540000BF1010B07F04DFDAB4506D00AEB0B121A
:10755000CDE906294FEA0B13B1E71F2E3FF4E3AE46
:10756000FA20FFF767FA00283FF4DDAEC1E76FF0BD
:107570008A04D8E60002C0030044400409008003E6
:107580002C79040040008151000000201084045038
:1075900010B590B01C22002101A808F0DBFFF820F4
:1075A00007F057FD08B3202200200DEB0201FFF782
:1075B00037F90446F8B901A84FF4807108F069F86A
:1075C0000E4B0F4904930F4BCDE901130E4BF821DD
:1075D000069320230DEB0302FFF78AFE20210446C9
:1075E0000DEB010007F0FDFC05E0F92007F031FD8F
:1075F0000028D8D10446204610B010BD0010C004A9
:1076000000240001014B4E80F800FF7F73B5C5B226
:107610000E46284601A9144608F064F888B9BDF85A
:107620000630C3F3C113013BDBB2022B8FBF6FF0F7
:107630008600054AD25C054B9EBF13433360C4E904
:10764000005002B070BD00BFBEED0400004B4E8084
:107650002DE9FF41884601A9064614461D460A9FAA
:1076600008F040F848B9B6F1F80348F1FF38022BAA
:1076700078F1000804D26FF0860004B0BDE8F08114
:1076800008F063F80028F8D1002CF4D09DF804101D
:1076900011F00F0240F09E80BDF80630C3F3C11315
:1076A000013BDBB2022B00F29880524801F030011E
:1076B000C05C514B102943EA0003636038D14F4B43
:1076C0002360204602A9FEF7E1FF0028D5D1029BE6
:1076D000BB4200F28B8044F2121221880198914241
:1076E00004BF042205F8012B0B9A214613609DF874
:1076F00004302A78C3F3011363F301022A7003AA4A
:1077000008BF07F1FF3707F0CEFF0028B5D12B786F
:10771000039A6E7062F384032B70238803F44F4244
:10772000B2F5824F51D139462846FFF76FFDA4E7E5
:10773000134690469DF8070031494008D8B94146A4
:10774000204607F0A6FF9DF8063003F00F02092A35
:107750001CD00D2A1ED0052A45D14FF410522949BC
:10776000C3F30213013B2280E160032B18D8DFE84A
:1077700003F015252729C20705D5062B30D851F867
:10778000232048EA020840080133D7E74FF410529B
:107790001D49E5E74FF488521C49E1E780236380E7
:1077A0009DF8043013F0300F8BD1B2F5105F02D189
:1077B00018F0030F85D06FF096005EE7C023EEE768
:1077C000FF23ECE74FF48073E9E7B3F5885F7FF4BC
:1077D00054AFA8E76FF088004FE76FF091004CE7D7
:1077E0006FF0830049E76FF0920046E76FF0890081
:1077F00043E700BFBEED0400004B4E800110800146
:107800002C790400004440040002C00309008003F6
:107810002DE9F04700241D46604F0388B4B0884628
:107820009146DDE93F6203F44F41174022F00042E8
:10783000B1F5824F22F47F0218BF2346B2F1106FD8
:107840004188574A346047F010670AD197420AD1FD
:10785000028822F0FF02B2F5E24F0CD06FF08600F2
:1078600006E0974202D04F4B9F42F7D16FF0850060
:1078700034B0BDE8F087DFB2384602AAFEF7F6FD65
:10788000824600286FD1029B5C684C45E6D13846A1
:10789000FEF736FE0028E9D012AB1022CDE90B34FA
:1078A000514623AB0EA80D93CDE90348029F0A94DD
:1078B00008F050FE3C9A630001339A42CED12B78F7
:1078C000042BCBD13E9B9C424AD86B1CCDE90E4386
:1078D000631C1D4438460EA9CDE91045FEF71EFE77
:1078E0000028C5D14FF00A082F4B1B68019301995E
:1078F00005A800F0B1FBDDE905542CBB2246394652
:10790000284607AB08F010FC0446E8B9284608F002
:10791000B3FB04460246079903A808F0B3FADDE971
:10792000081223460EA808F0D6FA284608F065FC8F
:10793000284608F046FB0446062C284615D100F0E0
:10794000B5FBB8F10108D2D1DDE90A1007F049FB17
:10795000DDE90C1007F045FB204607F046FA87E703
:107960006FF0890084E7204682E708F0C1FB0746F4
:10797000284608F081FB0AAB0246D7E9000108F06F
:107980009AFA284600F092FB002CDDD10A9A3D9924
:107990000AA808F077FA0A9B3360D5E70000FFF6E3
:1079A0000000020900000109E879040010B543F065
:1079B000005392B0109321234FF480740E92012251
:1079C0001193149B01940293159B01AC41F000515B
:1079D00006940C91112440F6110143F00053CDE9B7
:1079E00003232023DFF864C00A90CDE908C40D9179
:1079F00000200EA90AAC07940B910F92059300F09A
:107A000033FABFF35F8F4FF0A34306AA1A60BFF3A8
:107A10005F8FBFF35F8F02AA1A61BFF35F8FBFF35F
:107A20005F8F03225A63BFF35F8FBFF35F8F9A6349
:107A3000BFF35F8F07F038FF431C0446FAD00020E5
:107A400000F03CFA204612B010BD00BF0400002038
:107A500070B504460D4619B10A688B681AB953B956
:107A60006FF021063BE033B94B6823F00802102A7F
:107A700001D0202B35D12046256108F06DF806464F
:107A800000282CD1184B04F1780123600123636096
:107A9000AB6804F114009A069B01DBB202F0E042ED
:107AA0001A4342F48032112300F020F8AB6893B9F6
:107AB0002A68A3691A606B68A26943F00053936057
:107AC0002268A36992699268DA60A3691033A3619E
:107AD00063680133636000221023C4E90223304647
:107AE00070BD6FF04106FAE748790400026100F1C9
:107AF0001402826000F110024160C2600A604268B4
:107B0000034991604268D360436810334360704713
:107B100004000020C36870B57BB9C36900F1280276
:107B20001A60C369454A9A604368C269DB6843F4D6
:107B30008063D360C3691033C361836A9B052FD40C
:107B40000368C268DD6800F1EC04302D34BF0826FC
:107B500010261D6901366B1E1340EB1AB34238BF65
:107B60005B191C44D50004F8015C03F1EB045209D5
:107B7000044400F1ED05A5425CD1802280F8EC20A0
:107B8000426AC469C4322260C26993604468C269AF
:107B9000E468D460C2691032C26102691A440261A9
:107BA0000269C469D31C23F003039B1A54F8042C04
:107BB00042EA032244F8042CC26952F8084C2344D8
:107BC00043F0005342F8083C026A0368DB68116026
:107BD0000168026AC96803339160026A23F00303F3
:107BE00002F1100101620168C96899420BD00021BD
:107BF00011610168026AC9685B1A43F080439360AF
:107C0000036A10330362836A13F4806311D102683C
:107C10005169D26891420CD0026A13600268016A0D
:107C20005369D2689B1A43F080438B60036A103318
:107C3000036270BD04F8012D120A9CE704000020C5
:107C4000B1F5AA7F70B505461BD303681C6814F014
:107C5000400419D100F11806304600F005F9294614
:107C60000B4B30466B6051F87C2B13231268FFF7E7
:107C70003DFF084B20466B610123C5E90344AB601F
:107C800070BD6FF02200FBE76FF00200F8E700BF65
:107C9000B4790400157B0300BFF35F8F094A1368B2
:107CA000BFF35F8F43F48071BFF35F8F1160BFF349
:107CB0005F8F23F48073BFF35F8F1360BFF35F8F19
:107CC000704700BF0010805108B5FFF7E5FFBFF314
:107CD0005F8F064A1368BFF35F8F43F00103BFF362
:107CE0005F8F1360BFF35F8F08BD00BF001080512E
:107CF00070B50026C0E9006605460C46FEF7DEFAC0
:107D000001232B70FFF7C8FFBFF35F8F204BDB68A9
:107D1000BFF35F8F9B08013BACB3226842B19A422C
:107D200005D9FEF7EBFA6FF03F002E7070BD1346D9
:107D3000D4E90115E068002908BF4FF4007100285C
:107D400008BFF1202469BFF35F8F114A9360BFF32E
:107D50005F8FBFF35F8F1564BFF35F8FBFF35F8FDC
:107D60005064BFF35F8FBFF35F8F5163BFF35F8FCB
:107D700044F4802444F00104BFF35F8F1460BFF328
:107D80005F8F0020D2E74FF40071F1202546DAE73B
:107D90000010805170B503780D461446002B53D067
:107DA000BFF35F8F2D4A136BBFF35F8F5908C3F387
:107DB0004203052B4BD011F0060F02D14FF0FF30DC
:107DC00070BD4368D3B9BFF35F8F5368BFF35F8F54
:107DD000032BF3D9224B2349BFF35F8FD2F8806086
:107DE000BFF35F8FBFF35F8F43F8046BBFF35F8F09
:107DF0008B42F1D1FFF768FF01234360BFF35F8F30
:107E0000164B9A68BFF35F8F0132B4EB021F21D883
:107E1000BFF35F8F5A68BFF35F8FB4EB820FCDD88B
:107E200084B1BFF35F8FD3F88020BFF35F8F291D2C
:107E300005F8012B8D424FEA122204F1FF34EFD0F6
:107E4000002CF5D10020BBE76FF02000B8E76FF001
:107E50005100B5E76FF03F00B2E700BF001080515E
:107E6000101080512010805110B50446FEF726FAFC
:107E7000104B186800F0FEF90CB101232370BFF31A
:107E80005F8F4FF0A3430022DA61BFF35F8FBFF330
:107E90005F8F4FF0FF321A63BFF35F8FBFF35F8FC7
:107EA0003422DA61BFF35F8F0122034BC3F804234E
:107EB00010BD00BF080D00200080045010B504461E
:107EC00038B9FEF71BFABDE81040074B186800F000
:107ED000EBB903783BB1FEF711FA034B186800F0D9
:107EE000E3F90023237010BD080D002038B51C4CA9
:107EF000D4F80051C5B1BFF35F8F4FF0A343996A27
:107F0000BFF35F8FBFF35F8F4FF0FF321A63BFF392
:107F10005F8F0023C4F80031D4F80031114B18688A
:107F2000BDE8384008F0CABAD4F8083153B100F0BF
:107F3000B9F808F029F8C4F80851D4F8083101213B
:107F4000094BECE709494423094A0A4801F0FCFEC1
:107F5000094801F0F9FE4421054801F0ECFE00BF9C
:107F600000800450100D00200C0D002039CF0400BB
:107F7000C1ED04003A80040027EE040008B5074B69
:107F8000186808F08AFA064B186808F086FABDE807
:107F90000840002248201146DAF7C2BE100D00202A
:107FA0000C0D002038B5094B1C7864B1084B4FF01C
:107FB000FF311D68284608F072FA4FF0FF31044681
:107FC000284608F079FA204638BD00BF0E8100200F
:107FD000100D002038B5074B4FF0FF311D682846C3
:107FE00008F05DFA04464FF0FF31284608F064FAC5
:107FF000204638BD0C0D002010B5064C236D3BB952
:10800000214651F8503B986908F00BF9012323658C
:10801000014810BDCC7B00201C7C002038B500241A
:108020000B4D0C4BEC662B6003F5C0436B60FFF708
:10803000E3FF50B16B6D2046B3F5007FCCBF4FF42A
:1080400080634FF40073AB6038BD0E20FCE700BFC7
:10805000CC7B00200020805170B50E460E4B0F4C9B
:108060000546186800F006F9C4E90464FEF726F92D
:1080700004220B4BC3F80423204607F067FF38B9EE
:10808000204607F068FF18B9C5E90040284670BDD2
:10809000FFF7A0FFF0E700BF140D0020CC7B00200D
:1080A0000080045000487047CC7B00200422084B1D
:1080B00010B5C3F808230446FEF720F90023236116
:1080C000A364044BBDE81040186800F0EDB800BF91
:1080D00000800450140D002000487047CC7B002025
:1080E000004870471C7C0020244B0340B3F5806F90
:1080F0002FD017DC402B2ED008DC102B2DD0202BBE
:108100002DD0181E18BF012040007047B3F5807FA6
:1081100027D0B3F5007F26D0802B08BF0B2018BFD7
:1081200002207047B3F5804F1FD00ADCB3F5805FA3
:108130001DD0B3F5005F1CD0B3F5006F08BF06205B
:10814000EDE7B3F5004F16D0B3F5803F08BF03202D
:10815000E5E7112070470A2070470C20704709207E
:10816000704708207047072070471420704705208B
:108170007047042070470F20704700BFF0FF0100D8
:1081800010B50C4641F22C0107F030FFC0F38120FE
:1081900003280EBF0023024B1B56236110BD00BFF6
:1081A000FFEE04002DE9F0431E4B87B081460F46D9
:1081B00001A819681646D2F80480FFF74DFFDDE9E3
:1081C00001545CBB22463146284603AB07F0ACFFA6
:1081D000044618BB42464946039807F0A9FEDDE96C
:1081E00004233146284607F071FF284608F005F8B9
:1081F000284607F0E6FE044680B9284607F078FFD7
:10820000424601680646384608F07DF942467168E4
:10821000B81808F078F92846FFF748FF204607B05D
:10822000BDE8F083E879040070B50F4E0F4C0546A9
:10823000306800F01FF8206830B980220C49FEF742
:10824000EFFA70B9202323602368094A013B2360B9
:10825000002452F823202A60306800F025F82046D8
:1082600070BD0224F8E700BF180D00203C7C002000
:10827000407C002008B54FF0FF324FF0FF33EBF7A2
:10828000A7FF48B1054906481723064A01F05CFDDF
:108290001721044801F04FFD08BD00BF35D7040089
:1082A0003A80040002EF040008B5ECF761F848B129
:1082B000054906481F23064A01F046FD1F210448D0
:1082C00001F039FD08BD00BF35D704003A80040035
:1082D00002EF04002DE9F74F002782460C46934633
:1082E000009700F10C06EFF31189402383F3128805
:1082F000BFF36F8F3046EEF7F5FE68B98823194A51
:1083000019491A4801F020FD3146194801F01CFDB9
:108310008821144801F00FFD3046EEF707FFDAF828
:10832000085050466C4004EA0B0205EA0B08554021
:1083300010496A46CAF808500195EEF7A1FD009C65
:1083400044B12046C4F8AC70A5660021646EEDF718
:1083500087FEF5E730464946EEF788F8404603B019
:10836000BDE8F08F56890400838904003A80040038
:1083700098890400C10404002DE9F04F85B09046AF
:10838000DDE90E2B06460C46EFF3058179B152EA82
:108390000B010CD03E49F9233E4A3F4801F0D4FC82
:1083A0003E4801F0D1FCF9213A4801F0C4FC0392A7
:1083B000002C5BD008F001030293EEF7C3FB06F13B
:1083C0000C050746EFF3118A402181F31288BFF3B1
:1083D0006F8F2846EEF786FE039A60B98823304AED
:1083E00030492D4801F0B0FC29462F4801F0ACFC83
:1083F00088212B48D9E728460392EEF797FE18F01C
:10840000020F1CBF0021B160D6F80890029B039AAE
:1084100009EA04019BB18C4213D12846EEF770FEA5
:10842000F0B940F231131E4A20491B4801F08CFC80
:1084300029461F4801F088FC40F23111D9E7002994
:10844000EBD152EA0B0115D12846EEF759FE002870
:10845000E7D08AF31188BFF36F8F4FF0000903E074
:108460008AF31188BFF36F8F04EA0904204605B030
:10847000BDE8F08FC7E91A485146CDE9002B2846E0
:108480003246EDF749FE0028E7D1D7F86890EBE7D0
:1084900011E4040047EF04003A800400C49904008A
:1084A000568904008389040098890400AE89040079
:1084B000C589040008B5EFF305834BB107490848A7
:1084C0003623084A01F040FC3621064801F033FC0F
:1084D000C0E90233C0E9000008BD00BFA3E3040007
:1084E0003A80040047EF040008B5054B044613B179
:1084F0000021AFF3008001F0ABF92046DAF7BEFFB0
:1085000000000000F8B50E4B06461D68AB789B07CF
:1085100012D56F6816F8014B29462CB90A20B847C6
:10852000002805DB204609E02046B8470028F1DA9C
:10853000AB7843F00403AB704FF0FF30F8BD00BFE1
:10854000F81F04000CB430B589B005460C461C2257
:10855000002101A807F0FEFF022305958DF80630E3
:108560000D4B029323462CB1B4F1004F28BF4FF0BE
:108570000043013B1D440DAA0C9901A806950092E9
:1085800000F00CF914B1059B00221A7009B0BDE887
:10859000304002B0704700BF57090400242AF0B5EC
:1085A000044601D8012A40D12E4B162208F0DCF9EE
:1085B0001A5001B10C600020F0BD2F463D4615F861
:1085C000010B2028F9D0A0F109060346042EF4D9A6
:1085D0002B282CD02D282CD10126BD1C7B78302BAC
:1085E0002DD1287840F02000782824D132F01000D6
:1085F00021D16B782C46102202350020392B82BF06
:1086000003F1FF3343F02003263B303B9A421AD953
:10861000A0FB02040CB9C01801D346F002062F4695
:108620002C4617F8013B3D46E8E70746C6E700261B
:10863000D3E70026D3E7002A08BF0822DDE7002A97
:1086400008BF0A22D9E701B10C60F20748BF4042D7
:10865000B307B1D5034B222208F086F91A504FF028
:10866000FF30A9E70C0000002DE9F0410126074684
:10867000B24201DCBDE8F0813B461F4613F8014BD6
:10868000002CF7D0252CF8D11C780237252CF3D0FC
:108690000023DFF804819C461D461F2D18D8A4F145
:1086A000200EBEF1100F09D9A4F1300EBEF1090F52
:1086B0001ED80A24202504FB03E304E028FA0EFE5A
:1086C0001EF0010F06D017F8014B002CE5D128E071
:1086D0007F2D1CD8A4F1300EBEF1090FE9D9242C4E
:1086E00010D1BCF1000F46D0B34246D00023EAE7D8
:1086F00024F0040EBEF12A0FF8D06C2C09D145F0FD
:108700008005E0E724F0040EBEF12A0FEED06C2CB9
:1087100022D06C2C1BD8682C23D06A2C28D04C2C4F
:1087200026D0BCF1000FA5D0B445A1D144F020075C
:108730000B68A7F1650CBCF1020F01D9612F1ED1A6
:10874000073323F00703083301360B608FE7742CDF
:10875000B9D07A2CB7D0E4E72C0648BF45F40075B1
:10876000CDE7EC0548BF45F4007545F48075AAE7F0
:1087700045F42075A7E79C46B8E76324D6E7692C43
:1087800002D007D8632C03D02F0601D5AC05D7D46F
:108790000433D9E7732CF6E7892801002DE9F04F5F
:1087A000436893B08046019383789807CDE9061219
:1087B00016D50B4600250B921F789FB1252F15D09B
:1087C0000133059341463846019B013598470028FF
:1087D00080F22A8498F8023043F0040388F80230CB
:1087E0004FF0FF35284613B0BDE8F08F5F789A1C34
:1087F000252F0592E6D000242646A246A346BBF1CB
:108800001F0F32D8A7F12003102B0AD8DFE803F09E
:108810002409092A0909091B090909220927090943
:108820001900A7F13003092B2DD92A2F39D154B9BA
:108830000B9B1BF0400F53F8042B0B9329D01646CB
:1088400001E04BF0010B059B13F8017B0593002F12
:10885000D5D15BE04BF0020B4BF0040BF3E74BF090
:10886000080BF0E74BF0100BEDE7BBF17F0F3FD8A3
:10887000A7F13003092BD8D81BF0400F03D00A22F0
:1088800002FB0636DFE70A2202FB0A3A4BF0200B16
:10889000D9E7B2F1000AF9DACAF1000A4BF0280B65
:1088A000D1E72E2F05D11BF0400F9BD14BF0400B91
:1088B000C9E7242F1CD1002C00F03E81079B1BF040
:1088C000400F0B930AD152460BA90698FFF7CCFE36
:1088D0000B9B1A1DD3F800A00B92B4E732460BA9EC
:1088E0000698FFF7C1FE0B9B1A1D1E680B92AAE7A4
:1088F0006C2F00F00E8100F20581682F00F01181CD
:108900006A2F00F016814C2F00F0138134B1079BC1
:1089100022460BA906980B93FFF7A6FE002E47F000
:108920002009B8BF2BF0400BA9F16503BCBF00269E
:108930001FFA8BFB022B40F20481B9F1610F40F06A
:108940005882FF431BF0400F0CA84BF4C05407F0B3
:10895000200308BF4FF0FF36049331460B9B0733CB
:1089600023F0070303F1080293ED000B0B92049A26
:1089700007F058FF0130C3B2B342029301DB029B00
:108980005E1E01230C9FA3464FF07009039307F16D
:108990000903122B0DD907F16303C62B40F20A819C
:1089A00007F2E73340F2CE72934294BF03230423CD
:1089B00003939DF8342002F00C0312F0010240F002
:1089C00014811BF0020F40F00D811BF0040400F035
:1089D000F380002B40F00C8120231BF4405F20D15A
:1089E000029A002E02F1480208BF01266A44133A97
:1089F000029921B112F8011D302900F02E811BF0DF
:108A0000100F029A18BF3246391DC0F22B81B742AF
:108A100080F22881BA424BF4005B40F325817E1C32
:108A2000961B1BF40052089200F0208127EAE7749D
:108A3000013403B10134002E00F02081721C144473
:108A4000A245CCBFAAEB040400241BF0090F04D1FB
:108A50002C44A54240F0178100243BB11846414602
:108A6000019B013598470028FFF6B4AE1BF4006F58
:108A700012D041463020019B98470028FFF6AAAE4D
:108A8000049B41460235C3F17800019B00F0F800D9
:108A900098470028FFF69EAE1BF0080F05D12C4426
:108AA000AC4240F0FC8025460024089B002B00F0DF
:108AB000158127EAE77A7642A7EB0A07029B0AF1BB
:108AC000FF3A05F101094146BB4289BF0CAB30209A
:108AD000FB1858795645019B00F3EA809847002817
:108AE00007F10107FFF676AEBAF1FF3F08D1414624
:108AF0002E20019B98470028FFF66CAE05F1020975
:108B00004D46DBE7742F3FF49EAE7A2F3FF49BAEC9
:108B1000FCE61BF0800F18BF4BF4007B4BF0800B82
:108B200091E61BF4807F18BF4BF4007B4BF4807BF5
:108B300089E64BF4207B86E626465446B346B24689
:108B400081E6FF431BF0400F07F0200308BF062615
:108B5000B9F1650F04930B9B03F1070323F007039F
:108B600003F1080293ED000B0B9211D1711C00224E
:108B70004BF4805BC9B2134611290CA828BF112100
:108B800000F0F2FA0C9FC3B2029302230393FEE6B5
:108B9000B9F1660F05D14BF4005B33460122112178
:108BA000EAE7F1B200224FF065090129134638BF08
:108BB0000121E1E70223FBE6002B3FF40EAFBAF1FF
:108BC000030F39DC9DF83430A14E13F0080FA14B90
:108BD00008BF1E463746B94617F8010BA0BBAE1BAF
:108BE000B14478E023BB2B23F7E61BBB2D23F4E62F
:108BF0002022BAF1040F12DD1BF0080FAAF10404C1
:108C00000ED12C4441462020019B01350292984709
:108C10000028FFF6DFADA542029AF3D192B10024FD
:108C200041461046019B013598470028CADAD1E534
:108C30002B22DEE72D22DCE71BF0080FAAF103044C
:108C4000C0D1DEE71446BDE7049B4146C01A019B34
:108C5000C0B298470028BEDABCE502990139C9B212
:108C60000291C5E6561EDCE60026DAE61BF4006F2C
:108C7000039A0CBF032405241444DAE61BF0100FFA
:108C800018BF0134DCE609934146019B2020984738
:108C9000002805F10105099BBFF6DBAE9AE54146C8
:108CA0003020019B013598470028BFF6F9AE91E5C9
:108CB00098470028FFF68EAD1BF0100F0BD0BAF1CD
:108CC000FF3F08D105F1020941462E20019B98473C
:108CD0000028FFF67FAD4D464C442CE241469DF8FE
:108CE0003500019B98470028FFF674AD002E65DD26
:108CF00041462E20019B98470028FFF66BAD4FF0B0
:108D0000010A029B4146D3469A45B7BF0CAB3020BF
:108D100053445879019B98470028FFF65BAD0AF150
:108D2000010A5645EDDA02355D44049B4146A9EB44
:108D30000300019BC0B298470028FFF64BAD002FFF
:108D40004146019BB6BF2D202B207F42984700282B
:108D5000FFF640AD039B042B3DD14FF47A79414699
:108D6000019B0335B7FBF9F606F13000C0B2984716
:108D70000028FFF62FAD09FB16774FF06409414636
:108D8000019B0135B7FBF9F606F13000C0B29847F8
:108D90000028FFF61FAD09FB16774FF00A09414680
:108DA000019B0135B7FBF9F606F13000C0B29847D8
:108DB0000028FFF60FAD09FB167713E01BF0100F2C
:108DC00001D10135B1E741462E20019B023598477C
:108DD0000028AADAFEE4039B0235032BCDD0039BC7
:108DE000012BDAD107F1300005F101094146C0B28B
:108DF0006CE7A7F16303122B00F2FF80DFE813F0AA
:108E000013005700FD00FD00FD00FD005700FD00B0
:108E1000FD00FD00FD00FD001701F800FD00FD0054
:108E20002C00FD00B9000B9B01240CAF1A1D1B6820
:108E30000B928DF830301BF0080F2ED03E19B9463A
:108E4000B1452CD1EF1BB944AAEB040443E700BFA2
:108E5000A1EF0400078F04000B9B1A1D0B921F68E3
:108E6000AB4B002F08BF1F461BF0400F384614BF06
:108E700031464FF0FF3107F0ABFB0446DBE74146DC
:108E80002020019B98470028FFF6A4AC013EB44285
:108E9000F5D35544B246AD1BD0E75646F7E74146F9
:108EA00019F8010B019B98470028C9DA92E41BF0DE
:108EB000800F0B9B35D01BF4007F2DD0073323F0A0
:108EC000070303F10802D3E900010B922BF010090C
:108ED00000291FFA89F936DA404249F4806961EBCA
:108EE00041010DF1300B0A235A4607F07DFB19F0C2
:108EF000400FA0EB0B0B65D029F001025E4592B24A
:108F000040F3B280002F00F0A98019F0100334461E
:108F1000914626D002345CE01A1D18680B92C117E6
:108F2000D4E71A1D1BF4807F19680B9201D1084603
:108F3000F5E71BF4007F19BF48B241F3C01108B236
:108F400041F3C031C2E750EA0103CAD11BF0400F20
:108F5000C7D0002EC5D12BF0110B34461FFA8BF968
:108F6000B34640F2064319EA03031CBF0134002351
:108F70002FE02BF0100B0A231FFA8BFB1BF0800451
:108F80000B9A57D01BF4007115BF0732101D22F049
:108F900007020B900FBF106802F108010B91D2E994
:108FA000000150EA010252D12BF016091BF0400FCC
:108FB0001FFA89F94FD0002E4DD12BF0170B1FFA55
:108FC0008BF9B34619F0100352D0002F4ED10BF19C
:108FD000010419F0080F5ED119F0010F06D0A24567
:108FE0006EDDAAEB040404EB0B06544622464DE06A
:108FF0004BF0100B10237827C0E7B9F1780F04D19C
:10900000C7F1780343F01003B8E741462520019BE0
:1090100098470028FFF6DEAB41463846019B98474B
:109020000028FFF6D7AB0235059BFFF7C5BB082329
:109030000027A3E7111D10680B911BF48071B0D0BD
:109040001BF400711ABFC0B2214680B2A9E72BF011
:10905000060B1FFA8BF90DF1300B45E729F01109CA
:1090600034461FFA89F97CE79146ABE75C4651E745
:109070005C4676E7CDE9022341462020019B9847D4
:109080000028FFF6A7AB029A039B01329245F1DC60
:109090002C1BA5181446F3B141463020019B98477C
:1090A0000028FFF697AB6FB90135A9462E44A6EB11
:1090B00009035B4521DC5D460CAE5DBBD944C3E6CC
:1090C0005E4693E7023541463846019B98470028A3
:1090D000EBDAFFF77FBB40F2064319EA030FE4D057
:1090E00019F0020F05F10105414614BF2B20202085
:1090F00019F4806F18BF2D20E7E741463020019B0F
:1091000009F1010998470028D1DAFFF763BB00BFD6
:10911000A5EF0400013D4146019B705D9847002882
:10912000CBDAFFF757BB41462020019B013598471A
:109130000028FFF64FAB631B002BF4DC74E700BF85
:109140001FB502AB074A00934FF0CC3307F030FB5A
:10915000DDE90201C00840EA4170C90805B05DF8C8
:1091600004FB00BFCDCCCCCC2DE9F04F9DB055EC2D
:10917000104BCDE90C322A46C5F313030B91290D90
:10918000D20FC5F30A5507908DED050A0A9275B9FD
:1091900022461A431BD130230126056043710A9BE6
:1091A00043F00203037130461DB0BDE8F08F40F27A
:1091B000FF7295424DD1059A002613430A9B079AE8
:1091C00014BF43F0080343F004031371EBE7059A5F
:1091D0004FEA83089A46B14D02F001020992059ABE
:1091E00048EA9278970001221646C5F1000B0892D2
:1091F000584600F019FAB5F1FF3FACBF8146A0F127
:109200000109ABEB090B09EB05035846069300F087
:1092100011FA18A9A0F17D05584600F02BFA14ABFD
:10922000089AA9EB0505019312AB029251460093EF
:1092300018AA2B46059807F0FEF9B9F1010F04466C
:109240000D4600F2D880099B002B40F0CB8001270F
:109250006FE0059A43F4801AA5F2354502F0010249
:109260004FEA8A080992059A134348EA92784FEA2E
:1092700082074BD140F2FE7319420CBF0126002633
:10928000002D3246B1DB284600F0C8F90346032D15
:10929000C8BF013B1846069300F0CCF9069B7C3012
:1092A00018A95D1B0544184600F056FA14AB18AA1D
:1092B0000598019312AB5146029600932B4607F096
:1092C000BAF9069B04460D46152B00F2888016ABB2
:1092D000734A3846414600934FF0CC3307F068FAA2
:1092E000169B179A9B0843EA827303EB8303BB42E6
:1092F000DDE9129A0CD13846414600F0A3F9069BED
:1093000083428CBF00270127002612E00126B7E721
:10931000099B002B53D1013F48F1FF31B81B61F18C
:10932000000100F08FF9069B099F83428CBF002645
:1093300001260D9B002B40F09380DDF82CB04FF000
:1093400000084FF00A0ACDF82080CDF81480DDE93E
:109350001201FFF7F5FE149BCDE90E011846159991
:109360001093FFF7EDFE0E9B81460F9A98420B4635
:109370001191934180F08E8020462946FFF7E0FE50
:109380000AFB09F3109AB8F1000F14BF002707F089
:1093900001070AFB10480D46934214BF002606F051
:1093A00001060E9B5FFA88F8044612930F9BCDE9E5
:1093B0001339119B1593089B01330893C7E7B81C19
:1093C00048F1000100F03EF9069B83428CBF00206B
:1093D0000120B9EB00006AF10002CDE9120200277A
:1093E0003E46A6E7129B0127139A013B42F1FF324A
:1093F000CDE9123288E7B9F13E0FF0D84FF0FF33D4
:10940000A9F12000C9F1200103FA09F203FA00F0E2
:1094100023FA01F103FA09F3024327EA03070A4397
:1094200028EA020857EA08070CBF012700276BE764
:1094300000FB02FC0133A1FB001262448C4275EB7D
:10944000020CF5D2069A13440C9A1344D20F93429D
:10945000B8BF13460B9A9A42A8BF1A4693466EE7C6
:109460000A21002201230846E8E70AFB03F0013144
:10947000A2FB0A230344944275EB0300F5D259453D
:1094800010DDBBF1000F02D154EA05030AD001231D
:10949000059371E70A2200230121ECE7CCFBFFFFD3
:1094A000CDCCCCCC7EB34FF00A0A149B159918464C
:1094B0000F93FFF745FE0F9B0AFB00F281460E91CA
:1094C0009A4220D1B8F1000F14BF002707F001071E
:1094D000DDE91201FFF734FE10900F912046294676
:1094E000FFF72EFE0F9B0AFB1048109A04460D460C
:1094F0005FFA88F81292CDE913390E9B1593089BF9
:1095000001330893D1E7069B089A13449946002F2C
:109510005DD0B8F1050F5AD114F001034DD1059A71
:1095200032B9DDE914239D4208BF944262D0059B05
:1095300018194FF00A044FF000024FF0010645F1F0
:1095400000012546A04271EB020756D2FBB1B3459C
:109550001DDA0D9B73B106EB09030C9A1A44012A1C
:1095600013460B9AB8BF01239A42A8BF1A469642E7
:1095700093460CDD053009F1010906F1FF364FF085
:109580000A024FF0000341F10001D0F797FC5E455D
:109590000FFA89F9079BA8BF5E4636B2B14406F1BF
:1095A000050809F1FF3798444FF00009B1452BDB5E
:1095B000079B0A9A1F601A71F5E5059B2BB9DDE937
:1095C00014239D4208BF944209D00123B0E7059BB4
:1095D00053B9DDE914239D4208BF944204D1099B8D
:1095E000002BF2D1002EF0D0B8F1040F94BF00236D
:1095F00001239DE74FF00408F1E705FB02F7013670
:10960000A4FB05423A449DE70A220023D0F756FC0A
:10961000303209F1010908F8012DC7E7014B584321
:10962000800C704741340100014B5843000D7047D6
:10963000FB2E0B00024B5843C00C0130704700BF9B
:109640004F93120070B50346094A00204FF0CC3604
:109650004FF0333506FB03F402FB0144A3FB023158
:1096600021449D4275EB010401D30130F2E770BD46
:10967000CDCCCCCC1A232DE9F04FB0FBF3FA334E0E
:1096800003FB1A0389B004460D4606EB0A1653B9CC
:10969000D6E90023C1E90023D6E90201C5E90201A8
:1096A00009B0BDE8F08F2A4A02EBC303D3E9008971
:1096B00004AB404649460093D6E9022307F078F808
:1096C00006AB83460F46404649460093D6E9002341
:1096D00007F06EF800238146DDE9066216EB0B0603
:1096E00052EB070828BF012333B1049B059A0133CD
:1096F00042F10002CDE9043220460391FFF79AFFC0
:1097000007461A2000FB0AF0FFF794FF3F1A324683
:10971000434648460399009707F065F80D4A4FEA1B
:10972000141C640004F01E0352F82C40DC4004F0CA
:1097300003042418304641F10001DDE90423C5E9A2
:1097400000414146009707F04EF8A7E7D81C0400F7
:10975000081C0400007A04002DE9F04F1A2700F1DC
:109760001905DFF8E8A089B004460E46B5FBF7F509
:109770006F434FEA051B0AEB05153A1A0AD1D5E9E2
:109780000023C1E90023D5E90201C6E9020109B0BD
:10979000BDE8F08F2B4B03EBC203D3E9008904AB88
:1097A000404649460093D5E9022307F001F85AF8EC
:1097B0000B206B68013ACDE9020106A963F10003B1
:1097C00040460091494606F0F3FF8A46029900237D
:1097D0008146DDE906526D18039952EB010828BF56
:1097E000012333B1049B059A013342F10002CDE914
:1097F00004323846FFF71EFF07462046FFF71AFFE0
:109800003F1A2A46434648465146009706F0EBFF6A
:109810000D4A4FEA141C640004F01E0352F82C4059
:10982000DC4004F0030401342418284641F100010F
:10983000DDE90423C6E900414146009706F0D3FF65
:10984000A3E700BF081C0400547A0400A81D04000C
:1098500038B5074D074C641BA41024B9064B0BB157
:10986000AFF3008038BD013C55F824309847F4E749
:10987000000000000000000000000000704701F040
:10988000A2B80023D7F7EEBE10B483682822DC68A4
:109890004CF25033A4465DF8044B604710B4836823
:1098A0005C684FF0FF33A4465DF8044B604700212D
:1098B0000F2008B504F005FA002147F61220EDF755
:1098C000A1F8F9E7836800EBC101B3F5004F2CBFA5
:1098D00051F8220031F81200704700EBC101806896
:1098E000B0F5004F2CBF41F8223021F812307047FC
:1098F000012208B5FFF7E6FFD04008BD836800EB02
:10990000C101B3F5004F08D34B681AB143F001030E
:109910004B60704723F00103FAE74B881AB143F01C
:1099200001034B80704723F00103FAE75300012243
:10993000FFF7D3BF8368B3F5004F34BF0423082378
:10994000C91A081AC0087047B0F5004F34BF042385
:1099500008230731C818C00870470A4608B5012116
:10996000FFF7F2FF0132121AB2FA82F0C0F11F00C3
:1099700008BD2DE9F041174603220E460446FFF7C5
:10998000A1FF8642054607F104080AD10122E368D7
:10999000BA4023EA0203E360002344F82830BDE81C
:1099A000F081314602222046FFF78CFF06462B4607
:1099B00001460322204644F82850FFF78EFF334625
:1099C00029462046BDE8F0410222FFF786BF70B568
:1099D0000D4686680446FFF78BFFB6F5004F01463B
:1099E00001D3012809D03046FFF7B7FF29460246C8
:1099F0002046BDE87040FFF7BCBF70BD2DE9F047C1
:109A0000054680688846FFF7A8FF05EB800ADAF86C
:109A100010900646B9F1000F1BD00327DAF810406A
:109A200028462146FFF764FF404507D332462146CA
:109A30002846FFF79EFF2046BDE8F0870322214617
:109A40002846FFF73FFF013FCAF8100001D08145CB
:109A5000E4D14FF0FF34EB680136B4401C40EAD04B
:109A600094FAA4F2B2FA82F2131D55F82340DEE70D
:109A70002DE9F04114460E460546FFF739FFA4EBE9
:109A80000608371B0744424631462846FFF74EFF7B
:109A90003A4621462846FFF749FF43460022214621
:109AA0002846FFF71AFF21462846FFF721FF3B46CD
:109AB000211800222846BDE8F041FFF70EBF2DE92E
:109AC000F041164604460F46FFF712FF31460546A1
:109AD0002046FFF70DFF05442A4639462046FFF78A
:109AE00025FF31462046FFF703FF2B4631180022A1
:109AF0002046BDE8F041FFF7F0BE2DE9F0410D46EC
:109B000086680446FFF7F4FEB6F5004F014601D320
:109B1000012832D03046FFF720FF04EB80010E69A8
:109B200096B90122E36882401343E36002220D618B
:109B30002B4629462046FFF7D0FE03222946204621
:109B4000BDE8F041FFF7C9BE022231462046FFF7CB
:109B5000B9FE0746034629462046FFF7BEFE03220C
:109B6000334629462046FFF7B8FE39462B462046A5
:109B7000FFF7B3FE02223146E1E7BDE8F081F8B518
:109B80000C460546FFF7B4FE26180122314628464A
:109B9000FFF798FEC3070CD431462846FFF717FF9E
:109BA00021462846FFF7A4FE214622182846FFF743
:109BB00086FF002221462846FFF784FE271A01224D
:109BC00039462846FFF77EFE10EA020613D13946D1
:109BD0002846FFF7FCFE214632462846FFF772FE74
:109BE0002246211A2846FFF76AFF214632462846B8
:109BF000FFF768FE241A21462846BDE8F840FFF723
:109C00007CBF70B5066809B9002070BDB068B0EBC4
:109C1000D10FF9D9FFF798FE014605463046FFF708
:109C2000EDFE04460028EFD001463046FFF760FE07
:109C3000A84209D92544214630462A46FFF718FF95
:109C400029463046FFF759FF304601222146FFF7EB
:109C500055FEB368B3F5004F34BF0423082303EB6C
:109C6000C4031844D1E71146FFF7CBBF2DE9F047F5
:109C700006460D46174698462BB34FF0000A98F853
:109C8000004093F80190DB78A40004EB430498F8BB
:109C900002301C444444CA4509D339463046AC46D8
:109CA000D8F8042008F10803BDE8F047604714F82D
:109CB000013B0AF1010A204648F82340D4F7A8F8EE
:109CC00001300444E7E76FF01500BDE8F08770B598
:109CD000002502462846144614F8013B0BB91846E5
:109CE00009E098B18D4207D1702B04D0A3F1400256
:109CF0003A2A0BD8002070BDA3F140063A2E05D8B1
:109D000053780135941C002BE9D00020252B2246E6
:109D100008BF80F00100DEE7002070470FB407B5F0
:109D200004A951F8040B0191D5F72EFF03B05DF89B
:109D300004EB04B07047002383F31188BFF36F8FE7
:109D40000423184602DF70470FB407B504A951F881
:109D5000040B0191D5F718FF03B05DF804EB04B0D4
:109D6000704710B50369024613F0080009D1136863
:109D7000D4689C429BBF0120526AE31AD31A0B603D
:109D800010BD00231846FAE713B501A90446FFF7F2
:109D9000E8FF20B1019BE268013B13440193606A34
:109DA000019BC01A013802B010BD10B5044650180E
:109DB0002269636AD20702D5013B184010BD984260
:109DC00028BFC01AFAE710B504460A46C168FFF773
:109DD000ECFF2369E06023F00803236110BD38B570
:109DE0000D46026A8B00016843F00203044642F804
:109DF000213001682A46FFF7D8FFE368616898427E
:109E000008BF2369206008BF43F008032A462046A4
:109E100008BF2361FFF7C9FF606038BD2DE9F74F28
:109E2000C768066A9B4606EB8703009316F827303F
:109E3000044603F00303022B884691464FF00003CB
:109E40000BD01360CBF8003023699B0713D44FF07D
:109E5000000A504603B0BDE8F08F56F82710136093
:109E60008908CBF80030EFD0FFF7ADFFE368A360BF
:109E70004FF0010AEDE7E3690098984716F82720AC
:109E8000054612F0010AE2D012F002021FD0B8F12A
:109E9000000F03D041462046FFF7A1FF61682A4624
:109EA0002046FFF782FFD4E902219142606006D18B
:109EB0002A462046FFF779FF4FF0000AA060A2680B
:109EC0002260E260226942F008022261C1E7014695
:109ED00020460192FFF777FFE368A360B8F1000F17
:109EE00004D02168236A019A43F8212005EB080277
:109EF000CBF8002021682046FFF757FF2369206038
:109F000043F00803236116F827306FF3000306F8C7
:109F10002730009BC9F80030AAE770B50446154603
:109F2000FFF743FF2368834205D12369216023F0B3
:109F30000803236170BD226AAB0043F0020342F8BC
:109F4000213061682A462046FFF72FFF6060F1E765
:109F500038B5036904465B0706D5856AFFF714FF29
:109F600085422CBFA562A06238BDF0B564230546CA
:109F7000042600200A2769B9F0BD9A42B2FBF3F427
:109F80000CD2012B0AD048B903FB14220A24B3FBDC
:109F9000F4F3D2B2013EF0D12E70EDE7303405F883
:109FA000014BB2FBF3F403FB1422B3FBF7F30139CB
:109FB0000130C9B2C0B2D2B2DBB2DCE7A0F13003EB
:109FC000DBB2092B02D800200B707047A0F16103AF
:109FD000052B02D85738C3B2F5E7A0F14103052B92
:109FE00001D83738F7E76FF015007047F7B5054629
:109FF00001F0010000EB51069E424FEA510703D9E0
:10A000000026304603B0F0BD58B128780DF10701A5
:10A01000FFF7D4FF0028F3DB9DF80730013502F885
:10A02000013B01351744BA42EBD015F8010C0DF194
:10A030000701FFF7C3FF0028E2DB9DF8074024017A
:10A04000E4B2147015F8020BFFF7B8FF0028D7DB55
:10A050009DF807301C4402F8014BE4E7838B13F0B2
:10A06000070305D10368002B0CBF002003207047B5
:10A07000022B05D1C08BB0FA80F0400980007047F8
:10A08000012B05D10368002B0CBF00200520704771
:10A090000020704710B50C4600B111B96FF01500E3
:10A0A00010BD081D00F02FF80028F9D1A368032B7C
:10A0B000F6D9F3E72DE9F0410D4607461946281D6C
:10A0C00090461E46D6F738FB044638B13346424622
:10A0D00029463846A446BDE8F0416047BDE8F08116
:10A0E00038B50C46054658B151B10B6843B14B68C1
:10A0F00033B12022002106F02DFA00202C6138BD5A
:10A100006FF01500FBE7034640B1426802F003021E
:10A11000022A06D0032A04D0012A05D06FF01500C8
:10A1200070471A68002AF9D000209860704770477D
:10A1300070B41E461546DDE9032381690468806B0F
:10A1400006FB0141294484682468A44670BC60472A
:10A1500000224B6801334B60C069924208BF8342C2
:10A1600008BF4A60704700F02EBC10B5411C044681
:10A170000F22FF20D5F764F9207010BD10B5437889
:10A1800004468B4209D1411C0F22FF20D5F758F914
:10A1900023781B1A5842584110BD0020FCE710B527
:10A1A00041780446FFF7EAFF40B14FF6FF7362883B
:10A1B0009A4206D16068431C5842584100F00100A1
:10A1C00010BD0020FAE70368012B81BFC91801F117
:10A1D000FF315B42194008467047EAF7C9B82DE9DC
:10A1E000F04F036C9046D1E9002400265B00B2EBEF
:10A1F000030B64F1000407460D46A146C1E900B413
:10A20000C8E9006489B00DF1100A5E4579EB0403DA
:10A2100004D30023184609B0BDE8F08F10235A4636
:10A22000CDE900A338462346FFF782FF0346002806
:10A23000F0D1039097F820105046FFF79FFF78B1B8
:10A24000BDF81210039B08291E4607D9F86BFFF7CB
:10A25000BAFF069B18448619C8E90069C5E900B42D
:10A260003B6CBBEB03039B4664F10004CDE710B5E8
:10A27000016C826986B0521A4FF0100102AC63F192
:10A28000000301910094FFF753FF002808DB2046EC
:10A29000FFF785FF30B100209DF80920089B1A7058
:10A2A00006B010BD6FF00100FAE72DE9F3414FF061
:10A2B0001008026C85695200AD1A63F10006099B13
:10A2C0002A460093CDF8048033460446089FFFF7E2
:10A2D0002FFF58B92046226CCDE90878521946F173
:10A2E000000302B0BDE8F041FFF722BF02B0BDE8B5
:10A2F000F081F7B5DDE90876CDE900760546FFF790
:10A30000D4FF0446D8B93846FFF749FFB8B1304604
:10A310007178FFF733FF90B1738883B973680133A5
:10A320000DD1B268AB699B1A2A6CB3FBF2F102FB48
:10A33000113323B97C787378E31A5C425C41204680
:10A3400003B0F0BD30B50C46D1E900130546026CF0
:10A350008BB0521843F10003C4E90023006CA969D3
:10A36000A1EB40018A4213D1ABB9E9699A184B1E9F
:10A3700006A9C4E90023019102A928460091FFF72C
:10A38000B8FF002805DB08D1D5E90223C4E9002382
:10A3900000200BB030BD013BEAE7089B2360F7E7E4
:10A3A000102337B5CDE90023D1E9002305460C463B
:10A3B000FFF7BEFE30B92146284603B0BDE8304065
:10A3C000FFF7C0BF03B030BD2DE9F04F06464FF098
:10A3D000FF398DB0CDE906230F46DDE916A10DF159
:10A3E000170B03913046DDE9068508AA06A9FFF799
:10A3F000D7FF044680BB099ABA4217D14FEAE972E7
:10A40000904208BF4D450AD02B4642463046CDF813
:10A4100000B0FFF72CFF831C22D18DF817409DF868
:10A42000171008A8FFF7AAFEF0B9A946DDE9061241
:10A43000039B9A4208BF5145D4D1189E08AB0CAF7C
:10A440001A4603CABA4230607160134606F1080624
:10A45000F6D1199BC3E9008520460DB0BDE8F08F09
:10A460000028DCD00446F7E70124E6E72DE9F043B5
:10A4700089B00746DDE910851DB9002009B0BDE8A7
:10A48000F0838169066803FB0166C36B16441C6890
:10A4900064422C400DD0806B83684246D3F8049010
:10A4A00031462346C8470028E8D12D1BE5D0264475
:10A4B000A0442A464146684606F025F8FC6B0DEBA1
:10A4C000050022686179521B06F044F8B86B2368D6
:10A4D0008268314654686A46A047CFE737B51025F1
:10A4E000CDE90015D0E902230446FFF7BFFF02467D
:10A4F00050B92946E06BFFF766FED4E902311B1A1A
:10A5000061F10001C4E90231104603B030BD4FF0E3
:10A51000FF322DE970438CB00592ADF8122044F261
:10A520000122002607920DF10F02009232461D46CD
:10A5300004460696FFF79BFE831C3ED18DF80F6004
:10A54000A269216C92194FEA410145F10003521AA8
:10A550004FF01001019108A963F10003204600911A
:10A56000FFF7E6FD00282ADB9DF80F309DF821104B
:10A570005A1CD2B2914208BF02338DF80F2008BF97
:10A580008DF80F309DF80F3004A88DF81130FFF7CB
:10A59000ECFDD4E90289A369226C9B1945F1000501
:10A5A0009B1A65F100052046C4E9023504A9FFF7AE
:10A5B00095FF20B9C4E9028901E00028C0D00CB0A1
:10A5C000BDE870831FB500224FF0FF330446ADF89D
:10A5D000022002690193CDE9022390F820306846F9
:10A5E0008DF80130FFF7C1FD69462046FFF776FF81
:10A5F00004B010BD00234FF0FF3230B58BB081683E
:10A60000ADF80A30036C03925B18CDE9043290F880
:10A61000203004468DF80930C36B1022597906A802
:10A6200005F098FFD4E9021341BB226CA1695000E8
:10A63000884288BF013BA1EB4202C4E9022302A881
:10A64000FFF793FD02A92046FFF748FF204604F1DB
:10A650000801FFF77DFD04F120030093D4E90223F4
:10A660002046FFF704FE831C4FF0000514D184F848
:10A670002050E3680020C4E904530BE0D4E904024D
:10A68000814273EB0202D0D3204606A9FFF726FFD2
:10A690000028C7D00BB030BD0028EAD0FAE737B5A4
:10A6A000CDE900121546D0E904230446FFF7DEFE8B
:10A6B00000280CDB2946E06BFFF785FDD4E9043266
:10A6C0001B184FF0000042F10002C4E9043203B04D
:10A6D00030BD2DE9F04F00F12005A9B00095D0E97B
:10A6E00002230446FFF7C3FD831C11D1D4E90223E2
:10A6F0002046D6F74DF880BBD4E902232046FFF769
:10A7000006FF50BB00952046D4E90223FFF7AFFDBA
:10A7100018BB002294F8203020460693E3680AA96B
:10A72000CDE90A23FFF714FD0A9BA569DDF82CA0EB
:10A73000ED180593236C4AF10006ED1A10AB66F193
:10A74000000601931CAB00932A4633462046CDE910
:10A750000C56FFF7CEFD002802DA29B0BDE8F08FD5
:10A7600022D09DF8713084F82030236C5B00EB1A06
:10A77000089366F100030993129BCDE90C36DDE9DD
:10A780000CB9204614AA0CA9FFF70AFE0028E4D150
:10A7900094F8201014A8FFF7F1FCD0B9DDE90832D5
:10A7A000914508BF9B45EAD1069B204684F820309E
:10A7B000FFF708FF0028D0D153462046059AD5F769
:10A7C000E7FF0028C9D153462046059AFFF79FFEB0
:10A7D000C3E7BDF85230002BE0D0D4E902230EA924
:10A7E000039118A902912046CDE900231599CDE9DE
:10A7F0000EB9FFF7E9FD0028AFDBDDE90E234B457D
:10A8000008BF5A45CAD1BDF85260082E23D9C846A0
:10A810002269169F1692E26B1268524202F02003E0
:10A820000793079D20ABB54228BF354600933A46B3
:10A83000434620460195FFF77BFC00288DD12A4630
:10A84000204620A9FFF72BFF002886D1EF1948F1F9
:10A850000008761BE5D1069B14A88DF85130FFF750
:10A8600084FC204614A9FFF739FE002896D074E72F
:10A8700000231A46D6F764BA37B5002500951C4662
:10A88000D6F708FB002802DBA04228BF204603B011
:10A8900030BD002307B51A460093D6F7FBFA03B084
:10A8A0005DF804FB03785B075FBF03684288C3F36E
:10A8B0004A2303EB12105DBF173020F00700800819
:10A8C0000020704700207047E4F72EBF0346D3E80E
:10A8D000EF0F421CC3E8E12F0029F8D17047012097
:10A8E000D6F73EBC002070474368DA710122436806
:10A8F000196043685A71D6F725BC70B5D2E90136A4
:10A900009B1B8B420C4615460AD313680A46014628
:10A91000981905F0F8FD2046AB682344AB6070BD84
:10A920006FF01B00FBE770B50E461546194604464E
:10A9300018B9BDE87040D6F713BC33B1C2F34A234F
:10A940001030120D184405F0DEFDC4E90056204613
:10A95000BDE87040D6F766BE2DE9F3415F1C4FEAB3
:10A960008708064608F1170020F0070080080C460B
:10A970001546D6F7A1FC00238DF80470ADF805301C
:10A980008DF8073068B10346019AA8F1040143F835
:10A99000102F2A46294452F8045B8A4243F8045F88
:10A9A000F9D100233146A20102F4E07242EA4822C2
:10A9B00022F07F4222F4700222F03F0202B0BDE892
:10A9C000F041FFF7B0BF07B50123019201AAFFF7DD
:10A9D000C3FF03B05DF804FB07B5CDE900230223F4
:10A9E0006A46FFF7B9FF03B05DF804FB1FB5CDE978
:10A9F0000123069B01AA03930323FFF7ADFF05B0D4
:10AA00005DF804FBF8B506460D4614461F4604B92A
:10AA1000F8BD214628463A46B047241A0544F6E7D1
:10AA200010B542680446D2E9002381680068FFF748
:10AA3000E9FF002263681A6010BD0A2838B5044691
:10AA40000D4602D10D20D6F7CFFE29462046D6F777
:10AA5000CBFE002038BD2DE9F043054687B00846FF
:10AA60000E8891F800900C46D1F808801746D6F76A
:10AA70008FFE011EC6F38216C9F3C2091EDB4846CB
:10AA8000D6F7E2FD0346214651F8102B6088C2F349
:10AA90004A22002A01EB020408BF00210022C0F371
:10AAA0000B10CDE90407CDE9021428464146019672
:10AAB0000092D6F7C5FE07B0BDE8F0830023E2E7B9
:10AAC000704770B54C680368A34201D2012070BD85
:10AAD0008A682244934201D30020F8E74E69D1E905
:10AAE0000325B54203D36FF00B038B61F4E71B1B07
:10AAF00042F835304368086902EBC00253600B69C5
:10AB000001330B61E2E737B50C46C0B201A9154627
:10AB1000D7F704F900280CDB019850B121462A46EA
:10AB2000D7F722F904460198FFF7CAFF204603B081
:10AB300030BD6FF01504F9E70020D7F761B90022A6
:10AB40001146D7F72BB9034610B508460AB10021C4
:10AB5000116053B1D0B1411E11F8010F80B113F84B
:10AB6000014BA04201D13D28F6D100200EE0013377
:10AB700013600AE03D2808D0B0FA80F0400905E0F3
:10AB800018782F28F6D1002AF1D1012010BD10B578
:10AB900009B100230B6058B103461A781C460133F3
:10ABA0002AB13D2A03D02F2AF7D101B10B60201A18
:10ABB00010BD0830704713460A46D0E90001FFF780
:10ABC0005BBEF0B5002604464FF0004585B080F826
:10ABD0005C6000F1080708236A4629463846FFF7FB
:10ABE0004BFE831C21D1B5F1004F4FF000060FD171
:10ABF0000823294638460DEB0302CDE90266D6F755
:10AC00009FF8002802DB3046C4E9155605B0F0BDB8
:10AC1000A36D3846CDE902360823616D0DEB0302C2
:10AC2000D6F78EF800EAE070F0E70028EEDB009936
:10AC3000B1420BD03846FFF71BFE0028E6DB0823A5
:10AC40006A46294638460096D6F77AF894F85C208A
:10AC5000C5F34303934288BF84F85C300198009B9E
:10AC60002E466565A3650028D0D00546B3E77FB5BD
:10AC700000F10805044628460E46FFF7F9FD0028B6
:10AC800018DB284606F18041FFF7F2FD002811DBB2
:10AC900046F0010608236A4631462846FFF7ECFDD8
:10ACA000002807DB009939B931462846FFF7E0FD57
:10ACB000002818DA04B070BD082328460DEB030203
:10ACC000FFF7DAFD0028F5DB019B0BB9029AA265BC
:10ACD00003930823284600990DEB0302D6F730F8BA
:10ACE0000028E1DAE6E70199C1B1082328460DEB17
:10ACF0000302FFF7C1FD0028DCDB009B284602931E
:10AD0000082301990DEB0302D6F71AF80028D1DBCE
:10AD1000039B0BB9009BA3650020CBE7009B6365F9
:10AD2000FAE72DE9F0410D4607464A2194B028463E
:10AD300005F04EFC01462846D4F798FB002620F08B
:10AD4000404424F01F0407F1080866F34404492333
:10AD5000404601AA44F00041FFF78EFD031E09DCC6
:10AD600097F85C300136B342EFDA0024204614B085
:10AD7000BDE8F081002250336B44284601A903F856
:10AD80004C2CD3F733F80028F0D0E9E710B504468F
:10AD900071B1FFF7C6FF68B120F0404121F0010119
:10ADA00004F1080041F04041BDE81040FFF771BDDB
:10ADB0006FF0150010BDF8B5044616461D46C1B12A
:10ADC000BAB1FFF7AEFFB0B120F0404020F0010073
:10ADD00040F0404708342B46324639462046FFF7BC
:10ADE0004BFDA84207D139462046BDE8F840FFF7A1
:10ADF00050BD6FF01500F8BD01460068D7F74EBB97
:10AE000008B5D7F7DBFBBDE80840D7F7FBBB0A4620
:10AE10000121FFF7D8BD00210120D7F73FBBD0F8B3
:10AE2000943083F30B88704761B662B680F3118863
:10AE3000BFF36F8F704772B6002383F31188BFF39F
:10AE40006F8FBFF34F8F30BF62B6BFF36F8F704706
:10AE500072B6002383F31188BFF36F8FBFF34F8F58
:10AE600020BF80F31188BFF36F8F62B6704740E850
:10AE700000F313F4803FD8B208BF6FF0150070479D
:10AE800030B50C684B6885B00A894D890094013B48
:10AE900024F01F04234402F01F0242EA451223F06B
:10AEA0001F0369468DF808200393D8F773F805B09F
:10AEB00030BD08B5D1E904319847002008BD08B578
:10AEC000D8F7E4FA002008BD7047C16A8968D8F74E
:10AED0006FBB03680B6043684B6083688B6070478F
:10AEE00010B50C460121D8F7DDFD047010BD10B57A
:10AEF000036801211C78D8F7F5FD204610BD10B578
:10AF0000036802211C88D8F7EDFD204610BD0268B9
:10AF10008068101A70478388C2888168D21A0368D3
:10AF20005B1AD01A704738B50D4614461146D8F74B
:10AF300015FE22462946BDE8384005F0E4BA10B5B2
:10AF40000C460121D8F70AFE047010BD30B5054645
:10AF500014460A8885B08B78ADF8002000210D22B8
:10AF60000DF103008DF8023005F0F4FA6A466946E7
:10AF7000284602F054FF28B9BDF800209DF80230A1
:10AF80002280A37005B030BD13B50C4601AA033171
:10AF9000FFF7DCFF48B90322204601A905F0E6FAD5
:10AFA000B0FA80F0400902B010BD0020FBE770B598
:10AFB0000D4600210446FFF7EAFD0D2818D1237B3A
:10AFC000302B13D0312B13D1012305F8063B04F1AC
:10AFD0000C062A462046012302210234FFF706F818
:10AFE000B44205F1FF35F4D1002070BD0023ECE739
:10AFF0006FF01500F9E70020704710B50C46017896
:10B0000022788AB08A420FD06946D9F755F820468F
:10B0100005A9D9F751F810220DF115010DF1010024
:10B0200005F0A4FA0AB010BD012A06D0022A07D002
:10B0300072B940886388C01AF4E740686368FAE729
:10B040001022611C01300AB0BDE8104005F08EBA34
:10B050006FF01500E6E7042A0AD0102A0DD0022A64
:10B060004FF0000315D103700B8843800120704717
:10B07000012303700B684360F8E7022300F8013BEB
:10B0800001F1100351F8042B994240F8042BF9D137
:10B09000ECE718467047012310B50621044600F876
:10B0A000013BE5F799FD18B9A37963F03F03A3715C
:10B0B00010BD0B6803608B8883808B798371037864
:10B0C00023F00203037070470078C0F3400070471C
:10B0D00038B50446807AD8F71BFA6169054649B14C
:10B0E000637ADB0704D4C36A20461B689B689847D1
:10B0F0000023636121462846BDE8384003F0F9B8D3
:10B10000438A23B9C068B0FA80F040097047002034
:10B110007047D0F8A03083B15A7BD1070DD5D20645
:10B120000DD51B7B102B14BF032304234372807A9D
:10B1300098428CBF0020012070470223F6E70323CA
:10B14000F4E70F2807D80D280BD8052808BF0320DF
:10B1500018BF02207047132803D01A2808BF012007
:10B16000F6E701207047FFF72EBC034610B5D3E881
:10B17000EF0F40EA0102C3E8E42F002CF7D110BD25
:10B18000FFF72ABC0023D6F76DBAD0E8EF3F0B409B
:10B19000C0E8E23F002AF8D17047C0F3072353709C
:10B1A00000231070000ED070C1F30720090E9370B9
:10B1B000137150719371D171704738B504460D46C3
:10B1C000D9F7CEFA5F3005D129462046BDE8384090
:10B1D000D9F796B938BD0020704710B5038842886A
:10B1E000934219D8052B17D9B2F5486F14D8838824
:10B1F000B3F5FA7F10D240F67644C088A0F10A0178
:10B2000089B2A14208D801339BB25343B3EB800FFC
:10B2100034BF0120002010BD0020FCE70020704753
:10B2200008B5E1F7C5FD18B1C089003818BF012085
:10B2300008BD70B506460D464FF0FF304FF0FF31A8
:10B24000D9F7E4FC044618B9BDE87040D9F74EB907
:10B2500003210C30D8F782FC068085702146BDE8BA
:10B26000704042F22100D9F719BF70B506460D466D
:10B270004FF0FF304FF0FF31D9F7C8FC044668B1FA
:10B2800003210C30D8F76AFC068085702146BDE8A2
:10B290007040002240F20640DAF77EB86FF0680096
:10B2A00070BDC368187808B1D9F778B91846DAF7CD
:10B2B00037BA38B54FF0FF3105464FF0FF30D9F7B8
:10B2C000A5FC044668B102210C30D8F747FC2B8856
:10B2D000214603800022BDE8384042F21600DAF72A
:10B2E0005BB86FF0680038BDF8B507460E464FF002
:10B2F000FF304FF0FF311546D9F788FC044678B18E
:10B3000006210C30D8F72AFC3B88468003808580D4
:10B310002146BDE8F840002242F22200DAF73CB8AC
:10B320006FF06800F8BD2DE9F047814688464FF080
:10B33000FF304FF0FF3117461E469DF820A0D9F789
:10B3400065FC0546A0B107210C30D8F707FCB9F819
:10B35000003080F802800380C7700671A0F805A055
:10B360002946BDE8F047002242F23200DAF714B86D
:10B370006FF06800BDE8F08708B500200021D9F71C
:10B380009FFF18B1BDE80840D9F782BEBDE808406C
:10B39000DCF72CBA072208B505F0E8F8B0FA80F01F
:10B3A000400908BDFFF70FBB0B6803608B888380E3
:10B3B0008B7983717047D0E8AF0F7047F8B50F46AF
:10B3C000144638BB4FF0FF304FF0FF31D9F71EFC69
:10B3D000054610B327210C30D8F7C0FB224606469D
:10B3E0003946FFF7E1FFC31D04F1100152F8040BC9
:10B3F0008A4243F8040BF9D11022002106F117000C
:10B4000005F0A8F82946BDE8F840002242F22700DE
:10B41000D9F7C2BF6FF01500F8BD6FF06800FBE709
:10B42000037A02465B0705D501462A3211F8010B63
:10B43000FFF7C4BF704738B54FF0FF3105464FF0F6
:10B44000FF30D9F7E3FB044658B129460C30FFF72B
:10B4500076FD2146BDE83840002242F22D00D9F7A2
:10B460009BBF6FF0680038BD10B400F11003D3E843
:10B47000EF2F22F40041C3E8E41F002CF7D113049E
:10B4800004D501215DF8044B00F057B95DF8044B79
:10B49000704770B5044686B00E4601300131FFF7A3
:10B4A00079FF2A34162200210546684605F052F835
:10B4B00010226946204605F059F840B11022204676
:10B4C00006F12A0105F052F8002808BF0125284698
:10B4D00006B070BD00F1100208B503461046FFF734
:10B4E0006AFF01060DD5D2E8EF0F40F40040C2E834
:10B4F000E10F0029F7D11846BDE80840002100F00F
:10B500001CB908BD10B50C4630B919B1E1F7D2FB32
:10B5100000B1441C204610BD0024FBE718B111B156
:10B520000846DAF7D5BA6FF01500704713B5044630
:10B5300080B106216846E5F74FFB48B99DF8053014
:10B54000694603F03F0320468DF80530FFF7E6FF1C
:10B5500002B010BD6FF01500FAE7003818BF0120E7
:10B560007047037AD90704D523F001030372DAF791
:10B570000FBC990704D523F002030372DAF724BC49
:10B58000704700207047034610F4004F0CBF07209F
:10B590000620DA0348BF00F005009B0348BF00F017
:10B5A000FB007047D0E8AF0F7047034610B5D3E8F3
:10B5B000EF0F00EA0102C3E8E42F002CF7D110BD21
:10B5C000012310B403FA01F104464AB1D4E8EF3F75
:10B5D0000B43C4E8E23F002AF8D15DF8044B704702
:10B5E000C9435DF8044BFFF7E0BF2DE9F04F87B08A
:10B5F0009DF8486005460C4690460021102202A89E
:10B600001F46DDF840909DF844A004F0A3FFCEB99A
:10B61000CDE90248012242F2080002A9DAF7EEFD64
:10B62000044658B9BAF1000F3AD11035D5E8EF3FCA
:10B6300043F00403C5E8E23F002AF7D1204607B0F3
:10B64000BDE8F08FD9F720FD8346E4B937BB5846F3
:10B65000D2F7DEFB0923012ECDE901B48DF80030CD
:10B660008DF80100CDF80C80D4D10222CDF810D095
:10B670000596D0E714F83320083A012A24D901337B
:10B680009845F7D1E2E70023FAE717F83320083AA4
:10B69000012A19D901339945F7D1D8E70023FAE7F0
:10B6A0000122022E08BF059242F2090008BF32466D
:10B6B00002A908BFCDF810D0CDE90279DAF79EFDD6
:10B6C0000028B2D00446B9E76FF01504B6E7436826
:10B6D00013F008000AD05A0307D403F4C063B3F58B
:10B6E000806F14BF0220012070470120704770B5A1
:10B6F00006460D464FF0FF304FF0FF3186B0D9F7C8
:10B7000085FA0446B0B10C3095B10121FFF717FC62
:10B71000204606F1100203A907230095D9F764FA21
:10B720000022214642F20A00D9F736FE06B070BD6B
:10B730002946EBE76FF06800F8E7FFF7D8BF18304D
:10B74000E9F71ABF0368D90444BF43F48063036078
:10B7500003689A0444BF43F4006303607047002306
:10B760000B60436813B9C0E900117047196041606C
:10B770007047D0F8B000003818BF01207047D0E8FB
:10B78000AF0F7047FFF728B9034610B5D3E8EF0FA6
:10B7900040EA0102C3E8E42F002CF7D110BD437B3F
:10B7A000072B01D1DBF710BB70472438DBF7AEBBAA
:10B7B000002203680BB9184670478B4210D10B6802
:10B7C00042B942680360914200D1436000230120E6
:10B7D0000B60704713604368994208BF4260F5E709
:10B7E0001A461B68E6E710B50446006918B1D8F799
:10B7F00087F80023236110BD2DE9F84307460E4664
:10B80000904600244FF0D009B44203D100231846DB
:10B81000BDE8F88309FB0470DBF7BEFC034658B1B2
:10B82000457B012D02D0073D012D03D81A884245E2
:10B83000EDD01846DBF798FD0134E5E710B5044676
:10B84000D0F8A00028B9207A04F17001E1F7B0FA2D
:10B8500038B1E278C3892AB913F0210F14BF01204F
:10B86000002010BD13F0240FF8E738B5037A044622
:10B870008B42154615D100F170010722284604F0CD
:10B8800075FE80B1E378072243B904F17E012846B2
:10B8900004F06CFEB0FA80F0400938BD04F1770185
:10B8A000F5E70020F9E70120F7E720B18378194296
:10B8B00014BF01200020704738B50A460321044612
:10B8C000FFF7F3FF28B3637B072B25D1130602F0A4
:10B8D0007F050BD54FF40041201DFFF755FF204693
:10B8E000A572E0F7ADFB88B9002038BD637AAB42A2
:10B8F000FAD2A37AAB42F7D2231DD3E8EF1F21F48B
:10B900000041C3E8E21F002AE9D0F6E7637AA37298
:10B91000EBE76FF01500E8E76FF07F00E5E708B5AB
:10B9200003210246FFF7C1FF00B1507A08BD08B5F8
:10B9300001210246FFF7B9FF08B102F1700008BD0E
:10B94000F8B507460D464FF0FF304FF0FF31D9F7FD
:10B950005DF90646D0B10E210C30D8F7FFF8044649
:10B960000E22002104F0F6FD3B88314623802B880F
:10B97000002263806B8842F21300A380AB88E380CF
:10B98000EB882381BDE8F840D9F706BD6FF0680069
:10B99000F8BD08B503210246FFF787FF38B1937859
:10B9A000012B04D1BDE80840104601F020B96FF02A
:10B9B000150008BD08B503210246FFF776FF38B130
:10B9C0009378012B04D1BDE808401046E0F744BD50
:10B9D0006FF0150008BD70477047012210B400F1E8
:10B9E0005003D3E8EF1FC3E8E42F002CF9D141B98D
:10B9F000034653F84C2BC164D2F8B41031B9C2E9F4
:10BA00002C3300685DF8044BDBF7F0BB0B60C2F829
:10BA1000B430F6E770B50446D0E900354BB30021E9
:10BA2000D3F8B0204C306AB1904234D1E26C51BBB3
:10BA3000D3F8B410C3F8B020884201D1C3F8B420C1
:10BA40000023E364002204F15003D3E8EF1FC3E8AE
:10BA5000E02F0028F9D104F13006002200233046FF
:10BA6000E8F740FED0B96B680BB120469847002339
:10BA70002360E3680BB1204698472B6A8BB12046C0
:10BA8000BDE8704018470A60D3F8B420904208BF60
:10BA9000C3F8B410D4E711461268C4E7D7F730FFF3
:10BAA000DBE770BD38B5406B30B150F8084904B1E0
:10BAB000083CFFF7AFFF04B938BDA5682DB120469B
:10BAC000083DFFF7A7FF2C46F7E72046BDE83840C2
:10BAD000FFF7A0BF38B5436B0D46BBB1184650F811
:10BAE000084904B1083C53F8043C9B680BB1294653
:10BAF00098475CB12046A468436824B19B68083C21
:10BB0000002BF4D1F6E79B68002BF0D138BDF8B5D7
:10BB10000F4600210546164600234FF224420846F0
:10BB2000DCF7DEFB044620B92846BDE8F840DCF728
:10BB3000FFBA04210C30D8F711F805704770468021
:10BB40002046F8BD406B28B1838B08388B4201D06A
:10BB50008068F8E7704710B54AB989B2FFF7F2FF7D
:10BB600028B143689B6913B1BDE81040184710BD68
:10BB700038B50D460521FFF7E5FF002329461A4693
:10BB8000DCF7C8FB044610B12846D7F7B9FE2046BB
:10BB900038BD406B28B1838908388B4201D080685A
:10BBA000F8E7704770470346006828B15968026893
:10BBB00088421A6008BF5A6070470346002003B9E4
:10BBC00070471A8A5B681044F9E710B5D4680231EF
:10BBD000237813B92170012010BD8B42FBD0038A5A
:10BBE000023B038200201061F6E706207047FEF753
:10BBF000EABE73B51446014605464FF495722068B7
:10BC000000F0D0FD207500BB237A2068ABB1A3F112
:10BC10001802534253419B000193638A29460093C3
:10BC2000AE68238AE268B047002808DB238A98427E
:10BC30000ED100230120237508E00223ECE710F168
:10BC4000FF0F05D34042C0B22075002002B070BD86
:10BC50000E20F9E71FB5CDE9012300231A46009312
:10BC6000DEF7C0FC05B05DF804FBF8B59368054647
:10BC70000F461446166863B9506801210C30D7F797
:10BC80006DFFA0602B681B78002B14BF02230123DB
:10BC90000370A3681B78012B03D0022B1FD0002058
:10BCA0001CE02B681B78002BF9D1606804210C3054
:10BCB000D7F754FFE06007802A68E36852885A800B
:10BCC0006168728D738B088A9A4294BFC0EB020040
:10BCD000C0EB0300042894BF00200120F8BD2B68AE
:10BCE0001B78022BDBD1606812210C30D7F736FFAE
:10BCF000E06007802B68E268591C0232113351F86A
:10BD0000040B994242F8040BF9D16168728D738B70
:10BD1000088A9A4294BFC0EB0200C0EB03001228CD
:10BD2000D9E770B40568AA6A52B3136803B1B03B8F
:10BD3000A2F1B0040022114600E0B03B844207D0DB
:10BD4000668D648BB14238BF3146A24238BF22466D
:10BD50001C462BB1D3F8B030002BEED18442EFD18A
:10BD6000438D408B8B4201D890420BD9824238BF21
:10BD700002469942286838BF194670BCDFF7EEBA10
:10BD80001146EDE770BC7047D0680431037813B9F1
:10BD90000170012070478B42FBD0002091680B8A14
:10BDA000043B0B82106170472DE9F04F044685B0CB
:10BDB000104690469946FFF700FF638B628D8B46D5
:10BDC000934228BF1346834240F293806368404603
:10BDD0000393D7F7DBFD4FF0000A06464046FFF716
:10BDE000ECFE628B638D06F10C079A4294BFC0EBA8
:10BDF0000205C0EB03053846FFF78DF8854217D2E0
:10BE00004046FFF7DAFE628B638D9A4294BFC0EB27
:10BE10000205C0EB03058DBB98F80A00D7F778FB45
:10BE200000220023FFF751F8064630B9574636E0A6
:10BE30003846FFF770F80546EDE701464046D7F76C
:10BE4000EBFD4046FFF7B9FE628D638B06F10C07F0
:10BE50009A4294BFC0EB0205C0EB03053846FFF7DA
:10BE60005AF885421FD24046FFF7A7FE628D638BCA
:10BE70009A4294BFC0EB0205C0EB0305F168328A19
:10BE8000CDF80090DBF804700A4403985946ABB231
:10BE9000B847071E0CDABAF1000F18BF57463846EC
:10BEA00005B0BDE8F08F3846FFF735F80546E5E701
:10BEB0000E9BB3B9394606F10C00D7F74FFE40464A
:10BEC000FFF77BFE638D628BB944934228BF134614
:10BED0008342BA441FFA89F9A8D9AF423FF47EAF32
:10BEE000A4E7394630460F9A0E9B98470028E1D1C7
:10BEF0009CE70027D3E70022036803B970478B4211
:10BF00000FD10B683AB942680360914200D1436097
:10BF100000230B60704713604368994208BF42607A
:10BF2000F6E71A461B68E8E706207047D0E8EF3FBF
:10BF300043F00802C0E8E12F0029F7D1C3F3C000A5
:10BF4000704773B500230546166814467068294685
:10BF50001373952200F026FC207380B9CDE9000010
:10BF600029463046A388A268FFF71EFF002809DA99
:10BF700010F1FF0F32BF0E204042C0B220730020EC
:10BF800002B070BD0120FBE72DE9F3410023074615
:10BF900016681446706839461373952200F002FC47
:10BFA0000546207308BBA068718D728B038A91428D
:10BFB00094BFC3EB0103C3EB0203012B15DD022188
:10BFC0000C30D7F7CBFDCDE900558046A388394624
:10BFD0003046A268FFF7E8FE031E0ADA13F1FF0FEE
:10BFE00032BF0E235B42DBB22373002002B0BDE8F8
:10BFF000F0810120A8F80030F8E72DE9F04104466F
:10C000008868FFF7DAFD638D628B0D46934228BF87
:10C01000134683421DD300272166D1F808808F6024
:10C02000EAF7D0FA41462046DCF7DCFD064638B197
:10C03000C5F808802766EAF733FB3046BDE8F08193
:10C04000618D638B2846994228BF194600F071FC28
:10C05000F1E76FF07906F0E738B50546D1E8AF3F74
:10C06000DB0716D550F8040C98B1EB6D8BB9043092
:10C07000FFF799FD044660B10146281FFFF7BDFF99
:10C0800038B155F8043C5A6822609A685C6002B97D
:10C090009C6038BD2DE9F041846A074634B354F8FA
:10C0A000B06906B1B03E002307F104081D4601E067
:10C0B00034461646226E92B905B983B94046FFF759
:10C0C00072FD054650B101462046FFF796FF68B164
:10C0D0007B682B60BB687D6003B9BD6023462EB1D1
:10C0E000D6F8B020002AE3D0B03AE1E7BDE8F0810D
:10C0F00070B504460E46002200230846E8F7F2FA1F
:10C10000054658B101462046DCF76CFD044618B1DF
:10C110002946304602F0EDF8204670BD6FF001046C
:10C12000FAE7F8B5054650F8044C071F00F158032C
:10C13000D3E8EF1F21F00401C3E8E21F002AF7D182
:10C14000FCB1EB6D83B9636873B1201DFFF72BFD64
:10C15000064601463846FFF750FF90B163683360EA
:10C16000A368666003B9A660384605F16001FFF771
:10C17000BFFF30B1384604F10C01BDE8F840FFF7CD
:10C18000B7BFF8BD38B504460D46DCF72BFD30B11E
:10C19000294604F16400BDE8384002F09FB838BD7C
:10C1A0002DE9F041884617460121042205461E4626
:10C1B000DCF72AFE044670B104210C30D7F7CEFC20
:10C1C00080F80080A0F80170C67021462846BDE8BE
:10C1D000F041FFF7D7BFBDE8F08137B50C46054603
:10C1E00001F10C00FEF78BFE228A03460192E26801
:10C1F0001221009228461322DCF7C2FE03B030BDA4
:10C2000037B50C46054601F10C00FEF778FE228A90
:10C2100003460192E2682846009200221146DCF7AC
:10C22000AFFE03B030BD07B5CA680C211388528831
:10C2300000920D22DDF774F803B05DF804FB07B53A
:10C240000022CB680A211B8800920B22DDF768F8D8
:10C2500003B05DF804FB2DE9F041CB6805461F886B
:10C26000BBB2162B1BD90321DCF71CFF0646C0B15D
:10C2700002210C30D7F772FC00244FF04108314600
:10C2800080F8008044702846FFF77CFF2846A5F818
:10C290001A806F85FFF745FD2046BDE8F081042038
:10C2A000FBE70E20F9E7DEF7E7B80A8A0023C96842
:10C2B000DDF7DCB970B5054650F8043C044655F886
:10C2C0000469002B32D031B1C36D7BB31B7CDA071C
:10C2D0002CD505231DE03046DFF754F8737A012B87
:10C2E00024D0E46D14B3237CDB071FD5E368002B57
:10C2F000EFD028466269617CDCF786FD064638B1DE
:10C30000D4E90512E368984750B13046D7F7F8FAF8
:10C310000E2300222846BDE870401146DDF7A6B97D
:10C3200031462846DCF75EFC0028EED170BD0120C6
:10C33000704708B5DCF70AFC78B1836A6BB1B03B93
:10C3400003F15C02D2E8EF0F20F00800C2E8E10F31
:10C350000029F7D1D3F8B030F0E708BD08B50421C3
:10C36000FFF717FC20B15830D0E8AF0FC0F3C00082
:10C3700008BD70B51C460E461546DCF70DFC0123C2
:10C38000C0E90365C380047570BD1060002070476C
:10C3900010B5029CA36833B1B1F5807F28BF0E2190
:10C3A000CAB221469847A37DE268013BDBB2A37580
:10C3B00022B11BB92046BDE81040104710BD1060E7
:10C3C00091800020704700207047FEF705BBF0B554
:10C3D000076806463D78144689B0E5B97B88B3F511
:10C3E000245F04D011D8A3F52053032B13D8ADF844
:10C3F0000A10022220460DF10A01DDF7B1FA70B1F0
:10C400006FF01502C4F8102206E003F55643FF331F
:10C410009BB2042B1DD90125284609B0F0BD7B88AD
:10C42000022220460DF10A01ADF80A30DDF798FA34
:10C430000028E5D1009003AA132331467768B84756
:10C44000021EDFDB03A92046DDF78AFA0028E2D0CE
:10C45000D6E7ADF80A10022220460DF10A01DDF7F9
:10C460007FFA0028CCD17B880222ADF80A300DF18A
:10C470000A01E8E7072208B504F078F8B0FA80F07E
:10C48000400908BD70B50378044693420E46154630
:10C4900003D10130FFF7EEFF68B9A37AAB420CD1AC
:10C4A000314604F10B00FFF7E5FF18B101230A2222
:10C4B00002FB034070BD0023F9E70020FAE70346C2
:10C4C00010B5D3E8EF0F40EA0102C3E8E42F002CD7
:10C4D000F7D110BD034610B5D3E8EF0F00EA010213
:10C4E000C3E8E42F002CF7D110BD0B6803608B88E4
:10C4F00083808B7983717047D0E8AF0F7047FEF768
:10C5000062BA70B50D46064611F8010BDBF768FC00
:10C51000044610B12C89DAF727FFA87A05F10B0140
:10C52000DBF75EFC28B16B8A9C4238BF1C46DAF709
:10C530001BFFAB8AA34207D0AB69AC8223B1214673
:10C540003046BDE87040184770BD38B5BDF81040A2
:10C550001546944211D374B123B92046BDE8384042
:10C56000DDF7F2BBA21A8A42A8BF0A4694B222465D
:10C57000591903F0C8FF204638BD6FF00600FBE7ED
:10C5800030B585B0C96814461D46DDF7E5FA00B13F
:10C5900000890223ADF80E00009329462046BDF81D
:10C5A00020200DF10E03FFF7D0FF05B030BD1FB501
:10C5B0000C461946E36810461C78BDF818203CB1BB
:10C5C00010240133069404B0BDE81040FFF7BDBF4E
:10C5D0005B88ADF80E30022300930DF10E03FFF7D8
:10C5E000B4FF04B010BD30B51D46002385B014461D
:10C5F0008DF80C30DDF78EFA10B1037A8DF80C301F
:10C600000123294600932046BDF8202003ABFFF705
:10C610009CFF05B030BD2DE9F04114461D46BDF824
:10C620001870D8F731FD0646D1F7F2FB80B20690BC
:10C6300033463A4629462046BDE8F041FFF785BF1C
:10C6400030B585B014461D46FEF7E8FD0223ADF86F
:10C650000E00009329462046BDF820200DF10E0360
:10C66000FFF773FF05B030BD022A10B508D10023D3
:10C6700000F170011A46007ADDF7FCFA022010BDC5
:10C68000DDF714FCFAE708B50C3029B10121FFF7FA
:10C6900016FFC043084008BD6FF00101FFF71AFF05
:10C6A00000F00100F7E710B50446FFF7ECFF38B1E2
:10C6B0002146BDE81040012211F8010BDDF770BAE8
:10C6C00010BD38B504461546FFF731FE48B1204687
:10C6D000DDF720FA28B1037ADB0702D50121FFF745
:10C6E000E2FF55B9207A04F17001DDF79BF920B122
:10C6F0008560BDE83840DDF7A5BA38BD13B50446FE
:10C7000010B9002002B010BD00238DF8043042F6AD
:10C710000303006801A9ADF80630FEF76EFC00289F
:10C72000EFD1E36898880028ECD12046DDF712FFAE
:10C73000013080B2E6E770B5CC681E46A37988B0B8
:10C7400008468DF80C301546FFF7D8FFADF80D0000
:10C75000246823786BB96388ADF80F300523009304
:10C7600031462846BDF8302003ABFFF7EEFE08B097
:10C7700070BD631C0DF10F02113453F8041BA3426A
:10C7800042F8041BF9D11323E9E71FB5CDE90123D2
:10C7900000231A460093DDF725FF05B05DF804FB82
:10C7A000DEF734B838B54C8AD3070546C4F30E0417
:10C7B00004D514F0950F2AD04B6843B3900704D5E5
:10C7C00014F4957F25D08B681BB3144014F4DE7FDE
:10C7D0000DD0EB7A2BB92846FFF730F8D8B90520F1
:10C7E00038BD14F0300F04D114F4C07F07D10020FD
:10C7F000F6E72846FFF793F80228F5D8EFE7D5F8D3
:10C80000A030002BEBD05B7BDB06E8D5EFE7022006
:10C81000E6E70320E4E70F20E2E72DE9F0410546D3
:10C820008846DDF777F90446E0B1037ADB0719D5CE
:10C8300000F10C073846FFF75FFE10F0010611D13A
:10C84000B8F1000F0FD06FF002013846FFF742FE3B
:10C8500010F0020F284609D0FFF76BFD012120469A
:10C86000FFF721FF01263046BDE8F081FFF75FFDAD
:10C870000028F8D02846FFF771FD0028F3D06FF0AC
:10C8800002013846FFF726FE2846E5E7F8B50646DA
:10C890000F46DDF7ABF8394604463046FEF7C0FCDC
:10C8A00048B344B304F108056FF001012846FFF7CF
:10C8B00011FEC20703D539463046DEF77BFD6FF027
:10C8C00002012846FFF706FE830703D539463046A6
:10C8D000DDF790FD2846FFF70FFE60B9234603F809
:10C8E000010BC4F80100C3F80300D5E8EF3FC5E829
:10C8F000E20F002AF9D1F8BD38B5A0F12F05441C8C
:10C9000015F8010C29460C35FFF7C0FFA542F7D1F9
:10C9100038BD38B5044659B100F170052946007A92
:10C92000DEF748FD2946207ABDE83840DDF762BDD4
:10C9300038BD704707207047FEF745B8D0E8AF0F05
:10C94000084100F001007047034610B5D9B1C8890D
:10C9500010F0240F17D01A7D5C7B097BA24228BF00
:10C960002246914201D9002010BD820604D4187AD3
:10C97000003818BF0120F7E70521181DFFF7DEFF7B
:10C980000028F4D1EFE70120EEE701238B40DB43E1
:10C99000D0E8EF2F1A40C0E8E12F0029F8D1704706
:10C9A000FEF71AB808B50621FFF7F3F818B9BDE885
:10C9B0000840DEF7EBBDEC3808BD072070470123C7
:10C9C0008B40D0E8EF2F1A43C0E8E12F0029F8D1BF
:10C9D000704708B50E21FFF7F2FF002008BD38B5FB
:10C9E00004210446DEF746FE054698B110210C30BE
:10C9F000D7F7B4F804F1270304F1370253F8041B06
:10CA0000934240F8041BF9D120462946DEF7D4FDB5
:10CA1000002038BD0820FCE770B5D0F8EC300446A3
:10CA2000DB78012B19D1CD68061D10213046FFF7A8
:10CA3000ACFF2B4604F1B70205F1100153F8040BCB
:10CA40008B4242F8040BF9D107213046FFF776FFFD
:10CA500028B109213046FFF7B2FF002070BD0A213E
:10CA60003046FFF76BFF0028F3D12046BDE8704049
:10CA7000DEF7DEBE072070470720704707207047AB
:10CA8000012303FA01F1CA4330B5D0E8EF3F03EACE
:10CA90000204C0E8E54F002DF7D1194214BF012070
:10CAA000002030BD70B500F1700604460D46072227
:10CAB0003046096803F05AFD40B96B681A6822676E
:10CAC0009A88A4F874209B7984F8763070BD38B5C4
:10CAD00004460025031DD3E8EF2FC3E8E15F0029DA
:10CAE000F9D104F5A470E8F747FD2572D4E8EF3FCB
:10CAF000C4E8E25F002AF9D12046BDE838400121B0
:10CB0000FFF75DBF2DE9F84FDDF82C800446924613
:10CB10001F46BDF82890FFF745FF054600285AD06C
:10CB2000061DB9F1000F27D15AEA070324D10321CA
:10CB30003046FFF703FFD0B301213046FFF7FEFE7A
:10CB4000A8B32C7D6B7B05F147019C4228BF1C4696
:10CB50002246404603F0D7FC0F2C06D80021C4F132
:10CB6000100208EB040003F0F5FC30460121FFF74A
:10CB700026FF0120BDE8F88FD4F8A030F3B904F106
:10CB8000700B5A462020217AE0F75AF8C4F8A0002A
:10CB900030B95A460120217AE0F752F8C4F8A000D3
:10CBA000B9F1000F0AD15AEA070704D006E0D4F819
:10CBB000A030002BE3D0D4F8A01071B90F2130467B
:10CBC000FFF7BCFE20B1022206212046DBF788F8E1
:10CBD0002846FFF77CFF0020CCE7CB899B06EDD5EC
:10CBE0000C7B1A312246B4E76FF08500704738B5E8
:10CBF000FFF7D8FE044610B96FF0150038BD051DCB
:10CC00000A212846FFF73CFF0028F5D007212846D7
:10CC1000FFF794FE28B109212846FFF7D0FE002037
:10CC2000ECE710212846FFF789FE09210028F3D1FF
:10CC30002846FFF783FE0028F1D02046DEF7F8FDF6
:10CC400001460028EBD02046DFF754FBE7E770B53C
:10CC500004460820DEF744FC0546E0B1061D082125
:10CC60003046FFF792FEBCB30721FFF78EFE234646
:10CC700005F1970204F1200153F8040B8B4242F8AE
:10CC8000040BF9D10A213046FFF758FE70B1092193
:10CC90003046FFF794FE0720DEF722FC0446E8B199
:10CCA000DEF7AEFC0146C8B1204612E01021304646
:10CCB000FFF744FE09210028EAD13046FFF73EFE87
:10CCC0000028E8D02846DEF7B3FD01460028E2D070
:10CCD0002846DFF70FFBDEE70B21F9E770BD70B5E3
:10CCE0000446A0F1EC0650F85C3BE83CD3F8A050B9
:10CCF000E8F742FC03212046FFF720FEA0B10821FF
:10CD00003046DFF761FA3DB1EB8913B16B7B9B07CE
:10CD100002D52846E0F7BCF83046BDE870404FF435
:10CD2000C072002103F016BC01212046FFF706FE69
:10CD30000028E4D10F212046FFF700FE0028DED1B5
:10CD4000E1E7D8F7FDBF10B5431E00F11002073030
:10CD500013F8011F12F8014D83421C701170F7D1B6
:10CD600010BDF0B50E4614461D4697B00146202270
:10CD700005A81C9FE0F798F9202231460DA8E0F79E
:10CD800093F92146102201A88DF85450E0F78CF950
:10CD90003B46412205A901A8E0F748FA044610B92C
:10CDA0003846FFF7D0FF204617B0F0BD2DE9F0431D
:10CDB00016461D4697B00446DDE91F98102205A8C7
:10CDC000219FE0F771F91022314609A8E0F76CF9CC
:10CDD000102229460DA8E0F767F903221E9911A831
:10CDE000E0F762F9494611F8013BD9F801008DF8E6
:10CDF00047308B880622129012A8ADF84C30E0F72D
:10CE000053F9414611F8013B06228DF84E30D8F80F
:10CE100001300DF14F00CDF84F308B88ADF8533015
:10CE2000E0F742F92146102201A8E0F73DF93B4620
:10CE3000412205A901A8E0F7F9F9044610B93846DE
:10CE4000FFF781FF204617B0BDE8F0830A460121B5
:10CE5000FDF7B9BDF8B5069F0469C9B2EFF31186B5
:10CE6000402585F31288BFF36F8F0C2569430C446E
:10CE7000A56C05F0070CBCF1010F0BD1A76486F37C
:10CE80001188BFF36F8FC4E9102343685B5898473C
:10CE90000020F8BD05F0C005AF4286F31188BFF34E
:10CEA0006F8F0CBF6FF077004FF0FF30F1E713B5D5
:10CEB00080240094FFF7CEFF02B010BD0069CBB212
:10CEC00000EB4310002110470020E3F793BF002040
:10CED000E3F7BABF1046E7F791BC8022E0F782BDC6
:10CEE00040F2563070470020704708461146D8F788
:10CEF00033BB08B50023E0F787FF00EAE07008BD08
:10CF0000084608B51146F8F7E3FD002818BF6FF092
:10CF1000040008BD08B5F8F735FE002818BF6FF00B
:10CF2000040008BD2DE9F3411C46002390468268A9
:10CF30002360A3600D465369694601AA9847019B87
:10CF40005A1E019223B96FF0150002B0BDE8F081BE
:10CF50000098A26847682168676085B9A8EB02035A
:10CF60000668B34228BF334603FB07111A44216009
:10CF7000A26002689A4206D808300090DFE76B1A78
:10CF8000B3FBF7F3ECE70020DFE713460022FFF7DF
:10CF9000C9BF2DE9F0470024836886B088469146D2
:10CFA0005B6902AA01A99847A2462546029BAB42AB
:10CFB00002D806B0BDE8F0870026019F07EBC50741
:10CFC0007B6804933A680AEB0603B24202D89A4699
:10CFD0000135EBE749460394059303A8C0470028B1
:10CFE000E7D0049B01361C44ECE770B5037B044694
:10CFF0000BB100F063FF0026A06800B970BDB0F56A
:10D00000007F28BF4FF4007005460246D4E90010A7
:10D01000E0F766FF63682B44636023680BB12B4421
:10D020002360A3685B1BA360002BE5D0237B013644
:10D03000002BE1D0304600F042FF0028DCD0012078
:10D04000DCE708460021E0F76FBF084611461A46A4
:10D0500009B1E0F769BF6FF01500704743681C33F2
:10D060000B60012313607047436800209B69C1E98E
:10D0700000307047E7F7C2BB4FF0FF324FF0FF338D
:10D08000E7F740BCF0B58FB04468D0F810C000207E
:10D09000DDE914658DF800100121CDE90950CDF8C6
:10D0A00001008DF80500D007CDE90716CDE90B1674
:10D0B00002F08007CDF818D00D9514D59CF81C20EF
:10D0C0001BBAD107049357BFBDF81130CDF801301A
:10D0D000ADF801309DF813304EBF05238DF80330B5
:10D0E000042307930B9306AB0293211D0AAB7FB178
:10D0F000002D14BF02220122CDE903230223059350
:10D10000206883681C68002302AAA0470FB0F0BD06
:10D110000122CDE9032302230593206883681C685C
:10D1200004ABF1E7002373B50D1E466814BF04215C
:10D130000621CDE9003380220446FFF7A3FF96F8CD
:10D1400030309B0609D540B93DB90346CDE9000012
:10D15000802298212046FFF795FF02B070BD1FB5D1
:10D16000012301930DF10F030093002305211A46BB
:10D17000FFF788FF08B99DF80F0005B05DF804FBC4
:10D180002DE9FF41064615461C4601270DF10F0803
:10D19000002305211A463046CDE90087FFF772FFCC
:10D1A00040B99DF80F30DB0704D528462146E9F742
:10D1B00029FCEDE704B0BDE8F0812DE9F3471F46F7
:10D1C00043680D1E064690469B695CDBEA199A424D
:10D1D00059D80069FFF750FF00213046FFF7A2FF42
:10D1E0000446002844D181462FB901213046FFF77B
:10D1F00099FF044640E0B7F5807FBA4628BF4FF458
:10D20000807A2A4605EB0A03002D03F1FF334FEA2B
:10D210001323B8BF05F1FF02B3EB222F08D06B42F6
:10D22000DBB25FFA85FA58BFC3F1000ACAF5807A0B
:10D230000023802206213046CDE90099FFF722FF26
:10D240000446A8B92B46812202213046CDE9008A46
:10D25000FFF718FF044658B9012200233046FFF7B4
:10D260008FFFA7EB0A070446D04455440028BBD0E3
:10D2700001213046FFF756FF3069FFF7FBFE2046DD
:10D2800002B0BDE8F0876FF01504F8E7F7B51E4669
:10D2900043680D1E044617469B6914DBAA199A427F
:10D2A00011D80069FFF7E8FE2B4601220321204632
:10D2B000CDE90076FFF7E6FE05462069FFF7DAFEC6
:10D2C000284603B0F0BD6FF01505F9E7F7B54468DF
:10D2D000054694F830309A0746D5076901F001F900
:10D2E0004FF47A76A0FB060C002347F6122206FBC9
:10D2F00001C1CCF7E3FDBB69C31A13D4628DA68DBF
:10D300009B1AB3420EDA47F6122740F2E7300021AB
:10D31000F61A4FF47A720023E6FB0701CCF7CEFD34
:10D32000E9F770FB94F8303013F004031CD180222D
:10D33000AB212846CDE90033FFF7A4FEA8B994F845
:10D3400030309B0710D540F2E73147F612250E46E4
:10D350000146E48D4FF47A72E5FB04610023304608
:10D36000CCF7ACFDE9F74EFB002003B0F0BD4368FD
:10D3700000205B68DB680B607047436802EA0100CD
:10D380005B6821EA02015860002099607047436899
:10D3900000205B6859607047436800205B689960B3
:10D3A000704743685A68136821EA03000B405060D5
:10D3B00000209360704730B543681360057A446875
:10D3C00004EBC504A34202D36FF0010030BD5C79C9
:10D3D0008C4201D00833F0E70020F7E743681B6870
:10D3E000D3F88004C3F88004704703691A6813688F
:10D3F0000BB152681847704730B587B004460D46E8
:10D400001422002101A803F0A5F8042320460DEB07
:10D4100003018DF804300295FFF7E7FF07B030BD38
:10D4200070B586B0066904460D461422002101A895
:10D4300003F090F802238DF80430336820461B6C0B
:10D4400001A9029333689B6CCDE90335FFF7CDFF4B
:10D4500006B070BD30B503691C6843681B68EFF304
:10D460001185402080F31288BFF36F8F206CA8B124
:10D47000E06CB0B90020C4E91312042AC3F8041701
:10D48000C3F8082782BFD3F8002242F02002C3F875
:10D49000002285F31188BFF36F8F30BD6FF00C0051
:10D4A000F7E76FF00F00F4E70369186820B1016037
:10D4B0001B6800205A6070476FF08500704710B5F8
:10D4C000426800691368006860B9D3F84C4164B1E0
:10D4D000926B12780A70C3F84C01D3F84C210122E8
:10D4E0009A6210BD6FF08500FBE74FF0FF30F8E760
:10D4F00070B503690E461D6843681C6805F1080095
:10D5000001F042F8EFF31182402383F31288BFF356
:10D510006F8FEB6C53B1D4F8003223F02003C4F8C2
:10D5200000320023C4F85031D4F85031002385F87C
:10D53000613001230EB185F86230E36282F3118815
:10D54000BFF36F8F002070BD03691B681B6C13B1A4
:10D550000121FFF7CDBF6FF00D00704710B50369D3
:10D560001968D1F8A420D1F8B040121B13D0082AB2
:10D5700028BF08224068C1F8AC201968C06AC1F809
:10D58000A8001B68D3F8A010D3F8B030194402F0FB
:10D59000BAFF012010BD1046FCE773B5436B5A6813
:10D5A0001B69126853F8080BD2F81011D3E8EF4F3B
:10D5B00024F01005C3E8E65F002EF7D1E30610D58E
:10D5C00069B10023C2F81031D2F81031D0E9162326
:10D5D000002400250830CDE90045EAF7E5F802B05F
:10D5E00070BD0029FBD10123D362F8E713B501AA6E
:10D5F0000446FFF7E0FE002805DB019B226819794D
:10D600001868E1F731F902B010BD10B543681C6825
:10D61000C4F83C17C4F840270022C4F830215B68E6
:10D62000D4F830215A0709D50269936843F0010103
:10D630009B07916002D14068E1F7DAF90123236585
:10D6400010BD10B44FF4805442681268C2F804430D
:10D6500043681B68D3F830210B682AB9012283F88C
:10D66000B8205DF8044B7047002283F8B8204FF0D3
:10D67000FF320B68C3F8B4200B685DF8044BD3E9A4
:10D680002A12FFF7C2BF10B402694468936823EA04
:10D690000101916011F0030109D143681B68C3F8CF
:10D6A0000015E06801215DF8044BFFF79FBF5DF8AE
:10D6B000044B704770B5036986B045680446142270
:10D6C000002101A81E6802F045FF05238DF80430F3
:10D6D000002386F861306B685B070ED5EFF3118588
:10D6E000402383F31288BFF36F8F02212046FFF798
:10D6F000CAFF85F31188BFF36F8F204601A9FFF79A
:10D7000074FE06B070BD2DE9F341064617461C466F
:10D710000569EFF31188402383F31288BFF36F8FFD
:10D720002B68D3F8A42042B188F31188BFF36F8F20
:10D730006FF00F0002B0BDE8F081C3F8A4702B6851
:10D74000C3F8A01001F06043B3F1005F2B6814D15F
:10D75000C3F8A8102B68C3F8AC7029463046FFF711
:10D7600070FF88F31188BFF36F8F73681B7E012BE6
:10D7700001D1631C06D10020DCE7C3F8B020FFF71D
:10D78000EDFEEAE724EAE4722868D3171F3243F17A
:10D790000003520942EAC36268305B090024002595
:10D7A000CDE90045EAF700F8E5E738B542680369D6
:10D7B00015681A68D2F8A01051B1002482F8B84058
:10D7C0001868683000F0E0FE012320466B6538BD24
:10D7D0006FF00D00FBE7406BFFF7E7BF2DE9F04F5F
:10D7E000436807691D680446D5F80483D5F81431E9
:10D7F000D7F800908BB05BB318F0200F28D0002131
:10D800001422C5F81411D5F8143143680DEB020049
:10D81000D3F800A0DAF8806402F09CFE0623F1073A
:10D820008DF8143000F18380B20700F18280730715
:10D8300000F1818006F0080320468DF8183005A914
:10D84000CAF88064FFF7D1FD00212046FFF750FEA3
:10D85000D5F84C31002B7AD018F4002F77D0002265
:10D86000C5F84C21D5F84C31C5F84C21D4F810A09E
:10D87000D5F84C31DAF800606368D3F800B006F1EF
:10D8800008030393039800F07FFE0022DBF80C07E7
:10D8900096F8601086F86020B26C891A014400295D
:10D8A00002DD2046FFF7BCFD2046316CFFF7A4FDEA
:10D8B000F26C3264326D72640022C6E91322B264E3
:10D8C00096F86120002A42D0EFF31182402181F3C3
:10D8D0001288BFF36F8F316C002900F0EE80DBF807
:10D8E000501151BB0120CBF82800CBF82411DBF8F4
:10D8F0002411DAF8081041F01001CAF80810DBF81A
:10D90000001221F02001CBF8001282F31188BFF33E
:10D910006F8FD6E91632134319D0D6E916230020AB
:10D920000021CDE900010398E9F73EFF0FE0012354
:10D9300082E7022380E704237EE7DBF8001221F070
:10D940002001CBF8001282F31188BFF36F8F18F417
:10D95000801F15D0D5F8503193B1D5F84C1179B955
:10D960001422C5F850110DEB0200D5F8503102F029
:10D97000F1FD0323204605A98DF81430FFF735FD8E
:10D9800018F4007F3AD0D5F82431BBB3D5F84C3128
:10D99000A3BBC5F82431D5F824312369D4F804A0F9
:10D9A00053F8086BD3E8EF2F22F48031C3E8E01F6F
:10D9B0000028F7D1D00303D506F1080000F0E4FDFC
:10D9C000316C21B12046FFF717FD0023336496F830
:10D9D0006230002B75D0002386F8623063682046E1
:10D9E0001B68D3F8002222F00052C3F80022002264
:10D9F000C3F81021D3F81031FFF75CFE18F4805FF4
:10DA00003DD0D5F83031002B39D063682569D3F883
:10DA10000080EFF3118A402282F31288BFF36F8FE8
:10DA20002A685B68D2F8B4100029ACBFD2F8B460A1
:10DA3000D8F844675A0707D54FF480530121204690
:10DA4000C8F80833FFF71FFE8AF31188BFF36F8F02
:10DA50002B68D3F8A02092B193F8B810002953D0C6
:10DA6000EFF31186402383F31288BFF36F8F2946AB
:10DA70002046FFF7E6FD86F31188BFF36F8F083766
:10DA8000D7E8EF3F23F00402C7E8E12F0029F7D1E0
:10DA90005B0777D52046D9F84410FFF7C1FC204634
:10DAA000D9F84010FFF7A8FC00232046C9E910333D
:10DAB0000BB0BDE8F04FFFF7FDBD0121CBF82C10F6
:10DAC00041E7DAF80430590788D562681368126BA9
:10DAD000C3F804270522C3F808270122DA61D3F826
:10DAE0004C21002AFBD00021C3F84C11D3F84C2163
:10DAF000D3F850212AB1C3F85011D3F85021D3F8EC
:10DB00000C2786F8602069E7D3F8A8108A4210D065
:10DB1000D3F8AC10D3F8B020B142324430D1204613
:10DB2000C3F8B020FFF71AFD002899D12B68D3F86D
:10DB3000B0602868683000F027FD142200210DEB4A
:10DB4000020002F007FD2B682046D3F8A03005A99B
:10DB5000CDE906362B68D3F8A4309E421CBF0123C2
:10DB60008DF814304FF48053C8F8083300232A6826
:10DB7000C2F8A0302A68C2F8A430FFF736FC7EE76E
:10DB80001646D6E70BB0BDE8F08FFCF71CBF0022AD
:10DB900001214A20D5F7C4B810B50B6813B918464F
:10DBA000136005E003685C681CB1146003681868C2
:10DBB00010BD083303600B68013B0B60EDE713B544
:10DBC00001AA0446FFF7F7FB002805DB019B22684A
:10DBD00019791868E0F748FE02B010BD38B505693C
:10DBE000446895F86D302BB12046E5F75BFA0023C9
:10DBF00085F86D300121E06BFFF7E1FF002038BDB3
:10DC000010B503680446DBB19868C8B149B1197B07
:10DC10000122E1F71FF923681869BDE8104000F000
:10DC2000CABA12B99A88D2040AD4186900F0C3FAA1
:10DC300023680022BDE81040197B9868E1F70AB913
:10DC400010BD10B5012200210446FFF7D9FFA369DA
:10DC500033B9636004F11000BDE81040E6F7CEBDB3
:10DC600010BD10B5006903688B4206D190F86C4076
:10DC700034B9FFF7E6FF204610BD6FF01500FBE753
:10DC80006FF00F00F8E738B505690446296405F11F
:10DC90002800E6F7B3FD002285F86C2020691146C4
:10DCA000BDE83840FFF7ACBF07B56846E4F70CFBAA
:10DCB000DDE9000103B05DF804FB0A460121FCF731
:10DCC00082BE40EA01030F2B01D8E1F779BF6FF064
:10DCD000150070470121E2F7C1B90021E2F7BEB992
:10DCE00010B54FF0FF304FF0FF31E2F7D5F90446A1
:10DCF00028B9C2F763FD044618B1E2F7D5F920460A
:10DD000010BDE2F7D1F92046D6F76EFAF7E738B53D
:10DD10000B8A0D463BB101F10C00FDF7E8F8012834
:10DD200018D0022803D06FF01504204638BD4FF0FC
:10DD3000FF304FF0FF31E2F7AFF904460028F4D18D
:10DD4000E868CCF7CBFB0446E2F7AEF9ACB1E2F7FA
:10DD500005FAEAE74FF0FF304FF0FF31E2F79CF9A8
:10DD600004460028E1D1E868E2F7C8FB0446E2F780
:10DD70009BF9002CD9D1E2F7F1F92846D5F7C0FD7F
:10DD80000024D2E7E2F71CBB10B531220021044683
:10DD900002F0E0FB202323708023A3706FF03F0389
:10DDA00063710423A3722823A3730223E373042360
:10DDB000A3756FF0080363766FF03C03A3766FF0F2
:10DDC0000C03E3767E232377302384F820306FF032
:10DDD0003F0384F82130792384F822306FF0010367
:10DDE00084F82330012384F82430802384F82630FB
:10DDF000042384F82730402384F82D3010BD0023FD
:10DE000003604360037823F07D0343F07D030370D8
:10DE1000437823F0410343F041034370704708B552
:10DE20000323CFF7FCFE002008BD08B5E2F700FF92
:10DE3000002008BD08B5F7F7A5FE48B1002383F31D
:10DE40001188BFF36F8F0423184602DF6FF00400C0
:10DE500008BD684620F007018D4601B5CFF706FEE4
:10DE6000BDE8014085467047684620F007018D46B1
:10DE700001B5CAF747FBBDE80140854670476846D3
:10DE800020F007018D4601B5CAF7BEFCBDE8014090
:10DE90008546704708B5CFF743FB002008BD7047A3
:10DEA000C9F77ABF08B5CBF7AFFD30B1EFF3058006
:10DEB0000338032894BF0020012008BD70470120CB
:10DEC0007047004700F077B970B50446084616461B
:10DED000E3F7B6FB083034F810300D46DA0509D503
:10DEE000C3F3432304EBC3023146284654F83330CE
:10DEF00052689847A3682BB131462846E268BDE8CE
:10DF00007040184770BD2DE9F3411746DDE9085808
:10DF1000019001A80C461E46E3F7EAFB019B391E5F
:10DF200018BF012100EB8300231E18BF0123002E20
:10DF300043EA410314BF0C210021002D43EA0103F1
:10DF400014BF4FF470610021B8F1000F43EA0103E0
:10DF500014BF4FF440310021D0F880200B4322EA57
:10DF6000030304B124780FB13F787F001C430EB146
:10DF70003678B6003C438DB1297809023443B8F1B4
:10DF8000000F03D098F800804FEA0848214341EA87
:10DF90000801C0F8801002B0BDE8F0812946EDE725
:10DFA0001FB50DF10F03019300238DF80F101A46D2
:10DFB00019460093FFF7A7FF05B05DF804FB10B505
:10DFC00004792046E3F71CFC10B12046E3F73EFC41
:10DFD00000F0010010BD2DE9F047002504468846F9
:10DFE00017462E464FF00109AA46BE420CD1D4F87E
:10DFF000443133B10023C4F84431D4F8443145F4FA
:10E0000000352846BDE8F087F0B2E3F7A3FBA0F5A2
:10E0100080739B0809FA03F318EA030F05D022580E
:10E020001AB144F800A022581D430136DDE770B54F
:10E030000679044630460D46E3F708FCB0B1304699
:10E04000E3F7DEFB90B93046E3F7CAFB0123226811
:10E050008340C2F81833226803B202EB8303D3F87B
:10E06000102522F00302C3F8102570BD2846BDE834
:10E0700070400021FFF794BFE3F73EBDFFF7D7BF25
:10E08000E3F7F6BBC9B2E4F707BE70B50126A2F507
:10E090008074A40806FA04F4054614EA010008D0C6
:10E0A000A85830B100213046A950AA581A68224316
:10E0B0001A6070BD00232DE9F34104460D4601931B
:10E0C000904601AB4FF48072FFF7DFFF4FF482728E
:10E0D00029462046FFF7D9FF4FF4847207462946A8
:10E0E0002046FFF7D2FF064630B1B8F1000F1DD031
:10E0F00017B13E46D4F80C374FF4A6722946204695
:10E1000001ABFFF7C2FF30B1B8F1000F03D016B971
:10E110000FB1D4F80C374FF4B4722946204601AB46
:10E12000FFF7B3FF019802B0BDE8F0814646E3E790
:10E1300070B54B7F04460D467BB1012364264360D6
:10E14000002202212046FFF7B5FF20B90120FFF78A
:10E15000B9FE013EF4D100236B770023C4F80035EB
:10E1600070BD07B5019001A8E4F7A8FD0123019A4D
:10E170009340436003B05DF804FB07B5019001A82C
:10E18000E4F79CFD0123019A9340836003B05DF89E
:10E1900004FB08B5E5F70AFA002008BDEFF311808B
:10E1A000402383F31288BFF36F8F704780F3118889
:10E1B000BFF36F8F704708B1D5F740BD704740B1CE
:10E1C000C368587810F001001EBF1878B0FA80F0CC
:10E1D00040097047EFF31183402383F31288BFF3A4
:10E1E0006F8FFEE710B54369044633B90020E2683B
:10E1F000537843F00103537010BD98470028F5D0C1
:10E200000028B8BF4042FF28A8BFFF20E36818706D
:10E21000EDE702F09FB902F076B910B400F10C04FA
:10E22000C0E90344002444615DF8044BD1F7CAB946
:10E230008169C36843EA010212F003020FD102614F
:10E240004269013A01FB0233C2689A4201D90020B7
:10E25000704702691A60826903619B1AF4E76FF0E4
:10E2600015007047C0E9032303FB02120023436239
:10E2700080F83030836000F12803C0E90621C0E94E
:10E280000000C0E90A3341610162704790F90E3025
:10E290008B4201D0E8F714B80020704703460020F5
:10E2A000C3E90033C3E90200704710B5044630B13A
:10E2B0000268930703D0446809B100F0C4F920460E
:10E2C00010BD0023C0E90033836000F10C03C0E9F6
:10E2D000033300F11403C0E905337047012307B588
:10E2E000009300230A461946E6F732F903B05DF8B9
:10E2F00004FB002307B50A4600931946E6F728F900
:10E3000003B05DF804FB00210068FFF7CEBF5AB1EF
:10E310008A4209D300F11003C0E90212C0E90000EB
:10E32000C0E90433002070476FF0150070470123E7
:10E3300002688B4022EA0303036022FA01F000F036
:10E3400001007047704710B5032104460C30FFF7F9
:10E35000EEFF30B104F11000E9F71EF8B0FA80F0DA
:10E36000400910BD28B1002200F582701146E8F77F
:10E3700017BD704770B5C3680446C3F340069B07DA
:10E3800016D4856802210C30FFF7D1FF80B1D5F893
:10E39000FC206AB194421DD122689EB9D5F80031A3
:10E3A000C5F8FC209C4201D1C5F800210023236060
:10E3B000E36813F01F001EBF43F00203E36040F068
:10E3C000020070BD3260D5F80021944208BFC5F844
:10E3D0000061EBE716461268DBE710B5E6F706FECC
:10E3E000041E08DDEFF31180402383F31288BFF38E
:10E3F0006F8FE8F7D3F8204610BDEFF305800038A3
:10E4000018BF0120704771307047D0E900321360A7
:10E410005A600023C0E90033704738B504460D4602
:10E42000E7F74CFB637B43F002036373E5B1A56040
:10E430002B689D4209D16B68C4E900531C606C6075
:10E4400012E06A689A42F6D01B68002BF3D094F968
:10E450000E2093F90E108A42F3D09142F1DD5A68F2
:10E46000C4E9003214605C6038BD01211838E7F758
:10E47000F7BD10B50446E7F7ABFD04F11800BDE8A1
:10E480001040E8F789BF38B5054604680020AC4263
:10E4900000D138BD002CFCD02046FFF7EAFF204613
:10E4A000E7F75EFC2C680120A542F1E708B50246BB
:10E4B000E8F760FE70B1D0E904319B1A61EBE272BB
:10E4C000B3F1004F72F1000104DA002AACBF184624
:10E4D000002008BD6FF00040FBE708B5E9F75EF8E3
:10E4E00008BDE9F75BB8B3F1FF3F08BFB2F1FF3FEA
:10E4F00070B504461D46164613D01A4315D06FF06A
:10E5000001024FF0FF33921B63EB0501002904DA8F
:10E51000E9F744F8821941EB0501C4E900212046DE
:10E5200070BD4FF0FF321146F7E70022FBE7B3F171
:10E53000FF3F08BFB2F1FF3FF8B5074616461C463D
:10E5400010D054EA020311D0E9F728F8B0420A4685
:10E55000A14103460AD2F31A64EB0204C7E900346E
:10E560003846F8BD4FF0FF331C46F7E70023FBE7C2
:10E570000023C0E9081200F11802C0E90622C0E930
:10E58000003303634363704710B50446E8F704FFA4
:10E59000A8B9636A0BB12046984704F11800E7F761
:10E5A00041FE60B1E7F7DCFBEFF31180402383F31A
:10E5B0001288BFF36F8FBDE81040E7F7EFBF10BDC3
:10E5C0002DE9F041846805460E46D4B16378012BED
:10E5D00022D114F8533C9A0711D5A4F160073846AC
:10E5E000FFF747FF082E0CBF6FF003030023E3641F
:10E5F00014F8533CDB0602D13846E7F7B1FB0023A1
:10E6000023700020EB68A860C3F38632164366F3DC
:10E610009433EB60BDE8F081022BF0D12378002B1E
:10E62000EDD054F8048CB8F1000FE8D004F11400D8
:10E63000E8F7B2FE0023A4F1140739464046E3622E
:10E64000E6F7D4FCDBE720B1011F50F8040CE5F736
:10E65000F7B9704700207047704710B5044608B1FD
:10E66000F6F742FE2046BDE81040F6F72DBE034601
:10E67000C068E0B15888D0B11B8803F44F42B2F5AE
:10E68000824F09D1DBB2272B2AD008D8172B0FD005
:10E69000222B34D0122B16D06FF085007047302B10
:10E6A0002FD0413B012BF7D8FF2839D100207047EC
:10E6B000C028FBD0E128F9D0B0F5807F0CBF002046
:10E6C0006FF08600704720F02003C02BEED020F0C2
:10E6D0008003B3F5807FE9D040F209239842EDE74B
:10E6E000E928E3D0EF28E1D040F21B139842DDD0B7
:10E6F00040F299139842D9D040F23B23EEE7E92843
:10E70000F1E720F02003C02BD0D020F04003B3F578
:10E71000807FCBD0B0F5C07FC8D0B0F5007FCDE70B
:10E72000B0F5E07FCAE73AB1002918BF00232121E4
:10E73000D21A184401F00EBF70472DE9F04F9B46E6
:10E74000002389B08DF81B30159B9146DDE912A797
:10E75000002B0D460B460CBF4FF400624FF4806255
:10E7600007A9DDF85080F6F727FF0446D0B9079EC9
:10E77000284631880DF11B02F6F7BAFF044688B926
:10E780009DF81B30BB421FD8CDE90338CDE901BA53
:10E79000CDF800902B46D6E909123046F7F710FD68
:10E7A000044608B1C8F800703A4621465046D8F8E9
:10E7B0000030FFF7B8FF0798F7F7DEFB002C18BF13
:10E7C000204609B0BDE8F08F6FF08904EAE741F216
:10E7D000062398421AD8B0F5905F09D241F201039E
:10E7E00098420CD0B0F5885F09D06FF08500704773
:10E7F0006923A0F5905080B2C340DB07F5D511F036
:10E80000070F0CBF00206FF086007047B0F5105F57
:10E81000EBD121F04003802B06D0B1F5807F0CBFF7
:10E8200000206FF0860070470020704770B5446A82
:10E8300005460E463CB90120F6F740FD686228B156
:10E840002046AE6270BD6FF08A00FBE76FF08C006F
:10E85000F8E7F8B51E460F4615460388C2B103F423
:10E86000E043B3F5805F02D0B3F5005F10D1089BA1
:10E87000E90019600088FFF7AAFF044630B92A466C
:10E880003946304601F03FFE079B1D602046F8BD2B
:10E890006FF08504FAE710B50446406A10B1A16A2A
:10E8A000FFF7DBFE0020C4E9090010BD38B50546BE
:10E8B000FFF7F1FF2B7F0446012B0ED0023B012B0B
:10E8C0000ED82B6A012B18BF6FF096042C22002162
:10E8D000284601F03FFE204638BD2B6A002BF2E7A8
:10E8E0006FF09604F2E770B50488154604F4E04230
:10E8F000B2F5805F049E19D0B2F5005F16D044F2E5
:10E90000010224F44050904210D004F44F42B2F57A
:10E91000824F0BD0B2F5884F08D0B2F58E4F05D09C
:10E92000803C24F0FF04B4F5485F0ED1B5420FD807
:10E9300018462A4601F0E7FD0021721B284401F029
:10E9400009FE0020059B1D6070BD6FF08500FBE790
:10E950006FF08900F8E77FB50E461D461446BAB140
:10E96000002301222B6003A9F6F726FE70B9CDE93A
:10E97000004503983346D0E90912F7F7BFFB044678
:10E980000398F7F7F9FA002C18BF204604B070BDC1
:10E990006FF08900FAE7F0B50F461E46154685B0C0
:10E9A0000AB3002303A91A463360F6F705FE0446AE
:10E9B00038B9039803885B0406D4F7F7DDFA6FF0E3
:10E9C0008604204605B0F0BDCDE900563B46D0E9AF
:10E9D0000912F7F7A7FB04460398F7F7CDFA002CC6
:10E9E00008BF0446EDE76FF08904EAE710B5036855
:10E9F000044653B100F0CFF900232360A38823F429
:10EA0000FF7323F00103A38010BD1846FCE72DE936
:10EA1000FF41984600230C460168054617460393BC
:10EA2000A9BB4FF40172083001F094FDB8F1000F5A
:10EA300020463B4614BF4FF480624FF4006203A9A6
:10EA4000F6F7BAFD044620BB039E384631882A1DDE
:10EA5000F6F74EFE0446E0B96B79314668F30003E1
:10EA60006B7100972846D6E90923B8F1000F0BD047
:10EA7000F7F7D0FB044660B90398F7F77DFA044630
:10EA8000204604B0BDE8F081F7F7E8FBF2E76FF04D
:10EA900088042846FFF7AAFF0398F7F76DFAEFE717
:10EAA0000123FFF7B4BF38B50468054664B112B955
:10EAB0000024204638BD00F057F904460028F7D05E
:10EAC0002846FFF793FFF4E76FF08804F1E72DE99C
:10EAD000F0411746026805460E46984682B14279D3
:10EAE000D2070DD502795AB1BA4216D800F045F9CD
:10EAF000044638B9A6B92846BDE8F041FFF776BF0D
:10EB00006FF088040023C8F800702B7146B92846BE
:10EB1000FFF76CFF2046BDE8F0816FF08904F1E754
:10EB200021463A463046D8F80030FFF7FCFD28462B
:10EB3000FFF75CFF002C08BF0446EBE71FB501247C
:10EB40000394089C0294079C0194069C0094FFF790
:10EB5000F4FD04B010BD2DE9F04705469A460023A8
:10EB600088B0079325F0004323F47F03B3F1106FBF
:10EB70000846DDE910961746DDF848801CD12B4683
:10EB80004FF4804207A9F6F717FD0446B0B9CDE966
:10EB90000368CDE901A9079800972B46D0E909122F
:10EBA00000F001F9044648B90798F7F7E5F904467B
:10EBB000204608B0BDE8F0876FF08604314648462D
:10EBC000F6F786FF0798C8F80060F7F7D5F9EFE782
:10EBD00003461B88084603F4E043B3F5805F114603
:10EBE00002D0B3F5005F01D1F6F772BF6FF0850078
:10EBF00070477FB5002203880A60CDE90122428870
:10EC000006460D46002A69D0028802F4E042B2F5B9
:10EC1000804F63D023F0FF03B3F5E24F02D0B3F58A
:10EC2000824F04D13046FFF722FD0446D8B9304662
:10EC300002AA01A9F6F7CCFD0446002843D1019BA6
:10EC40009B6A9BB10199304601F12803D1E9091271
:10EC5000F7F7E4F90446002839D129460198F6F778
:10EC60001DFD044678BB204604B070BD73681B0AC6
:10EC700022D13088718800F4E043B3F5805F15D06D
:10EC8000B3F5005F12D020F0FF03B3F5E24F22D1BD
:10EC9000C0B242280ED10831C908039103990198E6
:10ECA000FFF7C4FD04460028CCD00CE0FFF78FFD31
:10ECB000044640B90731EFE7304603A9F7F794F966
:10ECC00004460028EAD00198F6F7E4FDCBE7019866
:10ECD000FFF7E1FDF7E76FF08504F4E76FF08604D6
:10ECE000C1E71C22002101F035BC037F022B06D1B5
:10ECF000036A5A1C03D001330362002070476FF08F
:10ED00009600704703466FF040420846591E9142F4
:10ED100007D338B103F1404393428CBF0020012058
:10ED2000704701207047034668B1017F8A1E012A9F
:10ED30000BD80329026A03D1012A01D1FFF7B6BD1E
:10ED40001AB1013A1A62002070476FF096007047BE
:10ED500000207047C0B2FF280CBF6FF08600002073
:10ED60007047F7F701BB70470368052B02D10830E5
:10ED7000F7F7FEBE6FF08600704710B40468052CEC
:10ED800004D15DF8044B0830F7F716BF6FF086002A
:10ED90005DF8044B70470368052B02D1083000F082
:10EDA00066B900207047F0B545681C46DDE9077C70
:10EDB000DDE905362D0ADDF824E008D1CDE908E4C7
:10EDC000CDE9067C0596BDE8F040F8F721BD6FF06F
:10EDD0008600F0BD0020F7F7EBBC0020F7F720BD60
:10EDE000002000F034B9002070470A2840DCC31C22
:10EDF00022DA10F1400F47D010F13F0F2BDA10F15B
:10EE0000410F44D010F1550F44D010F1490F08BF05
:10EE10006FF0840018BF6FF08600704709282AD869
:10EE2000DFE800F00529290816293829292F6FF075
:10EE30009800704700207047C31C0D2B1BD8DFE8DB
:10EE400003F0072F1A1C1A1A1A1A1A1A1D1A1A1D59
:10EE50006FF08500704710F1210F1ED00BDB10F111
:10EE6000200F1DD010F1100F08BF6FF09400D1E7F4
:10EE700064380928D2D96FF0860070476FF094008B
:10EE800070476FF08C0070476FF0840070476FF030
:10EE9000890070476FF0930070476FF088007047EB
:10EEA0006FF09200704710B501380A44914200D1CA
:10EEB00010BD10F8013F11F8014B63400370F5E7F6
:10EEC0000144814200D1704711F8013D1A440A7093
:10EED000120AF6E730B5002503F58073013A002ADF
:10EEE0000DDAFF2BDAB28CBF0021012152EA0500B6
:10EEF00003D0FF2B94BF00200120401A30BD845C5A
:10EF00001C448B5C013AE41A230AE4B2FF33254324
:10EF1000E5E72DE9F8430E46174608994FF4AA7223
:10EF200004461D46DDF8248000F00AFDB8B981468C
:10EF30004D4509D14146204600F0ACFD78B9204648
:10EF4000BDE8F84300F0D4BD204657F8292056F814
:10EF5000291000F022FD10B909F10109E8E7BDE828
:10EF6000F8831FB5CDE90221069A03A9CDE9003245
:10EF7000012302AAFFF7CDFF05B05DF804FB0023D3
:10EF800013B58DF807308B4206D19DF80700B0FA13
:10EF900080F0400902B010BDC45C9DF80720013329
:10EFA00022438DF80720EEE78B4230B50CD80024C1
:10EFB00021469C4203D1081E18BF012030BD155DBB
:10EFC000055529430134F4E70020F7E710B58B42DB
:10EFD00094BFC4184418A04200D110BD00F8012B02
:10EFE000F9E700231A4682B001908B4201D102B0AA
:10EFF00070470198C2540133F7E70368D90444BF4E
:10F0000043F48063036003689A0444BF43F40063DD
:10F010000360704737B5054600216846F8F768FE7B
:10F02000044668B9302229466846F8F7B3FE10F165
:10F03000520F044607D0431CF4D0684600F003FF8B
:10F04000204603B030BD684600F0FDFEE4E7002036
:10F05000704707B501A9F7F707FD003818BF012071
:10F0600003B05DF804FBF7F717BDF7F715BD08B55A
:10F070004FF40171FFF7B5FF002008BDF0B504465D
:10F080001F460D461646ADF5057D4FF40172002171
:10F0900003A801F05FFA214633462A46009703A8E9
:10F0A000F7F7FAFC044670B9DDE98A1203A8F7F70E
:10F0B0005FFD044638B9DDE98D238C9903A8F7F785
:10F0C0007BFD044610B103A8FFF7D1FF20460DF5E4
:10F0D000057DF0BDF0B51F46002385B005469DF8BF
:10F0E000280003A940F0007016460393F7F790F943
:10F0F000044680B96023019305F5D273009332462C
:10F100003B46039805F1500100F00BF9044628B185
:10F11000FFF76BFE0446204605B0F0BD039800F0F3
:10F12000F1FC0123A86085F84C30F4E700232DE9B9
:10F13000F74F0546007889461646019308B140F01E
:10F14000007001A9F7F764F90446F8B9019800F0D6
:10F15000D9FCAB688046B3420CD9A8EB030305F198
:10F160000C0018443246494601F0CDF9AB689B1BB0
:10F17000AB600BE095F84C3005F1500A53B950469E
:10F1800000F0E2FB30B1FFF730FE0446204603B04A
:10F19000BDE8F08F0023AA6805F10C0B59465046D4
:10F1A00085F84C30A8EB020200F0F7FB0028EAD10A
:10F1B000AF684946F31BB3FBF8F308FB03775046EF
:10F1C0003A4600F0EAFB0028DDD1504600F014FC7E
:10F1D0000028D8D1504600F08BFC0028D3D1A6EBF4
:10F1E000070A40215846C5F80880FFF7FAFEBAF131
:10F1F000000FCBD05246584609EB070101F083F9C6
:10F20000AB689B1B3B44B3E70023F0B50446007892
:10F2100085B0039308B140F0007003A9F7F7F8F840
:10F2200018B1FFF7E2FD05B0F0BD039800F068FCEF
:10F23000039800F067FC94F84C30064604F1500542
:10F2400023B9284600F080FB0028EAD1A26804F127
:10F250000C0739462846B21A00F09FFB0028E0D17F
:10F2600004F5D27440233A4628460399009400F0EE
:10F270001FF8D6E770B514464FF4AA7205460E463D
:10F2800000F05EFB98B9304600F03CFC2346024695
:10F290002018984205D121462846BDE8704000F06C
:10F2A0007CBB197881F0360103F8011BF1E770BDD2
:10F2B0002DE9F047044608461E460D469146DDF806
:10F2C000208000F01DFCB042074606D9204600F021
:10F2D00034FB6FF04000BDE8F087284600F012FCD8
:10F2E00008EB000A06465146204600F0D3FB0028F2
:10F2F000F1D1204600F0FCFB0028ECD143469A45B2
:10F3000009D12B4641462046CDF82090BA19BDE8D8
:10F31000F047FFF726BE1A7882F06A0203F8012B45
:10F32000EDE72DE9F74F1C46DDE90C6B05460F466E
:10F33000924600F0E5FB8146284600F0E3FBA04240
:10F34000804618D222462B46514638460096FFF793
:10F3500008FE0246D8B9A8EB0903ABEB090106EB9E
:10F360000900FFF733FE32462946384603B0BDE8B0
:10F37000F04FFFF77FBF22465146304601F0C3F8F9
:10F380000022A8EB0403ABEB04013019E9E703B05A
:10F39000BDE8F08F2DE9F0410E461D463388044646
:10F3A000B3F5105F114626D1A5F11003102B25D817
:10F3B00000F5B2772A46384604F5A47801F0A3F8A0
:10F3C0002A46434639463046F7F7E8F8024678B908
:10F3D000414604F15000F8F73BFB024618B1BDE886
:10F3E000F041FFF702BD1023A360012384F84C30E5
:10F3F0001046BDE8F0816FF08502F9E76FF08602F4
:10F40000F6E72DE9F041044680680F469042154624
:10F4100009D3201A1C3001F076F8A3685B1BA360A7
:10F420000020BDE8F08194F84C3043B904F150005D
:10F4300000F048FC18B1BDE8F041FFF7D6BCA26867
:10F4400032F0100309D0A01A39461C3001F05BF8E5
:10F45000A3681F44ED1A0023A360A3686E1E26F064
:10F460000F069BBB102204F10C0104F1500000F0C8
:10F4700096FB0028DFD1102284F84C00A2604EB128
:10F480003246394604F1500000F089FB0028D2D101
:10F4900084F84C0004F15008404600F068FC002855
:10F4A000C9D1404600F0C2FC0028C4D1402104F17B
:10F4B0000C00FFF796FDAA1BB2D0B91904F10C009D
:10F4C00001F021F8A3685B1B3344A8E7002ED7D1D5
:10F4D00094F84C30002BDDD02A46EEE738B543686F
:10F4E0000446102B22D890F84C3000F150053BB95F
:10F4F000284600F0E7FB18B1BDE83840FFF775BCBF
:10F50000A2680C34102A07D021462846C2F1100206
:10F5100000F045FB0028EFD12146284600F071FBA2
:10F520000028E9D1284600F081FCE5E76FF086006D
:10F5300038BD2DE9F04F4FF0000B91461E46448830
:10F5400005888BB005F44F4300940734B3F5824F20
:10F5500082460F464FF01C0259464FEAD40803A8D2
:10F5600018BF5D46CDF808B000F0F4FFC845C6F8F6
:10F5700000B041D8B4F5847F41D26A46494650462E
:10F58000F7F762FB044640BBEDB22846009901AA9A
:10F59000F6F76CFF044600BBA5F14103012B20D810
:10F5A000424602A9F7F73CF920BB414602A8FFF703
:10F5B000E6FC38BB412D05D1B8F1200F02D102A8DD
:10F5C00000F0FAFE4246384602A900F09CFF2021D6
:10F5D00002A8FFF706FDC6F8008020460BB0BDE884
:10F5E000F08F4A463946019800F0F1FE0028EED02F
:10F5F000FFF7FBFB0446F0E76FF08904EDE76FF0DF
:10F600008504EAE76FF09304E7E7CA0448BF41F4D2
:10F6100080618B0448BF41F40061816070472DE92F
:10F62000F041458817460735B5F5847F04460E46F8
:10F63000984602888EB027D222F0FF01B1F5E24F42
:10F6400013D1202206A9FFF774FF58B9628805ABD1
:10F650000732CDE90183204633460097D20806A938
:10F66000F7F7DCFB0EB0BDE8F081B2F5105F06D015
:10F67000B2F5885F03D042F204039A4204D1E9084C
:10F6800006A8F6F725FAE0E76FF08500EAE7F7F756
:10F6900005BECA0448BF41F480618B0448BF41F4F1
:10F6A000006181607047C0F30253042B05D8012B21
:10F6B00007D80DD06FF098007047052BFAD10323BF
:10F6C00006E00B8844F212118B420CBF0423022384
:10F6D00000F030002028136001D000207047023372
:10F6E0001360FAE713B50C46F7F7BEF9C31C0FD049
:10F6F000013009D004224FF0FF3321460DEB020008
:10F70000019300F033FF30B96FF08B0002B010BDF1
:10F710006FF08400FAE70020F8E730B589B00546BD
:10F7200018220C4601A8002100F014FF012344EA2E
:10F73000052401A9FA2007940593F7F735F9002865
:10F7400018BF6FF0920009B030BDF7B5FA2001A9DB
:10F75000F7F78AF9044610B1002003B0F0BD019D0F
:10F760002F0AEDB2AC4205D1FA20F7F763F9002871
:10F77000F2D008E0E6193046F7F75CF930B13046D0
:10F78000FFF767FC10B96FF09200E6E70134E9E794
:10F7900038B503780446033303F00303012B0FD875
:10F7A0006FF0210038BD60782844F7F735F948B983
:10F7B00001352378C3F382039D42F4D30020F1E79F
:10F7C0000025F6E70220EDE74368A3F1100191421E
:10F7D00041D8012243F80C2C53F8042C42F02002AB
:10F7E00043F8042C53F8082C42F0005243F8082C3C
:10F7F000836800F11402A3F1100191422FD8012275
:10F8000043F80C2C53F8042C42F0200243F8042C4B
:10F8100053F8082C42F0005243F8082CC36803F157
:10F820005402BFF35F8F4FF0A3431A60BFF35F8FA3
:10F83000C2680432BFF35F8F1A61BFF35F8FBFF3FB
:10F840005F8F03225A63BFF35F8FBFF35F8F9A63AB
:10F85000BFF35F8F7047103242F80C2CB7E71032BD
:10F8600042F80C2CC9E7BFF35F8F4FF0A343DA696E
:10F87000BFF35F8FBFF35F8F10215963BFF35F8FBB
:10F88000BFF35F8F00215963BFF35F8FBFF35F8FBB
:10F89000D96BBFF35F8F4906F8D422B1BFF35F8FF6
:10F8A000DA61BFF35F8F704708B5F8F77BFB30B9BB
:10F8B000BFF35F8F4FF0A343986ABFF35F8FBFF32F
:10F8C0005F8F4FF0A342D36BBFF35F8F10F0240F15
:10F8D00003F0230304D0FFF7C6FF6FF01F0008BD3D
:10F8E0004FF0FF30002BFAD1BFF35F8F1063BFF3EF
:10F8F0005F8F1846F3E710B59EB0024646F6110337
:10F900001AA901A8F8F7F2F80023039A102113604E
:10F91000039A01A89360039B1AAA10330393FFF77D
:10F9200053FFFFF7C1FF431C0446FAD001A874211E
:10F93000FFF757FB20461EB010BD1830F8F7BEBACF
:10F940000160CB691146184738B5036804460BB30C
:10F95000027EFAB94FF4AA71DB69C5689847C0B94D
:10F960002368E5605A69636AE169C2F596721344D7
:10F970000B602368E2695B6943F00053936062683F
:10F98000E3695268DA60E3691033E361A368023324
:10F99000A36038BD6FF02000FBE708B5037E43B3DA
:10F9A0002AB38368062B05D91830F8F787FA6FF069
:10F9B000440008BDB2F1807F05D31830F8F77EFA15
:10F9C0006FF03F00F5E7C3691960C3699A60416849
:10F9D000C369C968D960C3691033C361036913443B
:10F9E0000361C3681344C3608368013383600020EC
:10F9F000DFE76FF02000DCE770B5037E0246002BE6
:10FA000045D050F8183BD1681C69B1FBF4F504FBF4
:10FA1000151121B1F8F752FA6FF0450070BDD3E926
:10FA200005452C44682C04D9F8F748FA6FF02200F9
:10FA3000F4E79D68946A166A6C4094625D6865405C
:10FA400095625C69556AE31CC4F59674254435607B
:10FA50001568146A6D6923F00303A560146A04F144
:10FA60001005156215686D699D420AD02161146800
:10FA7000116A64691B1B43F080438B60136A103367
:10FA80001362D8217C32FFF79FFE0020C6E76FF09B
:10FA90002000C3E710B5037E0446A3B1D0E90323D9
:10FAA0009A4204D00268836A5268534083622046B7
:10FAB0006369984704F11800D82104F17C02FFF72C
:10FAC00083FE002010BD6FF02000FBE738B5037EF9
:10FAD000054653B1FFF7E8FE431C044603D005F189
:10FAE0001800F8F7EBF9204638BD6FF02004FAE76C
:10FAF00010B504462046FFF7E9FF431CFAD010BDBD
:10FB0000C06870470069704738B5026905461469D6
:10FB100014B15069A047044605F11400F8F7CEF976
:10FB2000204638BD08B58268034662B9026811698B
:10FB3000426A114207D0FFF7E7FF002814BF0120F7
:10FB40006FF0530008BD03F11400702103F1780237
:10FB5000FFF73AFE0020F5E773B5064601A8F8F76F
:10FB600063FB044678B906F11400F8F77DF90198B3
:10FB7000FFF7C1FE044648B93269D3681BB150692A
:10FB80009847054618B9204602B070BD0546304674
:10FB9000FFF7BAFF00280CBF2C460124F3E710B58D
:10FBA000047D03463CB3B2F1807F04D3FFF7ACFF82
:10FBB00020B3012010BD4468062C06D9FFF7A4FF2E
:10FBC0000028F6D16FF04400F4E70AB90020F1E70D
:10FBD0008069016099698A60186899698069C0685C
:10FBE000C860996910319961596801315960996803
:10FBF00011449960EAE76FF02000DBE76FF03F0007
:10FC0000D8E710B4037D002B57D08368C3B983694C
:10FC100000F124021A60036882691B68013343F013
:10FC200000539360046882692368A4690133E4681F
:10FC30001B0203F4F8532343D360836910338361B9
:10FC4000036882681C68131923EA040384699B1AF9
:10FC500054F8042C42EA032244F8042C826952F836
:10FC6000084C234443F0005342F8083C03681A68E8
:10FC7000C368134423EA0203C2691160C269C16800
:10FC80009160C26902F11001C161C1688B420AD062
:10FC900000211161C168C2695B1A43F0804393601F
:10FCA000C3691033C3610368DA68436A23EA020355
:10FCB00043625DF8044BFFF735BF6FF020005DF83D
:10FCC000044B704738B5037D0446002B49D10368C7
:10FCD0005B69002B48D0FFF73FFF054600283ED167
:10FCE000214651F8783B626A9B6904F114001B6855
:10FCF000F7F7FCFE0123636023699A689AB9A26949
:10FD00001B6813602369A2695B6843F0005393602A
:10FD10002268A36992699268DA60A3691033A361CB
:10FD2000636801336360236AA269C4331360236884
:10FD3000A2695B6943F0005393602268A3699269EA
:10FD40005268DA60A36922681033A36163680133E3
:10FD500063601269636A134363620023A3602846E9
:10FD600038BD6FF02005FAE76FF04705F7E738B5C3
:10FD7000027D0346002A3FD00268816894688C4265
:10FD800005D9FFF7C1FE002839D0012038BD5468DD
:10FD9000B1FBF4F504FB151434B1FFF7B5FE0028F0
:10FDA000F3D16FF04500F1E7416AD0680143596231
:10FDB000D3E90701C431526901601868D969406903
:10FDC0000F328860D96922F00F0201F11000D8616A
:10FDD0001868406990420AD00C611868D969406976
:10FDE000121A42F080428A60DA691032DA611846EB
:10FDF000BDE83840FFF796BE6FF02000C6E76FF011
:10FE00005300C3E738B5037D054663B1FFF74CFDEA
:10FE1000431C044605D02846FFF776FE002818BF8D
:10FE20000124204638BD6FF02004FAE710B5037DA9
:10FE300004462BB12046FFF7E5FF431CFAD010BD66
:10FE40006FF02000FBE710B5037804461BB1F6F70E
:10FE500055FA00232370002010BDF8B5066805464A
:10FE600096420C46A2EB060701DDD3F7D9FA3946D4
:10FE7000204600F03FF832466968E019BDE8F840D6
:10FE800000F056B8FFF7E9BFF8B507461646D2E9C5
:10FE900000208A420C460BDB551A294600F02AF84E
:10FEA0002246394670682844BDE8F84000F02BBB74
:10FEB000891A3944F8E770B514460E461D462146A6
:10FEC0001A46FFF7E1FF2146304605F10802BDE87A
:10FED0007040FFF7D9BF70B5054616461C461A4656
:10FEE000FFF7BBFF2246314605F10800BDE8704030
:10FEF000FFF7B3BF38B503460C46A9B1580706D083
:10FF00000022013C03F8012B01D05907F9D124F05C
:10FF10000F052A460021184600F01CFB034600216D
:10FF2000421923449A4200D138BD02F8011BF9E777
:10FF30008B18991A12B110F00F0F01D100F0E3BA2B
:10FF40000978013AC9B200F8011BF2E70368D868E2
:10FF5000C0F300407047036803F580535B6A13F4F5
:10FF6000A02F14BF01200020704710B5044600F0F8
:10FF70008AF920B12046BDE81040FFF7ECBF2046CB
:10FF8000BDE81040FFF7E2BF38B50225036804461C
:10FF90009D6000F078F918B1236803F58053DD61A6
:10FFA00038BD10B5044600F06EF920B12046BDE81A
:10FFB000104000F06DB92368BDE81040D868F8F72C
:10FFC00093B810B50446204600F05DF908B9F8F77B
:10FFD00001F82046FFF7C9FF0028F4D12046BDE80C
:10FFE0001040FFF7DEBF03685A5070470368585847
:10FFF00070476C30704773B5CDE90023D0E90145F7
:020000024000BC
:10000000C66800699DF80730006804EB0514C0005D
:10001000D2B2A6F1080114D502F03F0242F020024C
:1000200043F00103A01B8DF800208DF80730FFF787
:1000300061FF083C082269462046FFF779FF02B0BD
:1000400070BD641B03F03F0342F0010243F0200344
:1000500004F108008DF800208DF80730FFF74AFF03
:10006000E8E70369DA6832B142F42022002142F461
:100070000062FFF7B8BF7047C06870472DE9F843CA
:100080000B680C4613F4700F14D1D0E901590369C1
:1000900008461B68D1F80880DB0048BF4B684FF06A
:1000A000000744BFA9EB0303ED1800F0E0F8064693
:1000B000B74201DBBDE8F883414628466268FFF796
:1000C00037FF63684D4498440137F1E770B50C463B
:1000D0001E461046D1E9012505EB42052946FFF7EA
:1000E00027FF62683046A918BDE87040FFF720BFBF
:1000F00038B50169D0E901344A680968C90042BFCE
:10010000C168611A5B1800210AB9183038BDD507DB
:1001100007D50B2901D9D3F783F98D1D40F8253078
:10012000013123445210EFE72DE9F74F0446D0E99F
:10013000017A0193036940690E4691469D68FFF775
:1001400058FFD4F84CB0D0F80080BBF1000F07D0B6
:100150002046F7F7ABFF1025284603B0BDE8F08F27
:10016000F7F74AFF336819064CBFC36843687168E4
:10017000994204DD2046F7F799FF0D25ECE7206949
:10018000E160B8F1000F02D0036949EA0309006891
:1001900033680139034343EA012343EA0902042196
:1001A0002046FFF720FF23691B68DA0003D5E368C8
:1001B000AAEB03031F44A5B931462046FFF75EFFB3
:1001C000B8F1000FC8D023691B69002BC4D0D8F840
:1001D00008304046984702460B462046FFF70BFF83
:1001E000BAE7EB0748BF019B4FEA650544BF43F8F8
:1001F0002B700BF1010B5744DDE710B50446FFF7F8
:1002000030FFBFF35F8F204600F03DF8032230B18E
:1002100041F21C012046BDE81040FFF7E4BE082172
:10022000F8E7C0F30B03482B4B6028BF482310F4BA
:10023000003F8B6008BF0023CB6010F4803308BF01
:10024000C1E9013300F47003B3F5700F14BF00234C
:100250008B6800284FF0010C4FF008028B60B8BF8C
:100260000023C1E905C2B8BFC1E90533704703687F
:1002700013F4700F05D18368002B14BF06200020F3
:100280007047002070470369186800F40030704719
:1002900010B541F224010446FFF7A8FEC20709D4B5
:1002A000830709D420460C21FFF7A0FEBDE81040CB
:1002B000F7F71ABF082010BD0220FCE72DE9F04136
:1002C0000546F7F709FF0746012241F22801FFF72B
:1002D0008AFE002241F228013846FFF784FE41F2EF
:1002E00004013846FFF782FEC406F8D410F0200659
:1002F00002D00220BDE8F08141F22C013846FFF720
:1003000075FE0122044641F208013846FFF76BFEF4
:100310008DB901224FF480513846FFF764FE41F257
:1003200004013846FFF762FE420700F023033BD486
:10033000002BF4D0DDE72B68C4F3036803BBE104B2
:1003400058BF6C68AB684BBF41F20C0641F2100617
:10035000C4F30354A8EB0404002BDAD0EB68002BA1
:10036000D7D0A34211DC0024EB689C42D1DAAB6801
:10037000314653F824203846FFF735FE0134F3E7C1
:100380006B68002BDBD098450ADA0D20B2E72B68AA
:1003900041F2100153F826203846FFF724FE0136BB
:1003A0006B689E42F3DBCAE7F7F79AFE01463846D0
:1003B000F7F7E6FE00209DE7037823F007030370BC
:1003C000C37F03F07F0343F04003C37770470B46BE
:1003D000D0E901108A42084402D31A4600F003B85B
:1003E0006FF0400070472DE9F0470446104639B1E0
:1003F00022460023164612F8015B35B98B4202D122
:100400006FF0530435E00133F4E78B42F8D04A1E15
:100410009A4201D1022DF3D9A25CD2072FD5FF2435
:1004200015EA040228D1E443A1EB0308C718FEF73C
:10043000CDFDE5B208EB070A424639460020F6F743
:10044000EFF90446E8B93B7881462B403B703B46C8
:1004500013F8012B534549EA0209F9D1002342461A
:1004600031463846FEF736FDB9F1000FE4D00028DA
:10047000E2DA2046BDE8F0876400E4B2D0E7662403
:10048000F7E70224F5E7E3F773BF4FF0FF324FF0D1
:10049000FF33E3F79DBEFDF701BFF8F70BB807B5D3
:1004A0004FF0FF334FF0FF32CDE90023002200F080
:1004B00027F803B05DF804FB00F01EB800F018B890
:1004C00010B5C46E826E4B68E40703EA02030BD5D5
:1004D0009A420BD1012380F870300B6843660860A4
:1004E0001830E6F759FF01E0002BF3D1002010BDD2
:1004F0004FF0FF32F7F7EEBE0A460021F7F7EABEEB
:100500005200F7F739BF0A44431E914200D17047A9
:1005100010B511F8014B914203F8014FF9D110BD0C
:10052000884210B501EB020402D98442234607D861
:10053000431EA14208D011F8012B03F8012FF8E760
:10054000024401468A4200D110BD13F8014D02F861
:10055000014DF7E702440346934200D1704703F888
:10056000011BF9E70028B8BF404270470139024437
:1005700010B5904201D1002005E0037811F8014F39
:10058000A34201D0181B10BD0130F2E710B56AB1CB
:100590000139841810F8012B11F8013F9A4203D158
:1005A000A04201D0002AF5D1D01A10BD1046FCE7B8
:1005B00010B50139044632B111F8013F013A00F893
:1005C000013B002BF7D10021FFF7C4FF204610BDEF
:1005D0000246014410B58A42134603D01C7801320A
:1005E000002CF8D1181A10BD2DE9F047C3F13709D6
:1005F0000746884603F01F055FFA89F916464FF053
:10060000000A384641462A465346C9F757FC434636
:10061000D4B23A4688460746092C84BF4C44E4B21B
:10062000AA4204F1300473EB0A0306F8014BE8D246
:100630003046BDE8F0872DE9F04F061889B099469D
:10064000154641EB010404AB3046DDF84CB02146C1
:100650000093A9F1410AD2E9002300F0A9F806AB02
:1006600007468846304621460093D5E9022300F02C
:100670009FF80022DDE90463841951EB0306069B11
:1006800028BF0122D5E90001D218079B43F10003DE
:10069000381848EB0101B84271EB0801E968039191
:1006A00038BF0120A96828BF0020CDF800A014EBB6
:1006B000010C039946EB010110EB0C0041F1000124
:1006C000A04271EB060C34BF4FF0010C4FF0000C50
:1006D000CDE906231CEB020243F1000300F083F88E
:1006E000129BC3E90001149B012BDDE9062329D1EC
:1006F000D5E90201D5E900C5201ACDF800A066EBC6
:100700000101674578EB050534BF01250025401B35
:1007100061F10001844276EB010534BF012500251B
:10072000521B63F1000300F05EF8DDE90623CBE91C
:10073000000120463146CDF800A000F054F809B081
:10074000BDE8F08F17EB070E48EB080C201946EBBD
:100750000601BE457CEB080834BF01270027C719F6
:1007600041F10008D5E9000186457CEB010C34BF5E
:1007700001200020D5E90215381A68F1000C401A52
:100780006CEB050192185B41A74278EB060534BF7C
:1007900001250025521943F10003874278EB010837
:1007A00034BF01250025521BA9F140050095B8E78B
:1007B000F0B50F460446A0FB0201059EA7FB0252BE
:1007C0004919A3FB0445A7FB037342F1000261181A
:1007D00045F10004D21943F10003121943F100035B
:1007E000C6E90023F0BDF0B5059CC4F14007C4F193
:1007F0002006A4F12005E04002FA06F6BB4022FAEA
:1008000005F5BA403343C4F120062B4301FA06F63E
:10081000A4F12005304321FA05F5E14028431943AE
:100820001043F0BD2DE9F04357EC106B3B463446C6
:10083000FE0F40F2FF77C3F30A55C3F313030671AB
:1008400054EA030C07D0BD420CD146F008060671ED
:100850000020BDE8F083002D64D0BD425FD146F09A
:100860000406F4E7002D5AD10125A5F2FF35002931
:1008700005605ADB0C295ADCC1F10D050126AD00DB
:1008800005F1FF3EA5F1210CC5F1210706FA0CFC8C
:1008900026FA07F706FA0EF64CEA070CB7194CEBE6
:1008A0000C09D7F1000869EB490E013F49F1FF3906
:1008B000274009EA0309BE427CEB090910DBC5F1B8
:1008C0002009B5F1200724FA05F503FA09F958BF04
:1008D00043FA07F745EA090558BF3D43ED0703D53D
:1008E000A619344643EB0C0304EA080403EA0E039A
:1008F00000F112050D260846C2F127024FF0300E16
:1009000004F00F01240906F1FF3C6F1E44EA037452
:100910001B11B1B9B0420CDA66463D46F0E743F42C
:100920008013A2E72C462B46A1E70021E0E70D212A
:10093000DEE785F800E01CF1010166463D46DFD1A7
:1009400087E70929C8BF8918B04201F13001B8BF53
:1009500030462970EFE7D1E9043293421EBF5A1C9A
:100960000A61187070470000014800687047000075
:04097000586F00209C
:080974007C95FC7F01000000EE
:10097C00993B01000000000000000000640A040024
:10098C0093E1030000000000F139020000000000B8
:10099C00E93A02000000000000000000A40A040074
:1009AC0000000000840A040000000000C40A0400D7
:1009BC007D0C02000000000095DE0300000000002A
:1009CC0000000000E40A040000000000240B0400F6
:1009DC0000000000040B040000000000440B0400A5
:1009EC00B9DD010000000000A1F6010000000000CC
:1009FC00613C010000000000690F010000000000D4
:100A0C00B53401000000000000000000640B04007D
:100A1C00E9E50000000000000D4B020000000000A2
:100A2C0000000000A40B040000000000840B040074
:100A3C0069400100000000002BDE030000000000F4
:100A4C0035DE03000000000000000000C40B0400B1
:080A5C0000000000E40B04009F
:100A6400E0C5040034240400541504003E0D0020A5
:100A7400F072002085DA0100000000000000000090
:100A840058C80400B0240400281504004A0D0020AE
:100A940084730020C1E70100000000000000000092
:100AA40064C80400C8240400281504004C0D002068
:100AB40090730020C1E70100000000000000000066
:100AC4006FC80400E0240400281504004E0D002023
:100AD4009C730020C1E7010000000000000000003A
:100AE40007C6040000000000E0140400400D0020CC
:100AF40000000000E7CE030000000000000000003A
:100B04001AC6040000000000F0140400420D002086
:100B1400000000004DDE01000000000000000000A5
:100B240016C6040000000000E8140400440D002070
:100B34000000000015CF03000000000000000000CA
:100B440028C904001025040070150400500D00206D
:100B5400480C002089EA01000000000000000000A9
:100B6400AAD50400000000005C260400540D0020F7
:100B7400EC730020E102020000000000000000000D
:100B84001EC6040000000000F8140400460D0020F6
:100B9400000000008DDE01000000000000000000E5
:100BA40029CC04008C2504004C150400520D0020AF
:100BB400540C0020B1EE0100DDDB03000000000056
:100BC4005CC50400D02304001C2404003C0D002058
:100BD400307200202DD3010000000000000000004E
:100BE40031C704005C24040010150400480D0020E3
:100BF40064730020CDE0010000000000000000004C
:100C04000000000017AE03000000000017AE030050
:100C14000000000017AE03000000000017AE030040
:100C24000000000017AE03000000000017AE030030
:100C34000000000017AE03000000000017AE030020
:100C44000000000017AE03000000000017AE030010
:100C54000000000017AE03000000000017AE030000
:100C64000000000017AE03000000000017AE0300F0
:100C74000000000017AE03000000000017AE0300E0
:100C84000000000017AE03000000000017AE0300D0
:100C94000000000017AE03000000000017AE0300C0
:100CA4000000000017AE03000000000017AE0300B0
:100CB4000000000017AE03000000000017AE0300A0
:100CC4000000000017AE03000000000017AE030090
:100CD4000000000017AE03000000000017AE030080
:100CE40000000000690D02000000000017AE0300C0
:100CF4000000000017AE03000000000017AE030060
:100D04000000000017AE03000000000017AE03004F
:100D14000000000017AE03000000000017AE03003F
:100D24000000000017AE03000000000017AE03002F
:100D34000000000017AE03000000000017AE03001F
:100D44000000000017AE03000000000017AE03000F
:100D54000000000017AE03000000000017AE0300FF
:100D64000000000017AE03000000000017AE0300EF
:100D74000000000017AE03000000000017AE0300DF
:100D84000000000017AE03000000000017AE0300CF
:100D94000000000017AE03000000000017AE0300BF
:100DA4000000000017AE03000000000017AE0300AF
:100DB4000000000017AE03000000000017AE03009F
:100DC4000000000017AE03000000000017AE03008F
:100DD4000000000017AE03000000000017AE03007F
:100DE4000000000017AE03000000000017AE03006F
:100DF4000000000017AE03000000000017AE03005F
:100E04000000000017AE03000000000017AE03004E
:100E14000000000017AE03000000000017AE03003E
:100E24000000000017AE03000000000017AE03002E
:100E34000000000017AE03000000000017AE03001E
:100E440000000000ED7E03000000000017AE030068
:100E5400F5330200C3DE03000000000017AE0300F8
:100E64000000000017AE03000000000017AE0300EE
:100E74000000000017AE03000000000017AE0300DE
:100E84000000000017AE03000000000017AE0300CE
:100E94000000000017AE03000000000017AE0300BE
:100EA4000000000017AE03000000000017AE0300AE
:100EB4000000000017AE03000000000017AE03009E
:100EC4000000000017AE03000000000017AE03008E
:100ED4000000000017AE03000000000017AE03007E
:100EE4000000000017AE03000000000017AE03006E
:100EF4000000000017AE03000000000017AE03005E
:100F04000000000017AE03000000000017AE03004D
:100F14000000000017AE03000000000017AE03003D
:100F24000000000017AE03000000000017AE03002D
:100F34000000000017AE03000000000017AE03001D
:100F44000000000017AE03000000000017AE03000D
:100F54000000000017AE03000000000017AE0300FD
:100F64000000000017AE03000000000017AE0300ED
:100F74000000000017AE03000000000017AE0300DD
:100F84000000000017AE03000000000017AE0300CD
:100F94000000000017AE03000000000017AE0300BD
:100FA4000000000017AE03000000000017AE0300AD
:100FB4000000000017AE03000000000017AE03009D
:100FC4000000000017AE03000000000017AE03008D
:100FD4000000000017AE03000000000017AE03007D
:100FE4000000000017AE03000000000017AE03006D
:100FF4000000000017AE03000000000017AE03005D
:101004000000000017AE03000000000017AE03004C
:101014000000000017AE03000000000017AE03003C
:101024000000000017AE03000000000017AE03002C
:101034000000000017AE03000000000017AE03001C
:101044000000000017AE03000000000017AE03000C
:101054000000000017AE03000000000017AE0300FC
:101064000000000017AE03000000000017AE0300EC
:101074000000000017AE03000000000017AE0300DC
:101084000000000017AE03000000000017AE0300CC
:101094000000000017AE03000000000017AE0300BC
:1010A4000000000017AE03000000000017AE0300AC
:1010B4000000000017AE03000000000017AE03009C
:1010C4000000000017AE03000000000017AE03008C
:1010D4000000000017AE03000000000017AE03007C
:1010E4000000000017AE03000000000017AE03006C
:1010F4000000000017AE03000000000017AE03005C
:101104000000000017AE03000000000017AE03004B
:101114000000000017AE03000000000017AE03003B
:101124000000000017AE03000000000017AE03002B
:101134000000000017AE03000000000017AE03001B
:101144000000000017AE03000000000017AE03000B
:101154000000000017AE03000000000017AE0300FB
:101164000000000017AE03000000000017AE0300EB
:101174000000000017AE03000000000017AE0300DB
:101184000000000017AE03000000000017AE0300CB
:101194000000000017AE03000000000017AE0300BB
:1011A4000000000017AE03000000000017AE0300AB
:1011B4000000000017AE03000000000017AE03009B
:1011C4000000000017AE03000000000017AE03008B
:1011D4000000000017AE03000000000017AE03007B
:1011E4000000000017AE03000000000017AE03006B
:1011F4000000000017AE03000000000017AE03005B
:101204000000000017AE03000000000017AE03004A
:101214000000000017AE03000000000017AE03003A
:101224000000000017AE03000000000017AE03002A
:10123400440B0400DDD703000000000017AE0300D8
:101244000000000017AE03000000000017AE03000A
:101254000000000017AE03000000000017AE0300FA
:101264000000000017AE03000000000017AE0300EA
:101274000000000017AE03000000000017AE0300DA
:10128400652B0200C3DE03000000000017AE03005C
:101294000000000017AE03000000000017AE0300BA
:1012A4000000000017AE03000000000017AE0300AA
:1012B4000000000017AE03000000000017AE03009A
:1012C4000000000017AE03000000000017AE03008A
:1012D4000000000017AE0300D5200200C3DE0300A7
:1012E4000000000017AE03000000000017AE03006A
:1012F4000000000017AE03000000000017AE03005A
:101304000000000017AE03000000000017AE030049
:101314000000000017AE03000000000017AE030039
:10132400B9260200C3DE03000000000017AE03006C
:101334000000000017AE03000000000017AE030019
:101344000000000017AE03000000000017AE030009
:101354000000000017AE03000000000017AE0300F9
:101364000000000017AE03000000000017AE0300E9
:101374000000000017AE03000000000017AE0300D9
:101384000000000017AE03000000000017AE0300C9
:101394000000000017AE03000000000017AE0300B9
:1013A4000000000017AE03000000000017AE0300A9
:1013B4000000000017AE03000000000017AE030099
:1013C4000000000017AE03000000000017AE030089
:1013D4000000000017AE03000000000017AE030079
:1013E4000000000017AE03000000000017AE030069
:1013F4000000000017AE03000000000017AE030059
:101404000000000017AE03000000000017AE030048
:101414000000000017AE03000000000017AE030038
:101424000000000017AE0300A1DE0300C3DE0300CA
:101434000000000017AE03000000000017AE030018
:101444000000000017AE03000000000017AE030008
:101454000000000017AE03000000000017AE0300F8
:101464000000000017AE0300E5200200C3DE030005
:081474000000000017AE0300A8
:10148000D81D0020108100200004000001ED0000A4
:101490000000000000000000000000000700000045
:1014A00000000000817F0400000000000000000038
:1014B000001F0020108500200078000065F000006B
:1014C0000000000000000000000000000300000019
:1014D000000000003985040000000000000000004A
:1014E000EBCE03000000000001CF0300000000006D
:0814F000F3CE030009DE010048
:1014F800B5DE01004BD0030043D0030075DE0100C8
:1015080065DE01007DDE01008DD20300BBD1030042
:10151800B5DF0100ADDF010069D003005DD0030035
:10152800A1E501006FD303007BD303008FD3030031
:1015380099D30300A3D3030079E4010085E30100F4
:04154800000000009F
:08154C00EDF1010063DC030076
:10155400E1DA0100DBCE0300AFCE0300000000009F
:0C156400ADD901000000000000000000F4
:10157000A9D4030007D70300ABD7030031EC010067
:1015800055D4030049D50300BFD4030059EB010033
:04159000DDD30300A4
:10159400050000007D81010000000000060000003D
:1015A40075BF010000000000040000001D88010058
:0415B4000000000033
:1015B800E9E90000FDE80000C1ED000000000000BE
:1015C800000000000000000091E70000000000009B
:1015D8000422040008000000A42204000700000000
:0815E800281F040006000000AA
:1015F000E3900400030000004AAA04000300000076
:101600005EB7040003000000FC9C0400030000001F
:1016100070B2040003000000C6C204000300000012
:10162000039D0400030000008BAC040003000000D5
:1016300064BD040003000000ABA60400030000002A
:10164000BBA9040003000000AEC2040003000000B8
:10165000A2B4040003000000DC90040003000000BA
:10166000A59A040003000000C7D504000300000091
:10167000B5D5040003000000C89B0400030000006F
:1016800097C104000300000074C5040003000000BB
:101690001F89040003000000F9C5040003000000D6
:1016A000FBEB04000300000022D304000300000051
:1016B000B38504000300000066C5040003000000B9
:1016C000EB9A04000300000037C60400030000008A
:1016D000CBD7040003000000BF8C0400030000000F
:1016E000878D0400030000008B8D040003000000C0
:1016F00056D60400030000007497040003000000A5
:10170000CC99040003000000679A04000300000065
:10171000C9D6040003000000F1E00400030000004B
:10172000A67F040003000000CB9B04000300000020
:10173000769A0400030000003985040003000000CD
:101740003EC704000300000033CC04000300000087
:0817500033C90400030000008E
:10175800FC1E0400206F00200F8F04000100000011
:10176800C59B04000000000000000000393D010096
:10177800C93F01000000000034BB04000100000064
:1017880000000000C7C303000000000000000000C4
:1017980058BD04000100000000000000B5A20100CF
:1017A800000000000000000050BD0400010000001F
:1017B800000000008599010085A8010000000000D4
:1017C800A6C204000100000000000000DDCE0100F8
:1017D8002DCC0100000000005EBD040001000000E7
:1017E80000000000F19E0100219E010000000000A1
:101800000000000003000000A0000000F000000045
:1018100000000000ACA50400B1A50400B5A50400BB
:10182000B9A50400BDA50400C1A50400C5A5040018
:10183000C9A50400CDA50400D1A50400D5A50400C8
:10184000D9A50400DDA50400E1A50400E5A5040078
:10185000E9A5040000A0105000820D5000040550BE
:10186000050000000400000001000000FCDE41EB68
:10187000A2D1422400B5F8579FAC9D9EAAC9B434AA
:10188000F401FA00960064004B0032001E001400C0
:101890000A00050002000100010001000001010032
:1018A00000010001000001000100000001000B0028
:1018B00002000A00050009000A00080014000700E1
:1018C0001E000600320005004B0004006400030007
:1018D00096000200FA000100F4010000020301007A
:1018E0000C0802170D01010209090101060209187D
:1018F000180301010909030305030201230202245D
:101900000910040405050B0B040B2B1B1B151A1ADD
:101910001C021D16130501490D150508061B1B0F9A
:1019200002020801010000FEFEFEFEFEFEFEFEFEBB
:10193000FEFEFEFEFEFEFEFE16FEFEFEFEFEFEFEAF
:10194000FEFEFEFE1F1FFEFE26FEFEFEFEFEFEFE4D
:10195000FEFEFEFEFEFEFEFEFEFEFE3E3EFEFEFE27
:10196000FE3B3B00F401FA00960064004B0032009D
:101970001E0014000A00050002000100A201B003CD
:10198000BE05EE024806A209C405F40B24120E029D
:101990001C045A03B4063006600C0000EC1700204B
:1019A0000200000B280500200200000B5818002040
:1019B0000200000C5A1800200200000B5A180020E8
:1019C0000100000C5C1800200100000C0100000068
:1019D0000700000000000000000000000000000000
:1019E000000040060C0300000000000048A30000B7
:1019F00014A000000406080A0C0E10121416181C7D
:101A00001E20222426282A2C2E30323436383A3C06
:101A10003E40424446484A4C4E021A5000000000E4
:101A2000280000001800000000000000F023000063
:101A300024130000000000004006000040060000E3
:101A4000000098086B03000000000000F023000075
:101A50002413000000010302000000000000010147
:101A60000101010101010101010102020202020260
:101A7000030304040505060607070808090A0B0CFA
:101A80000D0E0F101112131415161718191A1B002A
:101A900010010000D200000030010000D80000005A
:101AA00001000000E400000002000000EA00000065
:101AB00002000000EC00000003000000EE00000047
:101AC00004000000F000000005000000F20000002B
:101AD00006000000F400000007000000F60000000F
:101AE00008000000F700000009000000F8000000F6
:101AF0000A000000F90000000B000000FA000000DE
:101B00000A000000FB0000000F000000FC000000C5
:101B100011000000FD00000013000000FE000000A6
:101B200015000000FF000000180000000000000089
:101B30001B000000010000001F0000000200000068
:101B40002300000003000000280000000400000043
:101B50002D0000000500000033000000060000001A
:101B600039000000070000003F00000008000000EE
:101B700008090A0608080102060000100200FA001F
:101B80000000FCDE41EBA2D1422400B5F8579FAC27
:101B90009D9EAAC9B4340000CDDD0000D9DD00004F
:101BA000DDDD0000E5DD0000E9DD0000010300628D
:101BB000746C6500000000000000000000000000E0
:101BC0000000000000000000000000000000000015
:101BD0000000000000000000000000000000000005
:101BE00000010000000000000000000000000000F4
:101BF0000338FDD87047000000000000000000001E
:101C00000338FDD87047000001000000000000000C
:101C100005000000000000001900000000000000A6
:101C20007D000000000000007102000000000000C4
:101C3000350C000000000000093D0000000000001D
:101C40002D31010000000000E1F50500000000005A
:101C500065CD1D0000000000F902950000000000A5
:101C6000DD0EE90200000000514A8D0E0000000068
:101C70009573C24800000000E941CC6B01000000F0
:101C80008D49FD1A07000000C16FF2862300000095
:101C9000C52EBCA2B1000000D9E9AC2D780300002C
:101CA0003D9160E45811000031D6E275BC56000049
:101CB000F52E6E4DAEB10100C9EA268367780800A3
:101CC000ED95C28F055A2A00A1EDCCCE1BC2D300E0
:101CD00025A4000A8BCA22040000000000000000B6
:101CE00000000000000000100000000000000000E4
:101CF000B9340332B7F4AD1410DB1AB30892540EA2
:101D00000D307D951447BA1A66088F4D26ADC66D05
:101D1000F598BF85E2B74511CA96853D92BD1DEB8A
:101D2000FCA11860DCEF52163C92AE220BB8C1B495
:101D3000839D2D5B0562DA1C304C7E8F4E8BB25B2F
:101D400016F4529F8B56A512FBD4827643ED8AF08F
:101D50008FE7F9311565191850F19BD94A13EEB484
:101D6000284CF0A686C1251F035FC270CB9E491682
:101D7000E642889C44EB2014B0650836AD6EA5851C
:101D800085F0CA14E2FD031A0B899979D5B13D0992
:101D9000D8DA973A35EBCF10AC363F5E73BB38CF0D
:101DA0003E6752FA44AFBA1501000000000000007F
:101DB0000000000000000020345065C05FC9A6523A
:101DC000BB13CBAEC440C21806C8DF7100D5A87CD7
:101DD000F56F0FDA58FC27136E4756357D242065C2
:101DE00002C7E768E48CA41DE9E60268D7CD396133
:101DF0007977FCC2405BEF16798CDE43FFA751F97F
:101E000091F3B278F5BDBE11E857E9D6E8BEE87B9C
:101E1000B054AC8F848D751BEA23A499E9F9D38B58
:101E2000B7A3714061DA3E15CEE33ECB73F94808A3
:101E30008C97B427D51B7010A2BFEFB9EB85321574
:101E40004DB44DB49BBB6F1996B6076CF8E7EEAD79
:101E500036D9B4F59135AE13222218AF4E6A684DCB
:101E600091DAAA3D4F40741E9FBD9EE006A1C09826
:101E700057C2A7FDA40E90170E7D497173E3208F02
:101E8000B220D87605143B12853D7434811343B0DB
:101E9000AD297A5F27F4351C07100000280D0020BB
:101EA00001010000380D002009100000957F04009A
:101EB000F020002000010000DFA80300A5A8030017
:101EC0000200000057AA030000000000000000000C
:101ED0000000000000000000EF8E0400F78E0400F8
:101EE000000000000000000000000000FF8E040061
:101EF000038F0400078F04000B8F0400091C0100EE
:101F0000FD1B01002D1C0100E51B0100000000006D
:101F1000F11B010000000000891C0100286F002057
:101F2000037D002010000000B47A0400AFC5030058
:101F300000000000CB90040000000100B07A040013
:101F400037C7030000000000CC0A00200000010099
:101F5000A990040000000000000000000000000044
:101F600000000100AC7A040081C50300ADA00100AF
:101F7000A80A002000000300A87A040037C7030065
:101F800000000000A00A002000000100879004006B
:101F90000000000011240100000000000000030008
:101FA00002000000000000000000000000301600E9
:101FB000840B040001000000003016000020000027
:101FC000840B040000050020000000000600010052
:101FD00002000000D81F0400000000002199040046
:101FE00002000000E04F16000000002029990400C4
:101FF00021000000E0E70320D80A00204535010059
:1020000000000000C9AE0300FC1F040014200400FF
:102010004A000000904E0220FC1F0400242004000F
:102020002E000000C0530220FC1F040034200400D6
:102030000201000094540220EDA504000BA6040048
:1020400026A6040036A6040043A604004CA60400FD
:1020500053A604005AA6040061A6040069A6040061
:1020600043A6040071A6040083A6040098A60400F9
:102070000E030000B95901000F040000855901004A
:102080001A0100004D4301000504000065430100F2
:1020900013010000954A0100FF01000011490100F1
:1020A0003E010000F148010005040000B9430100B1
:1020B00008040000F54C0100300300006D4C0100E5
:1020C00010010000614401000112000009590100E3
:1020D0000A1E0000A3B203000309000079490100B1
:1020E000040B000049450100060A0000FD510100F3
:1020F000070A0000314401000C050000FD43010007
:10210000050C000039510100FC1F040014210400DB
:1021100047000000B0550220EFB10400FCB10400FC
:102120001CB2040010B2040027B204003EB2040046
:102130004EB2040037B5040062B20400FC1F040074
:102140004821040000000000D0560220FC1F0400BB
:10215000582104004A00000020570220D7B903008C
:10216000D9B90300000000000000000000000000DA
:102170006985010000000000000000000000000070
:10218000000000000202010057C203000404010025
:102190008595010006060100C594010008040100B0
:1021A000B19301000A0201003FC203000C040100C8
:1021B00027C203000E0401008592010020040100E3
:1021C000E991010010040100F990010012020100E0
:1021D000DBC1030016040100EBBB03001801010082
:1021E00029BF03001E000400ABC20300520200001E
:1021F00001C20300FC1F0400002204004C00000088
:1022000078580220E47A0400AFC503000000000003
:10221000E07A040000000100DC7A040037C7030004
:1022200000000000D00B002000000100D47A040060
:10223000000000000000000000000000000000009E
:10224000D07A040081C50300ADA00100D80B0020A6
:1022500000000300CC7A040037C703000000000030
:10226000C80B002000000100C47A0400E7C5030089
:10227000D1A101000000000000000300C07A0400AA
:1022800037C7030000000000C00B00200000010061
:10229000B87A040099A701000000000000000000C7
:1022A00000000100107B0400AFC503000000000027
:1022B0000C7B040000000100087B040037C703000A
:1022C000000000000C0C002000000100007B040056
:1022D00017C603000000000000000000000001001D
:1022E000FC7A040037C7030000000000040C002043
:1022F00000000100F47A040041C603000000000061
:102300000000000000000100F07A040037C703005D
:1023100000000000FC0B002000000100E87A04002F
:10232000819D01000000000000000000000001008D
:1023300001BF0100DFCC030019C80100000000004C
:1023400000000000B5C40100000000000000000013
:10235000000000000000000000000000000000007D
:1023600025BD01000600000079CA03000600000038
:1023700041BA010010000000B5B6010010000000D5
:10238000B9C701000100000035C9030010000000BA
:1023900075CA03000A000000B5BF0100100000006C
:1023A00099C50100070000007DCA0300100000006D
:1023B000BBC903000100000009BC0100400000008F
:1023C00019CA030010000000D3C903000100000077
:1023D000CDD7010001010000000000000000000056
:1023E000040000002828070301010000F82304006E
:1023F000000000000000000000000D500424040054
:10240000010000000C240400020000002C00001455
:102410002D00001500000D5000000000C5D3010084
:10242000CDD60100BDD2010071D901005DDA0100F5
:1024300000000000F9DB01001DDB0100EDC5040018
:10244000C9CE0300CFCE0300F3C504001000000086
:1024500001FF00006501000000100000A40B040053
:1024600000127A0000010000C40A04000500010007
:10247000000000000000800080000000000001005B
:10248000C228170000000100000001000200000047
:102490000100000000FF000000A0105000820D505D
:1024A000000405507F000000FFFF0100FF0700004F
:1024B0001F00000000A010500000000000000000FD
:1024C00000C0105001000000FFFF000000820D500E
:1024D000000000000100000000A00D5000000000FE
:1024E000FF0700000004055000000000020000008B
:1024F000000000000000000000A0105000820D50FD
:10250000000405507F000000FFFF0100FF070000EE
:1025100000600C5004000000000000005025040082
:1025200000C201000000D6010000000000000040D1
:10253000000000000000000000000000617E00209C
:102540005C7E00205B7E00205A7E0020010100009E
:1025500000600C505C2504000100000064250400AC
:1025600004000000240000002600000225060001EF
:102570002706000300A0105000820D5000040550F3
:102580007F000000FFFF0100FF07000000A00450D3
:10259000000000000048E80100000000000000000A
:1025A00000000000FFFFFFFF0000FF000000000030
:1025B00000000000FFFFFFFF01000001010000001C
:1025C0008FDB0300FFFF0000DC250400FFFFFFFF9F
:1025D00000000000000000000000000000A0045007
:1025E000E825040001000000F025040003000000BD
:1025F000410000044200000544000006C40A040033
:102600000500010000A0105000820D50000405508C
:102610007F000000FFFF0100FF070000C40A040064
:1026200009000000A40A04000A000000C40A040013
:1026300007000000A40A04000E000000A40A040021
:102640000B001100A40A040009001100A40A0400F0
:1026500008001100840A040004001100CD010200EA
:10266000E1DC03000FDD03000001000000A01050BA
:1026700000820D50000405507F000000FFFF0100A4
:10268000FF07000008000000020000000400000036
:102690000100000000A0105000820D500004055001
:1026A0007F000000FFFF0100FF07000000A01050A6
:1026B00000820D50000405507F000000FFFF010064
:1026C000FF0700004FE004005DE0040071E004003B
:1026D00080E004008CE004007C0904007C09040014
:1026E000F4090400040A0400640A0400640A0400F3
:1026F0005FE40400000100000D0000001100000074
:10270000110000001300000010270000E803000083
:10271000F82A0000E8030000BC340000E8030000D1
:10272000B0360000D007000010270000E8030000CA
:10273000F82A0000E8030000BC340000E8030000B1
:10274000B0360000D007000010270000E8030000AA
:10275000F82A0000E8030000BC340000E803000091
:10276000B0360000D007000010270000E80300008A
:10277000F82A0000E8030000BC340000E803000071
:10278000B0360000D0070000010001000100010088
:10279000010001000100020002000200020002002C
:1027A0000200020003000300040005000600080008
:1027B00008000000010002000300040005000600FC
:1027C000070008001000180024002C003200380018
:1027D0003E00430048004F0058006A008600000099
:1027E000FFFF9C6E56463B332D2825211F1C1A19CE
:1027F0001716151413121110100F0F0E0D0D0C0CCF
:102800000C0C0B0B0B0A0A0A09090909090908082B
:10281000080808070707070707060606060606064C
:10282000060606060606060606050505050505054F
:102830000505050505040404040404040404040453
:10284000040404040404040404040404040403034A
:102850000303030303030303030303030303030249
:1028600019170200020100007E7C776D57291309B9
:1028700004020000FFFFFFFF555555553333333336
:10288000244992241CC7711C74D14517133BB11302
:10289000111111110F0F0F0F5E43790D0CC3300C86
:1028A0002C64210BA3703D0A5E427B09B0DCD30887
:1028B000841042087CF0C10707755007453EEB06BF
:1028C0000669900663703E06D017F405055BB005F7
:1028D0000A62720529783905050505053E87D40485
:1028E0004A90A7041FC17D0497C75604535C320465
:1028F00004411004033FF0033526D2030ECCB50388
:10290000D10A9B03E0C0810336D06903EC1D530359
:10291000D2913D031F1629032197150303030303D7
:102920009049F1020B5CE002022DD0022CB0C002F3
:1029300046DAB102FDA0A302D4FA95020CDF8802A8
:1029400097457C0202277002697C6402693F590244
:10295000176A4E02F0F64302D5E039020223300234
:1029600002B92602AD9E1D0221D01402BA490C0202
:1029700010080402F007FC015946F4017BC0EC0189
:10298000AC73E5016E5DDE01657BD70158CBD001EC
:10299000304BCA01F0F8C301B8D2BD01C3D6B701AC
:1029A0006403B2010157AC011AD0A6013F6DA10129
:1029B000142D9C014F0E9701B40F920118308D0118
:1029C0005F6E880177C983015F407F0120D27A0161
:1029D000CE7D760187427201761F6E01CD136A01AA
:1029E000C61E6601A73F6201BB755E0156C05A0153
:1029F000D31E5701949053010115500188AB4C012F
:102A00009E534901BC0C460162D6420113B03F01FE
:102A10005A993C01C2913901DF98360145AE330124
:102A200090D130015C022E014A402B01018B28011C
:102A300027E225016745230170B42001F32E1E0112
:102A4000A4B41B013845190168E01601F085140192
:102A50008E35120101EF0F010AB20D016E7E0B01DE
:102A6000F3530901603207017F1905011B090301B6
:102A70000101010100000000958B00003798000063
:102A8000FFA5000004B5000067C5000045D70000A1
:102A9000C1EA0000FFFF000000000000000000008D
:102AA000000000000000000000000000005A504B31
:102AB000453F383128221D14120A00000000000092
:102AC00000006E645A544E47413A332D27201A14A1
:102AD0000C000000000000766E675D56504B4641CA
:102AE0003B352F281F170F04000000007E77706809
:102AF0005F59534E48423C362F272019110C0100D4
:102B000000867F787267615B554E48423C362F29BC
:102B1000231D17100A019089827C716B655F5852E2
:102B20004C464039332D27211A0F0198918A847B16
:102B3000756F69625C56504A433D37312B2414014E
:102B4000A29B948E857F79736C66605A544D474181
:102B50003B352E1E01ACA59E988F89837D76706AC9
:102B6000645E57514B453F382D14C8C8C8C8C8C803
:102B7000C8C8C6C1BCB7B2ADA8A39E99948168006D
:102B800028070707070707070707070707070707B4
:102B900007070707070707070707070707070707C5
:102BA000070707070707070707280F171C1F222417
:102BB0002627292A2B2C2D2E2F2F31323334353630
:102BC0003737393A3B3C3D3E3F3F4142434445461F
:102BD0004747281421293035393D40424547494B64
:102BE0004C4E50525557595B5C5E60626567696B2D
:102BF0006C6E70727577797B7C7E80281727333CEA
:102C000043494F53575B5E616466696B6F737679B6
:102C10007C7E8183878B8E919496999B9FA3A6A996
:102C2000ACAEB1B3231C31414E59636B72787E84D4
:102C3000888D9195999FA5ABB0B4B9BDC0C7CDD3D0
:102C4000D8DCE1E5E8EFF5FB15213A4F61707D89AD
:102C5000949DA6AEB6BDC3C9CFD9E3EBF3FB112358
:102C60003F566A7B8B98A5B1BBC5CED6DEE6EDFAA2
:102C7000191F374B5B6975808A929AA1A8AEB4B9C7
:102C8000BEC8D0D7DEE5EBF0F5FF102441596E80C9
:102C9000909FADB9C4CFD9E2EAF2FA0B294A678016
:102CA00097ACBFD1E1F1FF092B4F6E8AA3BACFE3F6
:102CB000F60C2747637B90A4B6C6D6E4F1FD092C39
:102CC00051718EA8C0D6EBFF07315A7FA0BFDCF749
:102CD00006335F86AACBEA072F577B9BB8D4ED0655
:102CE000346189AED0F005396A97C0E7053B6F9E25
:102CF000CAF305376793BBE0053C71A1CEF80441E8
:102D00007AAFE004437FB6EAE0E0E0E0E0E0E0E054
:102D1000A0A0A0A0B9B9B9B2B2A8863D25E0E0E074
:102D2000E0E0E0E0E0F0F0F0F0CFCFCFC6C6B79043
:102D30004228A0A0A0A0A0A0A0A0B9B9B9B9C1C1C3
:102D4000C1B7B7AC8A4026F0F0F0F0F0F0F0F0CF69
:102D5000CFCFCFCCCCCCC1C1B48F4228B9B9B9B98F
:102D6000B9B9B9B9C1C1C1C1C1C1C1B7B7AC8A4153
:102D700027CFCFCFCFCFCFCFCFCCCCCCCCC9C9C929
:102D8000BCBCB08D4228C1C1C1C1C1C1C1C1C1C19A
:102D9000C1C1C2C2C2B8B8AD8B4127CCCCCCCCCC5F
:102DA000CCCCCCC9C9C9C9C6C6C6BBBBAF8C42282E
:102DB000FFFFFFFFFFFFFFFFFFFFFFFFFFFFFFFF23
:102DC0000000000000000000290029002900520036
:102DD00052007B00A400C800DE00000000000000DC
:102DE0000000000000000000000029002900290068
:102DF00029007B007B007B00A400A400F0000A01F6
:102E00001B01270129002900290029002900290088
:102E1000290029007B007B007B007B00F000F00094
:102E2000F0000A010A0131013E01480150017B0016
:102E30007B007B007B007B007B007B007B00F00045
:102E4000F000F000F0003101310131013E013E019E
:102E500057015F0166016C01F000F000F000F00026
:102E6000F000F000F000F0003101310131013101DA
:102E70005701570157015F015F01720178017E011F
:102E800083010000000001000200030004000500AF
:102E90000600070008000A000C000E0010001400D5
:102EA00018001C002200280030003C004E00640086
:102EB00000001800300048006000080020003800C2
:102EC0005000680010002800400058007000040006
:102ED0001C0034004C0064000C0024003C00540032
:102EE0006C0014002C0044005C0074000100190008
:102EF00031004900610009002100390051006900DA
:102F00001100290041005900710005001D00350025
:102F10004D0065000D0025003D0055006D001500B9
:102F20002D0045005D00750002001A0032004A00C5
:102F300062000A0022003A0052006A0012002A00D1
:102F400042005A00720006001E0036004E00660065
:102F50000E0026003E0056006E0016002E004600B1
:102F60005E00760003001B0033004B0063000B0083
:102F700023003B0053006B0013002B0043005B0059
:102F8000730007001F0037004F0067000F00270085
:102F90003F0057006F0017002F0047005F007700C9
:102FA0000000300060009000C00010004000700081
:102FB000A000D000200050008000B000E00004001D
:102FC000340064009400C400140044007400A400A1
:102FD000D400240054008400B400E4000800380049
:102FE00068009800C800180048007800A800D800C1
:102FF000280058008800B800E8000C003C006C0075
:103000009C00CC001C004C007C00AC00DC002C00C0
:103010005C008C00BC00EC000100310061009100FC
:10302000C100110041007100A100D1002100510038
:103030008100B100E1000500350065009500C50084
:10304000150045007500A500D50025005500850038
:10305000B500E5000900390069009900C9001900B0
:1030600049007900A900D900290059008900B90058
:10307000E9000D003D006D009D00CD001D004D00DC
:103080007D00AD00DD002D005D008D00BD00ED0078
:103090000200320062009200C20012004200720080
:1030A000A200D200220052008200B200E20006001C
:1030B000360066009600C600160046007600A600A0
:1030C000D600260056008600B600E6000A003A0048
:1030D0006A009A00CA001A004A007A00AA00DA00C0
:1030E0002A005A008A00BA00EA000E003E006E0074
:1030F0009E00CE001E004E007E00AE00DE002E00C0
:103100005E008E00BE00EE000300330063009300FB
:10311000C300130043007300A300D3002300530037
:103120008300B300E3000700370067009700C70083
:10313000170047007700A700D70027005700870037
:10314000B700E7000B003B006B009B00CB001B00AF
:103150004B007B00AB00DB002B005B008B00BB0057
:10316000EB000F003F006F009F00CF001F004F00DB
:103170007F00AF00DF002F005F008F00BF00EF0077
:1031800000006000C0002001800120008000E000FD
:103190004001A0014000A00000016001C001080042
:1031A0006800C8002801880128008800E80048015C
:1031B000A8014800A80008016801C80110007000BB
:1031C000D0003001900130009000F0005001B001BB
:1031D0005000B00010017001D00118007800D80034
:1031E0003801980138009800F8005801B8015800DB
:1031F000B80018017801D80104006400C40024015B
:10320000840124008400E4004401A4014400A400DB
:1032100004016401C4010C006C00CC002C018C0181
:103220002C008C00EC004C01AC014C00AC000C01FB
:103230006C01CC0114007400D400340194013400FA
:103240009400F4005401B4015400B400140174015A
:10325000D4011C007C00DC003C019C013C009C0073
:10326000FC005C01BC015C00BC001C017C01DC01B9
:1032700001006100C1002101810121008100E10004
:103280004101A1014100A10001016101C101090049
:103290006900C9002901890129008900E900490163
:1032A000A9014900A90009016901C90111007100C2
:1032B000D1003101910131009100F1005101B101C2
:1032C0005100B10011017101D10119007900D9003B
:1032D0003901990139009900F9005901B9015900E2
:1032E000B90019017901D90105006500C500250162
:1032F000850125008500E5004501A5014500A500E3
:1033000005016501C5010D006D00CD002D018D0188
:103310002D008D00ED004D01AD014D00AD000D0102
:103320006D01CD0115007500D50035019501350001
:103330009500F5005501B5015500B5001501750161
:10334000D5011D007D00DD003D019D013D009D007A
:10335000FD005D01BD015D00BD001D017D01DD01C0
:1033600002006200C2002201820122008200E2000B
:103370004201A2014200A20002016201C2010A0050
:103380006A00CA002A018A012A008A00EA004A016A
:10339000AA014A00AA000A016A01CA0112007200C9
:1033A000D2003201920132009200F2005201B201C9
:1033B0005200B20012017201D2011A007A00DA0042
:1033C0003A019A013A009A00FA005A01BA015A00E9
:1033D000BA001A017A01DA0106006600C600260169
:1033E000860126008600E6004601A6014600A600EA
:1033F00006016601C6010E006E00CE002E018E0190
:103400002E008E00EE004E01AE014E00AE000E0109
:103410006E01CE0116007600D60036019601360008
:103420009600F6005601B6015600B6001601760168
:10343000D6011E007E00DE003E019E013E009E0081
:10344000FE005E01BE015E00BE001E017E01DE01C7
:1034500003006300C3002301830123008300E30012
:103460004301A3014300A30003016301C3010B0057
:103470006B00CB002B018B012B008B00EB004B0171
:10348000AB014B00AB000B016B01CB0113007300D0
:10349000D3003301930133009300F3005301B301D0
:1034A0005300B30013017301D3011B007B00DB0049
:1034B0003B019B013B009B00FB005B01BB015B00F0
:1034C000BB001B017B01DB0107006700C700270170
:1034D000870127008700E7004701A7014700A700F1
:1034E00007016701C7010F006F00CF002F018F0197
:1034F0002F008F00EF004F01AF014F00AF000F0111
:103500006F01CF0117007700D7003701970137000F
:103510009700F7005701B7015700B700170177016F
:10352000D7011F007F00DF003F019F013F009F0088
:10353000FF005F01BF015F00BF001F017F01DF01CE
:1035400000000C00180024003000040010001C00D3
:10355000280034000800140020002C00380001006E
:103560000D00190025003100050011001D00290083
:1035700035000900150021002D00390002000E0061
:103580001A0026003200060012001E002A00360033
:103590000A00160022002E003A0003000F001B0054
:1035A00027003300070013001F002B0037000B001B
:1035B000170023002F003B00E001000044440000FE
:1035C00008000000FFFFFFFF05006000030020006F
:1035D00004000800020004000400010000000000D4
:1035E000000000000000000080310400A836040044
:1035F00000000000F000000044440000070000004C
:103600000100000005003000030010000400040069
:1036100004000100000000000000000000000000A5
:1036200000000000A02F0400A836040000000000E5
:103630007800000044440000060000000200000082
:103640000500180003000800020004000400010047
:10365000000000000000000000000000000000006A
:10366000B02E0400A8360400000000003C0000005A
:1036700044440000050000000300000005000C00A9
:10368000030004000400010000000000000000002E
:1036900000000000000000000000000040350400B1
:1036A000A836040000000000FF7F0000FE7F53FEEC
:1036B000F57FA6FCE77FF9FAD47F4DF9BA7FA1F731
:1036C0009B7FF6F5777F4AF44C7F9FF21D7FF5F0E4
:1036D000E87E4BEFAD7EA3ED6C7EFBEB277E54EADC
:1036E000DB7DADE88A7D07E7337D63E5D87CC1E308
:1036F000777C1EE2107C7DE0A47BDFDE337B41DD46
:10370000BB7AA6DB3E7A0CDABD7972D83679DCD684
:10371000A97847D51778B4D3807723D2E47693D0AD
:10372000427604CF9B7579CDF074F0CB3E746ACAB3
:103730008973E5C8CE7263C70D72E5C5487167C469
:103740007D70EDC2AE6F76C1DB6E00C0026E8FBEC3
:10375000246D21BD426CB4BB5A6B4BBA6E6AE3B8A0
:103760007E6980B7886821B68E67C4B491666AB3F3
:103770008D6515B28664C2B07A6373AF6A6228AE93
:103780005661DFAC3D609BAB215F5AAAFF5D1EA96D
:10379000DA5CE5A7B15BAFA6835A7DA5525950A468
:1037A0001D5827A3E45601A2A755E0A06654C49F64
:1037B0002253AB9EDA51969D8E50879C404F7B9B47
:1037C000ED4D739A974C71993D4B7398E2497897F8
:1037D000814884961D479295B645A7944D44BF9362
:1037E000E242DC927341FE91014026918C3E529060
:1037F000143D838F9A3BB98E1E3AF38D9E38338DDC
:103800001C37788C9835C38B1134128B8932658ABA
:10381000FC30BE896E2F1D89E02D80884E2CE987F3
:10382000BB2A57872629CA868F274486F625C28554
:103830005B244685BF22CF8422215C84831FF183D1
:10384000E21D8A83411C28839F1ACD82F918768253
:1038500055172582AD15DA81071494815F125381C3
:10386000B61019810C0FE380620DB480B70B8A800B
:103870000C0A658060084680B4062C8007051A8013
:103880005C030B80AE0102800000018053FE0280C9
:10389000A6FC0B80F9FA19804DF92C80A1F746801F
:1038A000F6F565804AF489809FF2B480F5F0E380F4
:1038B0004BEF1881A3ED5381FBEB948154EAD9813E
:1038C000ADE8258207E7768263E5CD82C1E32883F0
:1038D0001EE289837DE0F083DFDE5C8441DDCD8400
:1038E000A6DB45850CDAC28572D84386DCD6CA864B
:1038F00047D55787B4D3E98723D2808893D01C89D2
:1039000004CFBE8979CD658AF0CB108B6ACAC28B91
:10391000E5C8778C63C7328DE5C5F38D67C4B88E73
:10392000EDC2838F76C1529000C025918FBEFE916B
:1039300021BDDC92B4BBBE934BBAA694E3B892957A
:1039400080B7829621B67897C4B472986AB36F999B
:1039500015B2739AC2B07A9B73AF869C28AE969DBF
:10396000DFACAA9E9BABC39F5AAADFA01EA901A2EF
:10397000E5A726A3AFA64FA47DA57DA550A4AEA61E
:1039800027A3E3A701A21CA9E0A059AAC49F9AAB50
:10399000AB9EDEAC969D26AE879C72AF7B9BC0B083
:1039A000739A13B2719969B37398C3B478971EB6BA
:1039B00084967FB79295E3B8A7944ABABF93B3BBF6
:1039C000DC921EBDFE918DBE2691FFBF529074C148
:1039D000838FECC2B98E66C4F38DE2C5338D62C7A6
:1039E000788CE4C8C38B68CA128BEFCB658A77CD1D
:1039F000BE8904CF1D8992D0808820D2E987B2D3B6
:103A0000578745D5CA86DAD6448671D8C2850ADA80
:103A10004685A5DBCF8441DD5C84DEDEF1837DE07D
:103A20008A831EE22883BFE3CD8261E5768207E7C1
:103A30002582ABE8DA8153EA9481F9EB5381A1ED59
:103A400019814AEFE380F4F0B4809EF28A8049F451
:103A50006580F4F54680A0F72C804CF91A80F9FABD
:103A60000B80A4FC028052FE018000000280AD01A8
:103A70000B805A03198007052C80B30646805F0827
:103A800065800A0A8980B60BB480610DE3800B0F54
:103A90001881B51053815D1294810514D981AC153C
:103AA000258253177682F918CD829D1A28833F1CF0
:103AB0008983E21DF083831F5C842121CD84BF2292
:103AC00045855A24C285F42543868E27CA86242933
:103AD0005787B92AE9874C2C8088DD2D1C896D2FEA
:103AE000BE89FC30658A8732108B1034C28B9635C4
:103AF000778C1B37328D9D38F38D1B3AB88E993BEE
:103B0000838F133D52908A3E25910040FE91714172
:103B1000DC92DF42BE934C44A694B54592951D4776
:103B2000829680487897DF4972983C4B6F99964C03
:103B3000739AEB4D7A9B3E4F869C8D50969DD85143
:103B4000AA9E2153C39F6554DFA0A65501A2E25649
:103B500026A31B584FA451597DA5835AAEA6B05B2E
:103B6000E3A7D95C1CA9FF5D59AA205F9AAB3C6012
:103B7000DEAC556126AE6A6272AF7963C0B085640F
:103B800013B28D6569B38F66C3B48D671EB688683E
:103B90007FB77C69E3B86E6A4ABA596BB3BB416CB4
:103BA0001EBD246D8DBE026EFFBFDA6E74C1AE6F96
:103BB000ECC27D7066C44771E2C50D7262C7CD72FA
:103BC000E4C8887368CA3D74EFCBEE7477CD9B75FB
:103BD00004CF427692D0E37620D28077B2D31778A2
:103BE00045D5A978DAD6367971D8BC790ADA3E7A21
:103BF000A5DBBA7A41DD317BDEDEA47B7DE00F7C84
:103C00001EE2767CBFE3D87C61E5337D07E78A7DE1
:103C1000ABE8DB7D53EA267EF9EB6C7EA1EDAD7E51
:103C20004AEFE77EF4F01D7F9EF24C7F49F4767FE9
:103C3000F4F59B7FA0F7BA7F4CF9D47FF9FAE67FC1
:103C4000A4FCF57F52FEFE7F0000FF7FAD01FE7FEA
:103C50005A03F57F0705E77FB306D47F5F08BA7F75
:103C60000A0A9B7FB60B777F610D4C7F0B0F1D7F80
:103C7000B510E87E5D12AD7E05146C7EAC15277E16
:103C80005317DB7DF9188A7D9D1A337D3F1CD87C44
:103C9000E21D777C831F107C2121A47BBF22337B14
:103CA0005A24BB7AF4253E7A8E27BD7924293679A9
:103CB000B92AA9784C2C1778DD2D80776D2FE47602
:103CC000FC30427687329B751034F07496353E7422
:103CD0001B3789739D38CE721B3A0D72993B487120
:103CE000133D7D708A3EAE6F0040DB6E7141026E07
:103CF000DF42246D4C44426CB5455A6B1D476E6AD9
:103D000080487E69DF4988683C4B8E67964C916697
:103D1000EB4D8D653E4F86648D507A63D8516A6253
:103D20002153566165543D60A655215FE256FF5D03
:103D30001B58DA5C5159B15B835A835AB05B5259B4
:103D4000D95C1D58FF5DE456205FA7553C60665462
:103D5000556122536A62DA5179638E508564404F0F
:103D60008D65ED4D8F66974C8D673D4B8868E249B8
:103D70007C6981486E6A1D47596BB645416C4D445C
:103D8000246DE242026E7341DA6E0140AE6F8C3EEA
:103D90007D70143D47719A3B0D721E3ACD729E386C
:103DA00088731C373D749835EE7411349B758932D5
:103DB0004276FC30E3766E2F8077E02D17784E2C1C
:103DC000A978BB2A36792629BC798F273E7AF62531
:103DD000BA7A5B24317BBF22A47B22210F7C831F14
:103DE000767CE21DD87C411C337D9F1A8A7DF918B0
:103DF000DB7D5517267EAD156C7E0714AD7E5F12F8
:103E0000E77EB6101D7F0C0F4C7F620D767FB70BDF
:103E10009B7F0C0ABA7F6008D47FB406E67F070553
:103E2000F57F5C03FE7FAE01000000000000000093
:103E30000000000000000000080008000800080062
:103E40001000100010001500150018001D002200C1
:103E500024000000FF7FFF7FFF7FFE7FFD7FFB7F51
:103E6000F97FF77FF47FF17FEE7FEA7FE67FE27FE5
:103E7000DD7FD87FD27FCD7FC67FC07FB97FB27F05
:103E8000AA7FA27F9A7F917F887F7F7F757F6B7FDC
:103E9000617F567F4B7F407F347F287F1B7F0E7F63
:103EA000017FF47EE67ED87EC97EBA7EAB7E9B7EA5
:103EB0008B7E7B7E6A7E597E487E367E247E127E95
:103EC000FF7DEC7DD97DC57DB17D9D7D887D737D38
:103ED0005D7D477D317D1B7D047DED7CD57CBD7C8A
:103EE000A57C8C7C737C5A7C417C277C0C7CF27B8F
:103EF000D77BBC7BA07B847B687B4B7B2E7B117B41
:103F0000F37AD57AB77A987A797A5A7A3A7A1A7AA3
:103F1000FA79D979B87997797579537931790E79B0
:103F2000EB78C878A47880785C7837781278ED7769
:103F3000C777A1777B7754772D770677DE76B676CD
:103F40008E7665763D761376EA75C07596756B75D7
:103F500040751575EA74BE749274657438740B7488
:103F6000DE73B073827354732573F672C7729772DF
:103F7000677237720672D671A471737141710F71D5
:103F8000DC70AA70777043701070DC6FA76F736F6E
:103F90003E6F096FD36E9D6E676E316EFA6DC36DA5
:103FA0008C6D546D1C6DE46CAC6C736C3A6C006C75
:103FB000C76B8D6B526B186BDD6AA26A666A2A6AE0
:103FC000EE69B26975693869FB68BE6880684268E5
:103FD0000468C567866747670767C8668766476678
:103FE0000766C665846543650165BF647D643A64A0
:103FF000F863B46371632D63EA62A56261621C6257
:10400000D76192614C610661C0607A603360ED5F98
:10401000A55F5E5F165FCE5E865E3E5EF55DAC5D63
:10402000635D1A5DD05C865C3C5CF15BA65B5B5BB0
:10403000105BC55A795A2D5AE15994594859FB5881
:10404000AD5860581258C45776572857D9568A56D3
:104050003B56EC559C554C55FC54AC545B540B549E
:10406000BA5368531753C55273522152CF517C51E2
:104070002951D65083503050DC4F884F344FE04E9A
:104080008B4E364EE14D8C4D374DE14C8B4C354CC3
:10409000DF4B884B324BDB4A844A2C4AD5497D4959
:1040A0002549CD4875481C48C4476B471247B84658
:1040B0005F460546AB455145F7449D444244E743BE
:1040C0008C433143D6427A421F42C34167410A4181
:1040D000AE405140F43F973F3A3FDD3E7F3E223EA7
:1040E000C43D663D083DA93C4B3CEC3B8D3B2E3B23
:1040F000CF3A703A103AB1395139F13891383138F4
:10410000D03770370F37AE364D36EC358A35293516
:10411000C73466340434A2333F33DD327B32183285
:10412000B5315231EF308C302930C62F622FFE2E40
:104130009A2E372ED22D6E2D0A2DA62C412CDC2B3B
:10414000782B132BAE2A482AE3297E291829B32875
:104150004D28E72781271B27B5264F26E8258225EE
:104160001B25B5244E24E72380231923B2224A229B
:10417000E3217C211421AC204520DD1F751F0D1F7C
:10418000A51E3D1ED51D6C1D041D9B1C331CCA1B8A
:10419000611BF91A901A271ABE195519EC188218C2
:1041A0001918B0174617DD1673160A16A01536151E
:1041B000CD146314F9138F132513BB125112E71199
:1041C0007C111211A8103D10D30F690FFE0E940E32
:1041D000290EBE0D540DE90C7E0C140CA90B3E0BE0
:1041E000D30A680AFE0993092809BD085208E7079F
:1041F0007C071107A6063A06CF056405F9048E046C
:104200002304B8034C03E10276020B02A00134013F
:10421000C9005E00F3FF87FF1CFFB1FE46FEDAFD1A
:104220006FFD04FD99FC2EFCC2FB57FBECFA81FAF2
:1042300016FAABF940F9D5F86AF8FFF793F729F7C2
:10424000BEF653F6E8F57DF512F5A7F43CF4D2F38B
:1042500067F3FCF291F227F2BCF152F1E7F07DF046
:1042600012F0A8EF3EEFD3EE69EEFFED95ED2BEDEA
:10427000C1EC57ECEDEB83EB19EBAFEA46EADCE976
:1042800072E909E99FE836E8CDE763E7FAE691E6E7
:1042900028E6BFE556E5EDE484E41CE4B3E34BE334
:1042A000E2E27AE211E2A9E141E1D9E071E009E05C
:1042B000A1DF3ADFD2DE6BDE03DE9CDD35DDCDDC57
:1042C00066DCFFDB99DB32DBCBDA65DAFED998D925
:1042D00032D9CBD865D8FFD79AD734D7CED669D6BE
:1042E00004D69ED539D5D4D46FD40BD4A6D341D31C
:1042F000DDD279D214D2B0D14DD1E9D085D022D03F
:10430000BECF5BCFF8CE95CE32CECFCD6DCD0ACD20
:10431000A8CC46CCE4CB82CB20CBBFCA5DCAFCC9BB
:104320009BC93AC9D9C878C818C8B7C757C7F7C60C
:1043300097C637C6D8C578C519C5BAC45BC4FCC30F
:104340009DC33FC3E1C283C225C2C7C169C10CC1BD
:10435000AEC051C0F4BF98BF3BBFDFBE82BE26BE19
:10436000CBBD6FBD13BDB8BC5DBC02BCA7BB4DBB14
:10437000F2BA98BA3EBAE4B98BB931B9D8B87FB8B5
:1043800026B8CDB775B71DB7C5B66DB615B6BEB5EF
:1043900066B50FB5B9B462B40CB4B5B35FB30AB3C4
:1043A000B4B25FB209B2B5B160B10BB1B7B063B02E
:1043B0000FB0BBAF68AF15AFC2AE6FAE1DAECAAD2A
:1043C00078AD26ADD5AC83AC32ACE1AB90AB40ABB5
:1043D000F0AAA0AA50AA00AAB1A962A913A9C5A8C7
:1043E00076A828A8DAA78DA73FA7F2A6A5A659A662
:1043F0000CA6C0A574A528A5DDA492A447A4FCA37F
:10440000B2A368A31EA3D4A28BA242A2F9A1B0A119
:1044100068A120A1D8A090A049A002A0BB9F749F32
:104420002E9FE89EA29E5D9E189ED39D8E9D4A9DC6
:10443000059DC29C7E9C3B9CF89BB59B729B309BD0
:10444000EE9AAD9A6B9A2A9AE999A999689929994D
:10445000E998A9986A982B98ED97AF977197339739
:10446000F596B8967B963F960396C7958B95509593
:104470001495DA949F9465942B94F193B8937F9359
:1044800046930E93D6929E9266922F92F891C19186
:104490008B9155911F91EA90B59080904C90179018
:1044A000E38FB08F7D8F4A8F178FE58EB28E818E0E
:1044B0004F8E1E8EED8DBD8D8D8D5D8D2D8DFE8C67
:1044C000CF8CA18C728C448C178CE98BBC8B908B1D
:1044D000638B378B0B8BE08AB58A8A8A608A368A2F
:1044E0000C8AE289B9899089688940891889F0889D
:1044F000C988A2887C88558830880A88E587C08763
:104500009B87778753872F870C87E986C786A48682
:104510008286618640861F86FE85DE85BE859E85F5
:104520007F856085428523850585E884CB84AE84BC
:104530009184758459843E8422840784ED83D383D7
:10454000B9839F8386836D8355833D8325830E8343
:10455000F682E082C982B3829D82888273825E8203
:104560004A82368222820F82FC81E981D781C5810D
:10457000B381A28191818181718161815181428167
:104580003381258117810981FB80EE80E280D5800F
:10459000C980BD80B280A7809C80928088807F8007
:1045A00075806D8064805C8054804C8045803E8046
:1045B000388032802C80278022801D8019801580D1
:1045C00011800E800B8008800680048003800180AB
:1045D00001800180FF7FFF7FFD7FF97FF47FEE7F09
:1045E000E67FDC7FD27FC67FB87FA97F997F877FF8
:1045F000747F607F4A7F327F1A7F007FE47EC77EB0
:10460000A97E897E687E467E227EFD7DD67DAE7D3A
:10461000857D5A7D2E7D017DD27CA27C707C3D7C87
:10462000097CD47B9D7B647B2A7BEF7AB37A757A95
:10463000367AF679B47971792C79E778A078577859
:104640000D78C27776772877D97689763776E575CB
:1046500090753B75E4748C743374D8737C731F73DA
:10466000C172617200729E713B71D6707070097078
:10467000A16F376FCD6E616EF36D856D156DA46C96
:10468000326CBF6B4B6BD56A5F6AE7696E69F46821
:104690007868FC677E67FF667F66FE657C65F96407
:1046A0007564EF636963E1625862CE614461B8602A
:1046B0002B609D5F0D5F7D5EEC5D5A5DC75C325C7B
:1046C0009D5B075B705AD7593E59A45809586C57DF
:1046D000CF5631569255F2545154AF530D5369523F
:1046E000C5511F517950D24F294F804ED74D2C4D77
:1046F000804CD44B274B794ACA491A496A48B94772
:1047000007475446A045EC4437448143CA4213420C
:104710005B41A240E93F2F3F743EB83DFC3C3F3C2B
:10472000823BC33A043A45398538C43703374136AA
:104730007E35BB34F73333336E32A931E3301D306D
:10474000562F8E2EC62DFD2C342C6B2BA12AD6294C
:104750000C2940287427A826DB250E254124732325
:10476000A522D62107213820681F981EC71DF71CD7
:10477000261C541B831AB119DE180C18391766163B
:104780009315BF14EC13181343126F119B10C60F2F
:10479000F10E1C0E470D710C9C0BC60AF0091A098C
:1047A00044086E079806C205EC0415043F0369022D
:1047B0009201BC00E5FF0FFF38FE62FD8BFCB5FBEC
:1047C000DFFA08FA32F95CF886F7B0F6DAF505F5A3
:1047D0002FF459F384F2AFF1DAF005F030EF5CEE2C
:1047E00088EDB3ECDFEB0CEB38EA65E992E8BFE764
:1047F000EDE61BE649E577E4A6E3D5E204E234E121
:1048000064E094DFC5DEF6DD28DD59DC8CDBBEDA42
:10481000F1D925D959D88DD7C2D6F7D52DD563D49E
:1048200099D3D0D208D240D179D0B2CFEBCE26CE18
:1048300060CD9CCCD8CB14CB51CA8FC9CDC80CC885
:104840004BC78BC6CCC50DC54FC492C3D5C219C2C8
:104850005DC1A3C0E9BF2FBF77BEBFBD08BD52BCBD
:104860009CBBE7BA33BA7FB9CDB81BB86AB7BAB642
:104870000AB65CB5AEB401B455B3A9B2FFB155B137
:10488000ACB005B05EAFB7AE12AE6EADCBAC28AC7F
:1048900086ABE6AA46AAA7A909A96CA8D1A736A7FC
:1048A0009CA603A66BA5D4A43EA4A8A314A381A28E
:1048B000F0A15FA1CFA040A0B29F259F9A9E0F9E1E
:1048C000859DFD9C769CEF9B6A9BE69A639AE19995
:1048D0006099E1986298E5976997EE967496FB95D2
:1048E00084950D9598942494B1933F93CF925F92C1
:1048F000F19184911991AE904590DD8F768F118F53
:10490000AC8E498EE78D878D278DC98C6D8C118C6F
:10491000B78B5E8B068BB08A5A8A078AB489638903
:104920001389C48877882B88E08797874F87088703
:10493000C2867E863C86FA85BA857B853E85028561
:10494000C7848E8456841F84EA83B683838352830C
:104950002283F482C6829B82708247822082FA81FF
:10496000D581B1818F816F814F8131811581FA802D
:10497000E080C880B1809B80878074806380538092
:10498000448037802C802180188011800B80068025
:1049900002800180FF7FFC7FF37FE57FD07FB67FC1
:1049A000977F727F477F177FE17EA57E647E1E7EA4
:1049B000D17D807D297DCC7C6A7C037C967B237BAA
:1049C000AB7A2E7AAC792479977804786C77CF76A5
:1049D0002D768675D97428747173B572F4712E7141
:1049E0006370946FBF6EE66D076D246C3C6B506A0C
:1049F0005F6969686E676F666C6564645863476277
:104A000032611960FB5EDA5DB45C8A5B5D5A2B59DA
:104A1000F557BC567E553D54F852B0516450144F72
:104A2000C14D6B4C114BB4495448F0468A45204463
:104A3000B3424441D23F5C3EE43C6A3BED396D38C1
:104A4000EB366635DF335632CA303D2FAD2D1B2C89
:104A5000882AF2285B27C22527248B22ED204E1FAF
:104A6000AD1D0C1C681AC4181F177815D113291214
:104A70008010D60E2C0D810BD5092A087D06D10495
:104A800024037701CAFF1DFE71FCC4FA18F96BF705
:104A9000C0F514F469F2BFF016EF6DEDC5EB1EEA38
:104AA00078E8D3E62FE58CE3EAE14AE0ABDE0EDD01
:104AB00072DBD8D93FD8A8D613D580D3EFD160D038
:104AC000D3CE48CDBFCB39CAB5C833C7B4C537C4B8
:104AD000BDC246C1D2BF60BEF1BC85BB1CBAB7B86F
:104AE00054B7F4B598B43FB3EAB197B049AFFEAD4F
:104AF000B6AC72AB32AAF6A8BDA788A658A52BA45F
:104B000002A3DDA1BDA0A09F889E749D659C5A9BB9
:104B1000539A509953985997659675958994A3938C
:104B2000C192E4910B913890698FA08EDB8D1C8D22
:104B3000618CAC8BFB8A508AAA8909896D88D787DA
:104B40004687BA863386B2853685C0844F84E38330
:104B50007D831C83C1826B821B82D0818B814B81C0
:104B60001181DD80AE808580618043802A8017803E
:104B70000A800280FF7FF27FCD7F927F417FD97EC6
:104B80005C7EC87D1D7D5D7C887B9C7A9B79857869
:104B900059771876C3745A73DC714A70A46EEB6C43
:104BA0001F6B40694F674B6536630F61D75E8F5C43
:104BB000375ACE575655CF523A50974DE64A284865
:104BC0005D458642A33FB53CBD39BA36AE33993018
:104BD0007B2D552A2827F423B920791D341AEA168B
:104BE0009C134B10F70CA0094806EF0295FF3BFC05
:104BF000E2F88AF534F2E1EE90EB43E8FAE4B6E14C
:104C000077DE3FDB0CD8E1D4BDD1A1CE8ECB84C8FA
:104C100084C58EC2A3BFC3BCEFB928B76DB4BFB102
:104C20001FAF8DAC0AAA96A732A5DDA299A0669EF9
:104C3000439C329A339846966C94A592F190508F8B
:104C4000C38D4A8CE58A95895A88348723862785BF
:104C500041847183B682118283810B81A8805D803B
:104C60002780098080BB000078000000150000004C
:104C700015000000CD6C000000100020842E040000
:104C80000300000008000000780000000B00000096
:104C9000982A0400283E0400C84C04008007000045
:104CA00003000000B8350400F43504003036040079
:104CB0006C360400543E040088010000B02D04004E
:104CC000802B0400082D04000200140037006C0043
:104CD000B2000A017401EE017B021803C6038504C9
:104CE00055053606270729083A095B0A8C0BCC0CB8
:104CF0001B0E790FE5105F12E6137B151C17CA18FF
:104D0000841A491C191EF31FD721C423B925B727BC
:104D1000BC29C72BD82DEF2F0A3229344B366F38D8
:104D2000953ABB3CE23E08412D4350456F478B49C5
:104D3000A34BB54DC24FC851C753BE55AD5793593C
:104D40006F5B425D0A5FC66078621D64B76543674A
:104D5000C368366A9C6BF56C406E7D6FAD70CF7129
:104D6000E372EA73E474D075B0768277487801799B
:104D7000AF79517AE77A727BF37B697CD67C397D97
:104D8000947DE57D2F7E727EAD7EE17E107F387F43
:104D90005C7F7A7F957FAB7FBD7FCD7FD97FE47FBE
:104DA000EC7FF27FF67FFA7FFC7FFE7FFF7FFF7F45
:104DB000FF7FFF7FFF7FFF7F0000000000000000FB
:104DC00003000000020000000300000002000000D9
:104DD00005000000020000000300000002000000C7
:104DE00003000000020000000500000002000000B7
:104DF0000300000002000000C3750A575C2F9A19D7
:104E000067645C55514D48464E4B49474E4A4548AC
:104E1000464A4C473C3C3C3C3C000000487F4181BA
:104E20004280418040803E80408040805C4E5C4FAC
:104E30005C4E5A4F742973287228841A841A91116F
:104E4000A10CB00AB10B18B3308A36873684358688
:104E50003885378437843D7246604A584B58574AE4
:104E600059425B43643B6C3278287A25612B4E3281
:104E7000534E5451584B564A57475A495D4A5D4A1A
:104E80006D287224752275228F1191129213A20C33
:104E9000A50AB207BD06BE08B10917B236733F6650
:104EA000426245634A59475B495B4E5956505C42E2
:104EB0005D40663B673C683C75347B2C8A23851FCC
:104EC00061264D2D3D5A5D3C692A6B296E2D742655
:104ED000712670267C1A841B88138C149B0E9F10DD
:104EE0009E12AA0DB10ABB08C006AF099F0A15B2EF
:104EF0003B6E47564B5554535B42584957485C4BA1
:104F00006248693A6B36733472377038813384285B
:104F100096218C1D62234D2A2A7960426C2B6F28C2
:104F2000752C7B20782477217F2186228B1593177F
:104F300098149E199A1AA615AD10B80DB80A960DB8
:104F40008B0F16B23F724A5254535C52673E604810
:104F5000604365496B48713776347D3476347537F4
:104F6000873189279D20911D61214D28007300669E
:104F7000005300400201000000080D10131517181F
:104F80001A1B1C1D1E1F202021222223242425251C
:104F900000030C0F30333C3FC0C3CCCFF0F3FCFF19
:104FA00000010101020303030203030302030303DD
:104FB0000040CA451B4CFF52825AB362A26B607517
:104FC00001000000000000000300000000000000DD
:104FD00002000000010000000700000000000000C7
:104FE00004000000030000000600000001000000B3
:104FF00005000000020000000F000000000000009B
:1050000008000000070000000C0000000300000082
:105010000B000000040000000E0000000100000072
:1050200009000000060000000D0000000200000062
:105030000A000000050000004027C81B9810603BD4
:10504000502200006066D00C0000000000FF00FF4E
:1050500000FF00FF00FF00FE010001FF00FE00FD59
:10506000020001FF00FE00FD030001FF0F00000031
:105070000A00000005000000010000000000000020
:105080000000000000000000000000000000000020
:105090000000000000000000000000000000000010
:1050A0000000000000000000000000000000000000
:1050B00000000000000000000000000000000000F0
:1050C00000000000000000000000000000000000E0
:1050D00000000000000000000000000000000000D0
:1050E00000000000000000000000000000000000C0
:1050F00000000000000000000000000000000000B0
:10510000000000000000000000000000000000009F
:10511000000000000000000000000000000000008F
:10512000000000000000000000000000000000007F
:10513000000000000000000000000000000000006F
:10514000000000000000000000000000000000005F
:10515000000000000000000000000000000000004F
:10516000000000000000000000000000000000003F
:10517000000000000000000000000000000000002F
:10518000000000000000000000000000000000001F
:10519000000000000000000000000000000000000F
:1051A00000000000000000000000000000000000FF
:1051B00000000000000000000000000000000000EF
:1051C00000000000000000000000000000000000DF
:1051D00000000000000000000000000000000000CF
:1051E00000000000000000000000000000000000BF
:1051F00000000000000000000000000000000000AF
:10520000000000000000000000000000000000009E
:10521000000000000000000000000000000000008E
:10522000000000000000000000000000000000007E
:10523000000000000000000000000000000000006E
:10524000000000000000000000000000000000005E
:10525000000000000000000000000000000000004E
:10526000000000000000000000000000000000003E
:10527000000000000000000000000000000000002E
:10528000000000000000000000000000000000001E
:10529000000000000000000000000000000000000E
:1052A00000000000000000000000000000000000FE
:1052B00000000000000000000000000000000000EE
:1052C00000000000000000000000000000000000DE
:1052D00000000000000000000000000000000000CE
:1052E00000000000000000000000000000000000BE
:1052F00000000000000000000000000000000000AE
:10530000000000000000000000000000000000009D
:10531000000000000000000000000000000000008D
:10532000000000000000000000000000000000007D
:10533000000000000000000000000000010000006C
:105340000100000001000000010000000100000059
:105350000100000001000000010000000100000049
:105360000100000001000000010000000100000039
:105370000100000001000000010000000100000029
:105380000100000001000000010000000100000019
:105390000100000001000000010000000100000009
:1053A00001000000010000000100000001000000F9
:1053B00001000000010000000100000001000000E9
:1053C00001000000010000000100000001000000D9
:1053D00001000000010000000100000001000000C9
:1053E00001000000010000000100000001000000B9
:1053F00001000000010000000100000001000000A9
:105400000100000001000000010000000100000098
:105410000100000001000000010000000100000088
:105420000100000001000000010000000100000078
:105430000100000001000000010000000100000068
:105440000100000001000000010000000100000058
:105450000100000001000000010000000100000048
:105460000100000001000000010000000100000038
:105470000100000001000000010000000100000028
:105480000100000001000000010000000100000018
:105490000100000001000000010000000100000008
:1054A00001000000010000000100000001000000F8
:1054B00001000000010000000100000001000000E8
:1054C00001000000010000000100000001000000D8
:1054D00001000000010000000100000001000000C8
:1054E00001000000010000000100000001000000B8
:1054F00001000000010000000100000001000000A8
:105500000100000001000000010000000100000097
:105510000100000001000000010000000100000087
:105520000100000001000000010000000100000077
:105530000100000001000000010000000100000067
:105540000100000001000000010000000100000057
:105550000100000001000000010000000100000047
:105560000100000001000000010000000100000037
:105570000100000001000000010000000100000027
:105580000100000001000000010000000100000017
:105590000100000001000000010000000100000007
:1055A00001000000010000000100000001000000F7
:1055B00001000000010000000100000001000000E7
:1055C00001000000010000000100000001000000D7
:1055D00001000000010000000100000001000000C7
:1055E00001000000010000000100000001000000B7
:1055F00001000000010000000100000003000000A5
:105600000500000007000000090000000B0000007A
:105610000D0000000F00000011000000130000004A
:105620001500000017000000190000001B0000001A
:105630001D0000001F0000002100000023000000EA
:105640002500000027000000290000002B000000BA
:105650002D0000002F00000031000000330000008A
:105660003500000037000000390000003B0000005A
:105670003D0000003F00000041000000430000002A
:105680004500000047000000490000004B000000FA
:105690004D0000004F0000005100000053000000CA
:1056A0005500000057000000590000005B0000009A
:1056B0005D0000005F00000061000000630000006A
:1056C0006500000067000000690000006B0000003A
:1056D0006D0000006F00000071000000730000000A
:1056E0007500000077000000790000007B000000DA
:1056F0007D0000007F0000008100000083000000AA
:105700008500000087000000890000008B00000079
:105710008D0000008F000000910000009300000049
:105720009500000097000000990000009B00000019
:105730009D0000009F000000A1000000A3000000E9
:10574000A5000000A7000000A9000000AB000000B9
:10575000AD000000AF000000B1000000B300000089
:10576000B5000000B7000000B9000000BB00000059
:10577000BD000000BF000000C1000000C300000029
:10578000C5000000C7000000C9000000CB000000F9
:10579000CD000000CF000000D1000000D3000000C9
:1057A000D5000000D7000000D9000000DB00000099
:1057B000DD000000DF000000E1000000E300000069
:1057C000E5000000E7000000E9000000EB00000039
:1057D000ED000000EF000000F1000000F300000009
:1057E000F5000000F7000000F9000000FB000000D9
:1057F000FD000000FF0000000101000003010000A7
:105800000501000007010000090100000B01000074
:105810000D0100000F010000110100001301000044
:105820001501000017010000190100001B01000014
:105830001D0100001F0100002101000023010000E4
:105840002501000027010000290100002B010000B4
:105850002D0100002F010000310100003301000084
:105860003501000037010000390100003B01000054
:105870003D0100003F010000410100004301000024
:105880004501000047010000490100004B010000F4
:105890004D0100004F0100005101000053010000C4
:1058A0005501000057010000590100005B01000094
:1058B0005D0100005F0100000D0000001900000004
:1058C000290000003D0000005500000071000000AC
:1058D00091000000B5000000DD000000090100009B
:1058E000390100006D010000A5010000E101000088
:1058F0002102000065020000AD020000F902000074
:10590000490300009D030000F5030000510400005E
:10591000B1040000150500007D050000E905000048
:1059200059060000CD06000045070000C107000031
:1059300041080000C50800004D090000D909000019
:10594000690A0000FD0A0000950B0000310C000000
:10595000D10C0000750D00001D0E0000C90E0000E6
:10596000790F00002D100000E5100000A1110000CB
:105970006112000025130000ED130000B9140000AF
:10598000891500005D160000351700001118000091
:10599000F1180000D5190000BD1A0000A91B000075
:1059A000991C00008D1D0000851E0000811F000055
:1059B00081200000852100008D2200009923000035
:1059C000A9240000BD250000D5260000F127000015
:1059D00011290000352A00005D2B0000892C0000F1
:1059E000B92D0000ED2E00002530000061310000CF
:1059F000A1320000E53300002D35000079360000AB
:105A0000C93700001D390000753A0000D13B000085
:105A1000313D0000953E0000FD3F0000694100005F
:105A2000D94200004D440000C54500004147000038
:105A3000C1480000454A0000CD4B0000594D000010
:105A4000E94E00007D50000015520000B1530000E7
:105A500051550000F55600009D580000495A0000BD
:105A6000F95B0000AD5D0000655F00002161000092
:105A7000E1620000A56400006D6600003968000066
:105A8000096A0000DD6B0000B56D0000916F000039
:105A900071710000557300003D750000297700000A
:105AA000197900000D7B0000057D0000017F0000DA
:105AB00001810000058300000D85000019870000AA
:105AC000298900003D8B0000558D0000718F00007A
:105AD00091910000B5930000DD9500000998000049
:105AE000399A00006D9C0000A59E0000E1A0000016
:105AF00021A3000065A50000ADA70000F9A90000E2
:105B000049AC00009DAE0000F5B0000051B30000AC
:105B1000B1B5000015B800007DBA0000E9BC000076
:105B200059BF0000CDC1000045C40000C1C600003F
:105B300041C90000C5CB00004DCE0000D9D0000007
:105B400069D30000FDD5000095D8000031DB0000CE
:105B5000D1DD000075E000001DE30000C9E5000094
:105B600079E800002DEB0000E5ED0000A1F0000059
:105B70003F00000081000000E70000007901000004
:105B80003F020000410300008704000019060000E6
:105B9000FF070000410A0000E70C0000F90F0000B9
:105BA0007F13000081170000071C0000192100006E
:105BB000BF260000012D0000E7330000793B000004
:105BC000BF430000C14C000087560000196100006F
:105BD0007F6C0000C1780000E7850000F9930000A9
:105BE000FFA2000001B3000007C4000019D60000A6
:105BF0003FE9000081FD0000E71201007929010062
:105C00003F410100415A01008774010019900100D1
:105C1000FFAC010041CB0100E7EA0100F90B0200F3
:105C20007F2E02008152020007780200199F0200B5
:105C3000BFC7020001F20200E71D0300794B030019
:105C4000BF7A0300C1AB030087DE03001913040011
:105C50007F490400C1810400E7BB0400F9F7040098
:105C6000FF3505000176050007B8050019FC0500A1
:105C70003F420600818A0600E7D40600792107002A
:105C80003F70070041C1070087140800196A080027
:105C9000FFC10800411C0900E7780900F9D7090095
:105CA0007F390A00819D0A0007040B00196D0B0063
:105CB000BFD80B0001470C00E7B70C00792B0D0093
:105CC000BFA10D00C11A0E0087960E0019150F0016
:105CD0007F960F00C11A1000E7A11000F92B1100E8
:105CE000FFB811000149120007DC120019721300FD
:105CF0003F0B140081A71400E746150079E9150051
:105D00003F8F16004138170087E4170019941800D8
:105D1000FF46190041FD1900E7B61A00F9731B0090
:105D20007F341C0081F81C0007C01D00198B1E0069
:105D3000BF591F00012C2000E701210079DB210061
:105D4000BFB82200C1992300877E2400196725006F
:105D50007F532600C1432700E7372800F92F290089
:105D6000FF2B2A00012C2B0007302C0019382D00A6
:105D70003F442E0081542F00E768300079813100C4
:105D80003F9E320041BF330087E43400190E3600D5
:105D9000FF3B3700416E3800E7A43900F9DF3A00D5
:105DA0007F1F3C0081633D0007AC3E0019F93F00B6
:105DB000BF4A410001A14200E7FB4300795B450077
:105DC000BFBF4600C12848008796490019094B000B
:105DD0007F804C00C1FC4D00E77D4F00F90351006E
:105DE000FF8E5200011F540007B45500194E570092
:105DF0003FED580081915A00E73A5C0079E95D0077
:105E00003F9D5F00415661008714630019D864000C
:105E1000FFA06600416F6800E7426A00F91B6C0052
:105E20007FFA6D0041010000A90200000905000091
:105E3000C1080000410E000009160000A920000062
:105E4000C12E000001410000295800000975000022
:105E50008198000081C3000009F700002934010087
:105E6000017C0100C1CF0100A930020009A002009D
:105E7000411F0300C1AF030009530400A90A050034
:105E800041D8050081BD060029BC070009D60800DD
:105E9000010D0A0001630B0009DA0C0029740E00E1
:105EA00081331000411A1200A92A14000967160054
:105EB000C1D11800416D1B00093C1E00A940210002
:105EC000C17D240001F6270029AC2B0009A32F0077
:105ED00081DD3300815E380009293D002940420000
:105EE00001A74700C1604D00A970530009DA5900AD
:105EF00041A06000C1C6670009516F00A942770048
:105F0000419F7F00816A880029A89100095C9B005D
:105F1000018AA5000136B0000964BB002918C7003A
:105F20008156D3004123E000A982ED000979FB00EE
:105F3000C10A0A01413C190109122901A99039013C
:105F4000C1BC4A01019B5C0129306F0109818201BA
:105F5000819296018169AB01090BC101297CD701AE
:105F600001C2EE01C1E10602A9E01F0209C4390223
:105F700041915402C14D700209FF8C02A9AAAA02E4
:105F80004156C9028107E90229C4090309922B037A
:105F900001774E0301797203099E970329ECBD0333
:105FA0008169E503411C0E04A90A3804093B630416
:105FB000C1B38F04417BBD040998EC04A9101D05F1
:105FC000C1EB4E050130820529E4B605090FED0548
:105FD00081B7240681E45D06099D980629E8D40668
:105FE00001CD1207C1525207A9809307095ED60757
:105FF00041F21A08C1446108095DA908A942F308E1
:1060000041FD3E0981948C092910DC0909782D0A8B
:1060100001D4800A012CD60A09882D0B29F0860BA1
:10602000816CE20B4105400CA9C29F0C09AD010D2A
:10603000C1CC650D412ACC0D09CE340EA9C09F0EEE
:10604000C10A0D0F01B57C0F29C8EE0F094D631071
:10605000814CDA1081CF531109DFCF1129844E1200
:1060600001C8CF12C1B35313A950DA1309A863149E
:1060700041C3EF14C1AB7E15096B1016A90AA51612
:1060800041943C178111D717298C7418090E1519E2
:1060900001A1B819014F5F1A0922091B2924B61B57
:1060A000815F661C41DE191DA9AAD01D09CF8A1E79
:1060B000C155481F4149092009B4CD20A9A0952107
:1060C000C1196122012A302329DC0224093BD92489
:1060D0008151B32593060000450E00000F1C0000FF
:1060E000113300005B5700000D8E000077DD0000CB
:1060F000394D010063E6010095B302001FC10300A2
:10610000211D0500ABD70600DD02090007B30B0017
:10611000C9FE0E0033FF1200E5CF17002F8F1D00C0
:10612000315E2400FB602C00ADBE350097A140001D
:1061300059374D0003B15B0035436C003F267F00AB
:10614000419694004BD3AC007D21C80027C9E600DE
:10615000E9160901D35B2F0185ED59014F2689010D
:106160005165BD019B0EF7014D8B3602B7497C028C
:1061700079BDC802A35F1C03D5AE77035F2FDB0395
:10618000616B4704EBF2BC041D5C3C054743C6054C
:10619000094B5B06731CFC062567A9076FE16308C2
:1061A00071482C093B60030AEDF3E90AD7D5E00BEF
:1061B00099DFE80C43F2020E75F62F0F7FDC7010AA
:1061C000819CC6118B363213BDB2B41467214F16B1
:1061D000299B02181341D019C53CB91B8FC0BE1DA5
:1061E0009107E21FDB5524228DF88624F7450B2703
:1061F000B99DB229E3687E2C151A702F9F2D893224
:10620000A129CB352B9E37395D25D03C876396403D
:1062100049078C44B3C9B248656E0C4DAFC39A515F
:10622000B1A25F567BEF5C5B2D999460179A08666C
:10623000D9F7BA6B83C3AD71B519E377BF225D7E21
:106240001D230000714D0000919C0000FD260100FF
:10625000650C0200E977030099A2050035D6080015
:106260002D700D00E1E4130021C31C00EDB72800E0
:106270007592380059484D0029FA670025F88900C1
:106280003DC7B4005126EA00B1132C01DDD27C01D8
:1062900085F2DE01C9525502B92BE30215148C03B5
:1062A0004D085404C1713F05412E5306CD97940704
:1062B000958C09093977B80A4957A80C05CAE00E28
:1062C0005D136A1131274D14D1B29317BD26481BB7
:1062D000A5C0751FA9952824D99C6D29F5B9522F01
:1062E0006DC8E635A1A6393D61415C45AD9F604E64
:1062F000B5EE5958198E5C63691C7E6FE583D57CB9
:10630000FFBD000001A801008F6B0300F19E060095
:106310003F230C00C13D15008FB62300F1FC39006E
:10632000FF515B0001FA8B000F75D10071BF320184
:106330003F9AB801C1DC6D020FCF5F03718E9E04DE
:10634000FF7B3D0601B653088F9CFC0AF161580E95
:106350003FA78C12C125C5178F65341EF181142605
:10636000FFFBA72F019C3A3B0F6222497186C0595F
:106370003F8A826DC158E384010E04009121090017
:10638000112C130041EE2500414F4700914380003E
:1063900011F7DD000146730101925A021101B803A1
:1063A0009135BC05418FA7084106CE0C11B29B1256
:1063B000910F9A1A011A7625014C0734919E57477E
:1063C000119DAC6041A6918123511600C59E3200FB
:1063D00017B96B0099F6D8006B89A0010DC4FE02B5
:1063E0001F01500521D91D09336C300FD5A2A41807
:1063F000A767082729FD7D3C7BB5E75B1D771D89D5
:10640000AFA02DC9AD8E7B0089E6190139965E02D9
:106410003D16D804B5637709E128C611210334205D
:10642000754882387D575760BF5BAF0281D8270619
:10643000F7845E0DE9FEAD1B7F8BEB3681B7E56817
:1064400017039CC1C10CFF0E396A852219EE914BCE
:1064500081782B9E33E109547850040038530400AE
:10646000F4550400AC580400605B0400105E0400A6
:10647000BC60040024620400E06204005463040071
:10648000A0630400D8630400F863040010640400EF
:106490001C64040000388A408F409440A140A6400C
:1064A000AC401548CB40AE40A3400038003800381F
:1064B0000038CE40ED409D4149415641324137417F
:1064C0003C414141B941BE41D7410E42FA418D4163
:1064D0001B42804162426A42774274436E43664384
:1064E0007F432E4824460038003800380038AF4833
:1064F000D548F34863457D4585439D45A845BB4543
:10650000E345ED45CF45FC4515468C466E46954620
:106510008E460038003800382842003800380038ED
:1065200000380038003800380038003800380038AB
:10653000003800381949194919491949194919499F
:1065400019491949194919490038003800380038E3
:10655000003800380038003800380038003800387B
:10656000003800380038003800380038003800386B
:10657000003800380038003800380038003800385B
:10658000003800380038003800380038003800384B
:10659000003800388C090038FFFFFF0000000000C1
:1065A00010270081878A001A7B627AA678797A8D13
:1065B00000307B627AA778797A8D003078207B6210
:1065C00079217A220C10865082A2808182A2828751
:1065D000828D001A0030722095407AAC797B0030B1
:1065E00078247B627AA884797A8D00307224A7405F
:1065F0007B2479257A26856286A87284868D11A6E9
:106600008584116286A7858684208621862286500D
:106610009A5086A6867286A88685868D8462868D27
:10662000781086A67270001A00307ABB7879003034
:1066300000830030001C001C001C001C001B7C227E
:10664000001D1310D040001A001C001C001C001B71
:106650007C22001D001B7C22001D1310DA40001A52
:10666000000C016A3427001A006E1027001A7B62A2
:10667000782479257A260C1086500E1022590E1097
:106680001A59848FC50811B885850410295911A29B
:1066900084871AA211111120071890A2801A902045
:1066A000001919A272871AA61970001B7C201AA261
:1066B0001A8013100B410E101D590410335986A275
:1066C0001A72868D001A0030870811B8858211A2CF
:1066D00084871AA211111120031890A2801A902009
:1066E000001915A281871AA215151520031890A26A
:1066F000801A902000190741865005240825042699
:10670000F5408650042406250526F54086500C24C5
:1067100006250B26F54086500B2408251A26F55031
:1067200000AB0C1A00300DA702720AAC060D0EA7C2
:1067300003720BAC060E02620CA872030C8D0030C3
:106740007DBB0203048F05A670700362865004208F
:1067500072210E229A500070108A0E240B250E26EC
:10676000F35002728650042072210D229A50027258
:106770001027108A0D240A250D26F35005A70D0EAB
:1067800005200C2105229A50007005BB030505A6C3
:106790000E05003002628650042072210D229A50AC
:1067A0000070108A0D240A250D26F35000300DA725
:1067B0000D0E05A67070027286500C200D21052268
:1067C0009A50007005BB030505A60E050030026255
:1067D0000DA7027203620EA7037201BB0D0E00BB70
:1067E00002030D200E21802282AC80818120822133
:1067F0003910A941006201A80180018D01240825FA
:106800000626B15000300324062508268650F340A2
:10681000032405250A268650F350026286500A207A
:1068200072210A229A503810003906200A210B22C0
:106830009A500BA60B0C0BA80B050B8D38100039CA
:10684000003002620A8E0A8F0B8E0B8F072787504B
:106850000EA8720B0C200E210D229A500A200E2138
:106860000E229A500062865003240D251A26082114
:106870000E221A510262008107271A2072211A2261
:106880009A5000AB0A1A003086500DBB08060DA6C0
:10689000040D032406250E26F3500E2007210E2298
:1068A0009A500EA7050E0E8D0E240D250B26F340D3
:1068B00086500A2408250D26F35002200D210E22B1
:1068C0009A500E240C250B26F340865007200A21EF
:1068D0000D229A5003240C250E26F35005A60D0E0A
:1068E000058D0030865001A700720AB90100062408
:1068F0000A250426F55077A70472381000300118D5
:1069000077A70401381000300420042104229A5093
:1069100077A704723810003C001977A704013910DA
:10692000003C0030A0A27210685380A2811090A297
:1069300091100210965308105B541410FB54391038
:106940008134001A000C865033A2041002102D442A
:106950000810D74414105B4558522620782148521D
:106960002621001C7A20CC425852262078214852F9
:106970001D2079214A52262026211D22001E7A2020
:10698000CC425852782479257D527A20CC4211206D
:1069900084214852112010107A590E1036490121D5
:1069A0008526006886AC86012EA67070C1522E2204
:1069B00036102C2235A78682006CC80811B83581A4
:1069C000EA5026201121001C262002101254112109
:1069D00026220718B120021015540810C7541410AD
:1069E000515580210019E35226202621D050112232
:1069F000BC520068C152006C2320361026201B2296
:106A00000318001E802100192621001A001B0B10FC
:106A10002320001F001A2CBA73742CBA2C2C2CA71C
:106A20002C742DA7018677A72D2C001AA122DC52E9
:106A300002108D53081054541410F65480A2807222
:106A400090A29072808D908D001A003082A28210E8
:106A500082A2827282A81082001A2C201321162290
:106A6000071880A2818280219020B2220019322250
:106A7000DC5229A2322828A2323131A2292525A2AE
:106A8000293030A2312222A2312F2FA2301F1FA283
:106A9000302E2EA22F1C1CA22F2D2DA22E1919A292
:106AA0002E2C2CA22D1616A22D132FA6117030A657
:106AB000127031A6137013A62C7011201121081822
:106AC00002108D53081054541410F654A020B12114
:106AD000001926A62F7027A6307028A63170001A3C
:106AE0001120842148521D20822148528A0811B861
:106AF0008583142011211122001C05188024B12047
:106B00008421001E001920201D211D22001C0518B3
:106B10008024B1208421001E0019E3522620262162
:106B20001922001EDA501122BC5219222620BC5212
:106B300077A22872F810821077A785017710862037
:106B4000CC4285A6850183A6830183A6830113A277
:106B500072101DA619701EA61A701FA613702C4362
:106B6000585278210810E044818F918F001A00302C
:106B700077A701003810013A001A0030585204215A
:106B80006853021039540810F0543810053A001AAE
:106B900000305852262078214A52001A00305852AC
:106BA000151075536E53262002214A5200302DA233
:106BB000A1A12EA2A12D80A2812D90A2912E001A1A
:106BC0002FA205102EA280802CA280332EA22E8010
:106BD0002DA290902EA62E2C2EA62F2E2CA72D2E39
:106BE0002CA22C722C8D001A30A691912CA681819A
:106BF0002DA230911A10E24331A2A1A11810C54371
:106C00002EA2818131A231312CA22C2D31A231331F
:106C10002FBA2E742EA62F3131A62C2CD1432EA69E
:106C200081312FA781312CA22C2D2EA22E2F31A6FF
:106C30002C2C2EBA2E742DA22D2D2FA22E2E2DA649
:106C40002D2D80A72F3131A72C80A0A230A12FA2FB
:106C50002E3190A72F2D001A2EA281812CA22C2D2F
:106C6000CD4331A67092ED4331A77092ED4330A22F
:106C7000A1A12FA231A131A230822FA22F3031A7A2
:106C800031812FA72F9130A23131A0A231A12CA2A6
:106C9000813030A231302EA62C2C31A22F2F2EA6DF
:106CA000302E80A7312E2CA72C802EA2913031A21D
:106CB0002F2C90A7312E001AB0A2A0A0001A2EA649
:106CC00070921B442EA770921B442DA2A2B231A237
:106CD000A1A12CA281B22FA2A13131A282312DA279
:106CE000912D2FA22E2F2EA2A1A22C21F543AAC3B3
:106CF000E7D3EAE32CA6047477A72C00381477A610
:106D000004707814001A2DA205102EA633332FA676
:106D10002D2D2EA22E2E2FA62F2D2EA22E332FA2BA
:106D20002F2F30A62F2F2EA62E2F2FA62E3077A254
:106D30002F72001A90A77090908D001A2DA2A1A119
:106D400080A281A190A2912D001A2FA205102EA23F
:106D500080802CA280332EA22E802CA22C802DA2EB
:106D6000909030A280902EA62E2C2DA62D302EA6EF
:106D70002F2E2CA72D2E001A2CA281A12DA28181AD
:106D80002EA62D912DA22D2DA0A22C2C2CA22C2E86
:106D90002EA22E2E181085442FA2A03387442FBA7E
:106DA000A0042EA62E2C80A62E2F2CA6A02C2DA221
:106DB0002DA02CA22C8090A62C2D001A7023984474
:106DC0008223984431A683922FA282A130A2A1A14E
:106DD00030A2313031A2818132A22F2F29A6313247
:106DE00031A63191A0A229A131A22F312EA6812F47
:106DF00032A630322FA6913032A281322FA22F2E0E
:106E00002CA2812F2DA2299180A632312CA62C2DC7
:106E100032A62FA031A22C2929A2328090A6312996
:106E2000001A30A2A1A12DA2A2A22CA281A22FA25F
:106E300082A12DA2912D30A292302EA2A1A22C21AE
:106E4000A04472C494D496E4006877A772043714FF
:106E5000006C001A2DA272872CA22D8177A7812C9D
:106E6000391081362CA22D9177A7912C39109136AB
:106E7000001A003077A60570001A90A68090001ABC
:106E800080A281A190A291A1001A31A272102CA21D
:106E900080802DA290902EA62C2D2FA22C2D2FA2DB
:106EA000332F2FA62F312EA72E2F2E8D001A2CA672
:106EB000819130A281812DA291912EA2A1A12CA21B
:106EC0002C2C2EA62E2E2FA6302D2DA7302D2CA704
:106ED0002C2F2EA72F2E90A22D2F80A22C2EA0A2D9
:106EE0002E2F001A2EA670822E452EA770822E45B8
:106EF0002FA2A1922EA2A12E30A2819131A22E2FDB
:106F000032A6912E2EA7812E2CA6812F2FA6912F4F
:106F100032A22C322CA22E2F2EA630312FA73031A8
:106F200030A72C2F31A7322E80A22E3090A22F31E5
:106F3000A0A23031001A2CA2A2812DA2A2912FA2D0
:106F4000A1922EA2A1822C2132450DC528D52BE578
:106F5000001A80A77080808D001A585202240725DD
:106F60007D522620CC52E6508750262072210A22DC
:106F70009A503810003906200A210B229A500BA68D
:106F80000C0B0BA80B070B8D381000390030E650A6
:106F900087500A8E0A8F0B8E0B8F0DA8720B0C2058
:106FA0000D2135229A500A202B229A50EA5058522D
:106FB00008222B230224352526262653E65000815D
:106FC000262072212C229A5000AB0A2C0030E65069
:106FD0002BA872062B8DEA50585202242B257D5285
:106FE0000820CC42000C006435A60A0CE6508750FD
:106FF0003520722135229A500BA7073506200B2128
:107000000B229A50381000390030000C006435A66D
:107010000A0CE65087500B8F3520722135229A508A
:10702000EA50585208220B23022435250D262653F8
:107030000030585226200B2148521D2006214A526A
:10704000262026211D22001E1D2008214A5226200E
:1070500026211D22001E0D20CC42E65087500B2019
:107060000C210A229A5082A70882828D0030585241
:1070700008220C2378240A25262626530068262079
:10708000062100AB818000AB919000305852062061
:10709000021050540810F35414105F5506240B25A9
:1070A0007D521D2008214A52262026211D22001E25
:1070B0001120CC5211240A257D520D20CC42E650DD
:1070C00087500A200D212B229A50EA50CF550BA64B
:1070D0002B700D240B257D520820CC4286500008D1
:1070E00000B8797917A70173179E179E0BA2781025
:1070F00017A217100C200E2280A60B7090A27210FF
:1071000082A6907092A6707068460E227AA882922B
:107110007A8D00300E210C2211A6819112A7819147
:1071200013A2111114A2121215A6829216A782920E
:1071300015A2151216A2111611A7131481A2131469
:1071400012A2171114A6151615A7151682A214144B
:1071500016A2151513A6131292A2160B91A21113C3
:1071600012103B46001B0A1040460C210E224246DC
:1071700006217A5608217C5636A2060B36A236879F
:107180000AA608360A8D0030E650875091A29187F2
:1071900036A2768736A2913681A2818781A6368172
:1071A00081A28172818D91A67070001A02248F468F
:1071B000062408217A56EA501410C447F3460621E3
:1071C0007A560A8FEA501410C9471C4735A281101D
:1071D00034A2911031A2353536A2343433A20410D2
:1071E00035A2313634A2721033A2333531A736318D
:1071F00036A6343331A73136318D39108134001A37
:1072000031A2911036A2041031A2313133A2721092
:1072100036A2363131A7313336A6363333A236366D
:1072200033A2333634A2333335A2343635A2353166
:1072300034A2313335A23572358D33A7007333A7AD
:107240003374339E339E339E352433253526F550D3
:1072500035A2351034A2343533A2343433A2333658
:1072600033A63331338D72203810052081A234804B
:10727000818D7D1081A70081001A000C8650D008F6
:1072800011B8080132A2041032A6323284210C2037
:10729000A5570C212D2088571120AE5707188022A2
:1072A0002D21C0205D578021AE5700190C210C20E4
:1072B00088C75DD768E7D050112217570A20B95701
:1072C0000030001B0C200B102D206847000C86504E
:1072D0000821B6569C5632A2041032A632329208C9
:1072E00011B80A0602210C20A5570C212D20885721
:1072F0001120AE57031880222D21C0205D57802118
:10730000AE57001908212120A55721212D2088578B
:107310002120AE57031880222D21C0205D578021E7
:10732000AE5700190C2121220C205D5788C75DD76C
:1073300068E7DA5011221757212217570C20B95746
:1073400077A680703E10003900AB0B90003031A65C
:10735000918136A7918131A2318236A2369233A62D
:1073600070B2734731A6918136A7918131A23192D3
:1073700036A2368233A770B2734734A2A1A233A2D9
:10738000B13335A6313631A7313636A7343333A67B
:10739000343380A2313690A23533A0A23633B0A266
:1073A0003531001A31A6918136A7918134A231314D
:1073B00033A2313631A2A1B136A2A1A131A6313119
:1073C00036A6363636A7363334A7343180A2313666
:1073D000A0A2363390A23334B0A23134001A80A276
:1073E000811090A29110A0A27210B0A28090001AF9
:1073F00031A6918190A7918180A63170A0A6A1A10C
:10740000B0A2B132001A35A2721035A835A180A2FF
:10741000813590A29135808D908D001A08255852A3
:107420007D520A20CC4258520821DB5708205F5574
:107430000822062302240A252626265377A626702C
:107440003E100B3900AB0B270030918F2CA2918797
:107450002DA272872CA22C2C2EA72C2D2CA22C33E3
:107460002CA72C2D2DA22E2E2FA22E2C2DA22D2F6F
:107470002FA22F2F2FA22D2F2FA22F722F8D30A7AB
:107480000074309E309E2F2430252F26F5502FA2D9
:107490002F872DA22F2D2FA22D2D2FA22F2C2FA7DE
:1074A0002F2E2F8D3910913481A22D72818D7C1059
:1074B00081A7008177A7810037109134001A000C52
:1074C0007B62865078231BA67D721B9E3410434836
:1074D0001B9E83241B257A26F5507A207A211B22B5
:1074E0009A501BA71B831B8D3910003D001A0030DA
:1074F0005852782078211C229A501CA61C041C206B
:107500009A501CA61C051C8D1C23195877A67A704E
:107510003D1000307AA7007A00301DA77D721EA6AC
:107520001D701E9E83241E257A26F55038100030CB
:107530001EA77A723910003D1FA283101DB91D00CD
:1075400020A6757021A2721022A6212122239E5806
:1075500024A6287025A67570A85823A72821238D56
:1075600039106B4822A622215C481DA71D721D9E62
:107570001F239E5826A21F2827A2262828A7272196
:10758000288D381099482AA6727029A2272728A783
:107590002921288D3810874829A229292AA62A724C
:1075A0007D481EA7202A28A6247025A61E70A8584C
:1075B0002BA6287024A22B2B20A62A7026A22B26CD
:1075C00027A2272474487AA226727A8D001A0030E6
:1075D00023A28372238D23241D252326F55028A260
:1075E0002310001A25A725723810001A28A228286F
:1075F000A848061000385852022407257D5226203C
:10760000CC5200680AA60C800AAC0A013810003976
:107610002AA67206E6502BA8722A2AAC2B018750A4
:107620000A2006212B229A502BA7072B2BAC2B01CB
:107630002A202B210B229A503810003900300610D6
:107640000038E65087500A8E0A8F0B8E0B8F2AA6C1
:107650000A0B2AAC2A0138100039EA505852082285
:107660002A2302240B2523262653E6502AA60C2380
:107670002AAC2A0100AB0A2A003006100038585202
:10768000E65087502AAC0D0F2AA62A0F2A20072180
:107690002A229A502AA6062A2AAC2A012BAC0A0FC3
:1076A0002BA62B0F2B202A212B229A502BBB2B0CE5
:1076B0002ABB2A0CEA50585208222A230A242B25D6
:1076C0000D2626530030003885A9010F001A11BA83
:1076D000010F85A78511001A007001A67070007057
:1076E00001A77D72001A007009A67070007009BBB6
:1076F0007D0F7D2109620081001A81620081001ADC
:107700000F210F260068868EC15236108636006C17
:10771000021050590310875211A6267012A6277026
:1077200013A62870E65036A8850F368D012136261F
:10773000EA508742900811B8868615D418E41120C3
:1077400012541D201121001C125411211D22031856
:10775000C120001E12548021001926A6117027A6F0
:10776000127028A6137026202621001C001C001C65
:10777000001B7C22001D262113106B491122BC52D4
:107780002621E7D3EAE3001A00680F8E006C2CA2D2
:107790000F10875902108759A0A2A02C15108959E3
:1077A000001A80A2802C90A2902C001AFA1ED65F9C
:1077B00030000000C0000000180000003100000090
:1077C0000000000030000000E00000001C0000008D
:1077D000390000000000000030000000000100003F
:1077E0002000000041000000000000003000000008
:1077F00040010000280000005100000000000000CF
:107800003000000080010000300000006100000036
:1078100000000000300000000002000040000000F6
:10782000810000000000000017000000C000000000
:1078300018000000310000000000000017000000E8
:10784000E10000001D0000003B00000000000000FF
:1078500017000000000100002000000041000000AF
:107860000000000012000000C0000000180000002E
:10787000310000000100000012000000E0000000E4
:107880001C00000039000000010000001200000090
:107890000001000020000000410000000100000085
:1078A000120000004001000028000000510000000C
:1078B0000100000012000000800100003000000004
:1078C0006100000001000000120000000902000039
:1078D000420000008500000001000000410000009F
:1078E000FF00000020000000200000000000000059
:1078F00041000000C0010000380000003800000016
:107900000000000042000000FF0000002000000016
:10791000200000000000000042000000C001000044
:1079200039000000390000000000000000010000E4
:1079300000020000001400000028000000400000C9
:1079400001000000020000000F0000001000000015
:1079500010000000200000001000000010000000D7
:1079600064790400110000001128000011080000D3
:1079700001000000080600000002000000040000F2
:10798000200000004000000020000000480000002F
:10799000417C030004060000000200000004000017
:1079A0001C00000040000000200000004800000013
:1079B000417C03001300000063000000A3000000EE
:1079C0000300000000001000200000003FEE040053
:1079D000D4790400260000100000000000300000F0
:1079E0000C00000000000000EC79040022000010F0
:1079F000000C0000003100000C000000000000033B
:107A00000000000000000000000000000000000076
:107A1000000000409559695955555455155555560E
:107A200004051541105455404551554440455044B6
:107A30005055554500400040400444966555565504
:107A40004540455451411540559155555555405166
:107A50000501000054455454455505040010041018
:107A60001404400000000140555515415404000025
:107A700044000100000000404100004450444550D3
:107A80005400555554556551004000400100000117
:107A900000050100115451515455550500000000D6
:107AA0000000000000000000000003280000022980
:107AB000000003280000002800002A2B00002A2BC9
:107AC000000003280000292B0000292B00000328B8
:107AD000000002290000052A0000052A00000328F2
:107AE00000000118000000280000042A0000042AF9
:107AF000000003280000012A0000012A00000328DA
:107B00000000002A0000002A0000032800000018DE
:107B1000000000284E6F742061626C6520746F2035
:107B2000616C6C6F636174652055415254207265BD
:107B30006365697665206275666665720070756258
:107B40006C69630072616E646F6D007075626C6960
:107B5000632D69640072616E646F6D2D6964002528
:107B60003032583A253032583A253032583A25309A
:107B700032583A253032583A253032582028257369
:107B800029005365637572697479206368616E6753
:107B900065643A202573206C6576656C2025750038
:107BA0005365637572697479206661696C65643ABE
:107BB000202573206C6576656C20257520657272B2
:107BC0002025642025730050616972696E67206604
:107BD00061696C656420636F6E6E3A2025732C209A
:107BE000726561736F6E2025642025730050616992
:107BF00072696E6720636F6D706C657465643A209E
:107C000025732C20626F6E6465643A2025640050F1
:107C10006173736B657920666F722025733A202536
:107C200030367500446973636F6E6E6563746564A6
:107C30003A2025732C20726561736F6E2030782591
:107C4000303278202573005072657373204275744A
:107C5000746F6E203020746F20636F6E6669726D72
:107C60002C20427574746F6E203120746F20726501
:107C70006A6563742E00436F6E6E656374696F6E20
:107C8000206661696C65642C2065727220307825ED
:107C900030327820257300436F6E6E6563746564BF
:107CA0002025730050616972696E672063616E639D
:107CB000656C6C65643A202573005265636569766E
:107CC000656420646174612066726F6D3A2025736B
:107CD000004E6F742061626C6520746F20616C6C63
:107CE0006F6361746520554152542073656E642042
:107CF0006461746120627566666572004661696CD4
:107D0000656420746F2073656E6420646174612003
:107D10006F7665722055415254004661696C656406
:107D200020746F2073656E642064617461206F76C7
:107D3000657220424C4520636F6E6E656374696F97
:107D40006E00436F6E6E656374696F6E206F626A5A
:107D500065637420617661696C61626C652066722E
:107D60006F6D2070726576696F757320636F6E6ECC
:107D70002E20446973636F6E6E656374206973208F
:107D8000636F6D706C65746521004E756D65726909
:107D900063204D617463682C20636F6E6E202570C4
:107DA000004E756D657269632052656A6563742C57
:107DB00020636F6E6E202570004164766572746971
:107DC00073696E67206661696C656420746F2073E7
:107DD00074617274202865727220256429004164E0
:107DE000766572746973696E672073756363657312
:107DF0007366756C6C79207374617274656400438A
:107E0000616E6E6F7420696E697420627574746F30
:107E10006E7320286572723A202564290043616ED2
:107E20006E6F7420696E6974204C45447320286518
:107E300072723A202564290043616E6E6F74206966
:107E40006E697469616C697A65205541525420638A
:107E5000616C6C6261636B005374617274696E670C
:107E6000204E6F72646963205541525420736572CD
:107E7000766963652073616D706C650D0A004361FE
:107E80006E6E6F7420646973706C61792077656CB5
:107E9000636F6D65206D657373616765202865721A
:107EA000723A202564290043616E6E6F7420656EFE
:107EB00061626C65207561727420726563657074AF
:107EC000696F6E20286572723A2025642900466128
:107ED000696C656420746F2072656769737465727C
:107EE00020617574686F72697A6174696F6E20635E
:107EF000616C6C6261636B732E20286572723A202C
:107F0000256429004661696C656420746F20726580
:107F100067697374657220617574686F72697A61DC
:107F200074696F6E20696E666F2063616C6C62614C
:107F3000636B732E20286572723A202564290042F3
:107F40006C7565746F6F746820696E697469616CB3
:107F5000697A6564004661696C656420746F2069A4
:107F60006E697469616C697A652055415254207359
:107F700065727669636520286572723A20256429E6
:107F800000626C655F77726974655F7468726561C1
:107F9000645F696400626C655F6D6963726F7068CD
:107FA0006F6E655F31007065726970686572616CD3
:107FB0005F75617274006F7075735F656E636F6477
:107FC00065725F6765745F73697A652829203D2053
:107FD00025640A00434D414B455F534F555243457D
:107FE0005F4449522F7372632F736F756E645F73B2
:107FF0006572766963652E63006F7075735F656E79
:10800000636F6465725F6765745F73697A65286D15
:108010005F6F7075735F6368616E6E656C73292046
:108020003C3D2073697A656F66286D5F6F7075736C
:108030005F656E636F646572290041535345525406
:10804000494F4E204641494C205B25735D2040201E
:1080500025733A25640A006F7075735F656E636FF0
:108060006465725F696E6974286D5F6F7075735FA8
:10807000656E636F6465725F73746174652C203123
:10808000363030302C206D5F6F7075735F636861C0
:108090006E6E656C732C203230353129203D3D20C9
:1080A00030006F7075735F656E636F6465725F63D8
:1080B000746C286D5F6F7075735F656E636F646558
:1080C000725F73746174652C20343030322C202838
:1080D0002828766F69642928286D5F6F7075735F33
:1080E0006269747261746529203D3D20286F707546
:1080F000735F696E743332293029292C20286F7000
:1081000075735F696E74333229286D5F6F70757394
:108110005F62697472617465292929203D3D2030B0
:10812000006F7075735F656E636F6465725F637413
:108130006C286D5F6F7075735F656E636F646572D9
:108140005F73746174652C20343030362C202828FD
:1081500028766F69642928286D5F6F7075735F7664
:10816000627229203D3D20286F7075735F696E74BF
:108170003332293029292C20286F7075735F696E7E
:1081800074333229286D5F6F7075735F7662722960
:108190002929203D3D2030006F7075735F656E6347
:1081A0006F6465725F63746C286D5F6F7075735F69
:1081B000656E636F6465725F73746174652C2034DF
:1081C0003032302C20282828766F69642928282806
:1081D0006D5F6F7075735F62697472617465202181
:1081E0003D202D313030302929203D3D20286F7031
:1081F00075735F696E743332293029292C20286FFA
:108200007075735F696E7433322928286D5F6F70E3
:1082100075735F6269747261746520213D202D3130
:10822000303030292929293D3D2030006F70757389
:108230005F656E636F6465725F63746C286D5F6FFA
:108240007075735F656E636F6465725F737461747C
:10825000652C20343031302C20282828766F696432
:108260002928286D5F6F7075735F636F6D706C6523
:108270007869747929203D3D20286F7075735F6996
:108280006E743332293029292C20286F7075735F62
:10829000696E74333229286D5F6F7075735F636F19
:1082A0006D706C6578697479292929203D3D2030ED
:1082B000006F7075735F656E636F6465725F637482
:1082C0006C286D5F6F7075735F656E636F64657248
:1082D0005F73746174652C20343032342C2028286C
:1082E00028766F69642928282D3130303029203DC7
:1082F0003D20286F7075735F696E743332293029A1
:10830000292C20286F7075735F696E7433322928A9
:108310002D31303030292929203D3D2030006F702B
:1083200075735F656E636F6465725F63746C286DEF
:108330005F6F7075735F656E636F6465725F737492
:108340006174652C20343033362C20282828766F31
:1083500069642928283829203D3D20286F707573CD
:108360005F696E743332293029292C20286F70758B
:10837000735F696E743332292838292929203D3DDD
:108380002030006F7075735F656E636F6465725F38
:1083900063746C286D5F6F7075735F656E636F6477
:1083A00065725F73746174652C20343031362C2013
:1083B000282828766F69642928283029203D3D2007
:1083C000286F7075735F696E743332293029292CD8
:1083D00020286F7075735F696E74333229283029D5
:1083E0002929203D3D2030006F7075735F656E63F5
:1083F0006F6465725F63746C286D5F6F7075735F17
:10840000656E636F6465725F73746174652C20348C
:108410003031322C20282828766F696429282830AA
:1084200029203D3D20286F7075735F696E7433326B
:10843000293029292C20286F7075735F696E743379
:1084400032292830292929203D3D2030006F7075C0
:10845000735F656E636F6465725F63746C286D5FD4
:108460006F7075735F656E636F6465725F7374615F
:1084700074652C20343031342C20282828766F69FC
:10848000642928283029203D3D20286F7075735FAE
:10849000696E743332293029292C20286F70757346
:1084A0005F696E743332292830292929203D3D2007
:1084B0003000536F756E6420736572766963652052
:1084C00073746172742C207761697420666F7220F6
:1084D00050434D20646174612E2E2E2E2E2E00529C
:1084E00065616420617564696F20646174612066F0
:1084F00061696C65642C2073697A65203D20256470
:10850000004D696370686F6E6520737461727420CA
:10851000746F20776F726B21004D696370686F6EA6
:10852000652073746F7020746F20776F726B2100F9
:108530006D69635F776F726B00736F756E645F73E5
:10854000657276696365006D5F617564696F3A2075
:10855000456E61626C65640D0A00535441525420AB
:108560006D5F617564696F206661696C65643A204E
:108570002564006D5F617564696F3A2044697361B9
:10858000626C65640D0A0053544F50206D5F617535
:1085900064696F206661696C65643A2025640050E7
:1085A000444D2072656164206661696C65643A209F
:1085B000256400646D69635F647269766572004D5D
:1085C000696370686F6E6520737461727420746F74
:1085D00020776F726B2E20006D696370686F6E6517
:1085E0002073746F7020746F20776F726B2E200071
:1085F0006D696370686F6E652069732069646C656E
:108600002E2E2E00653A2573202573206576656E23
:1086100074006D69635F776F726B5F6576656E740A
:108620000000070E091C1B1215383F363124232A7F
:108630002D574553545F544F504449522F7A65701B
:108640006879722F6C69622F686561702F68656147
:10865000702E63006368756E6B5F75736564286860
:108660002C2063290009756E6578706563746564F4
:1086700020686561702073746174652028646F756B
:10868000626C652D667265653F2920666F72206D8C
:10869000656D6F72792061742025700A006C6566C3
:1086A000745F6368756E6B28682C207269676874E4
:1086B0005F6368756E6B28682C20632929203D3D17
:1086C00020630009636F7272757074656420686559
:1086D000617020626F756E647320286275666665CE
:1086E00072206F766572666C6F773F2920666F72B5
:1086F000206D656D6F72792061742025700A0062AB
:1087000079746573203E20686561705F666F6F7471
:1087100065725F6279746573286279746573290084
:1087200009686561702073697A6520697320746FC8
:108730006F20736D616C6C0A00686561705F737A9D
:10874000203E206368756E6B737A2873697A656F53
:108750006628737472756374207A5F686561702926
:1087600029006368756E6B305F73697A65202B2012
:108770006D696E5F6368756E6B5F73697A65286893
:1087800029203C3D20686561705F737A005745532E
:10879000545F544F504449522F7A65706879722F54
:1087A0006C69622F6F732F63627072696E74665F9B
:1087B0007061636B616765642E630009537472694D
:1087C0006E67207769746820746F6F206D616E79B1
:1087D00020617267756D656E74730A000973747237
:1087E0005F7074725F706F735B5D20746F6F207366
:1087F0006D616C6C0A0009756E65787065637465EF
:10880000642073697A652025750A0009746F6F20EA
:108810006D616E7920666F726D617420617267732D
:108820000A00696E5F7061636B6167656420213D5A
:10883000202828766F6964202A2930290028756E3F
:108840007369676E6564292063686172202A2075E8
:1088500073656420666F72202525702061726775CC
:108860006D656E742E2049742773207265636F6D79
:108870006D656E64656420746F2063617374206934
:108880007420746F20766F6964202A2062656361AA
:10889000757365206974206D6179206361757365F6
:1088A000206D69736265686176696F7220696E20F8
:1088B0006365727461696E20636F6E666967757255
:1088C0006174696F6E732E20537472696E673A22F9
:1088D00025732220617267756D656E743A25640098
:1088E000736370795F636E74203C2073697A656F7F
:1088F00066286370795F7374725F706F7329006BA1
:108900006565705F636E74203C2073697A656F667D
:10891000286B6565705F7374725F706F7329006395
:10892000627072696E74665F7061636B6167650027
:10893000574553545F544F504449522F7A657068DD
:1089400079722F6C69622F6F732F6D7073635F7014
:108950006275662E6300574553545F544F50444927
:10896000522F7A65706879722F696E636C756465D1
:108970002F7A65706879722F7370696E6C6F636B94
:108980002E68007A5F7370696E5F6C6F636B5F76E1
:10899000616C6964286C290009496E76616C6964B0
:1089A000207370696E6C6F636B2025700A007A5FAC
:1089B0007370696E5F756E6C6F636B5F76616C6907
:1089C00064286C2900094E6F74206D7920737069DA
:1089D0006E6C6F636B2025700A00574553545F54CB
:1089E0004F504449522F7A65706879722F6C6962D2
:1089F0002F7574696C732F6F6E6F66662E630073CC
:108A000074617465203D3D20305500217379735F9A
:108A1000736C6973745F69735F656D707479282610
:108A20006D67722D3E636C69656E74732900747294
:108A3000616E73697420213D202828766F69642057
:108A40002A293029007374617465203D3D20283146
:108A5000554C203C3C2028312929006D67722D3E61
:108A600072656673203D3D2030007374617465202B
:108A70003D3D202831554C203C3C20283029290000
:108A80006D67722D3E72656673203E20300057453B
:108A900053545F544F504449522F7A65706879722D
:108AA0002F6C69622F7574696C732F6E6F746966B1
:108AB000792E63004661696C757265207768696C10
:108AC000652065726173696E6720746865207365DF
:108AD00063746F72206174206F66667365742030F2
:108AE00078256C78007A6D73206E6F7420696E69DA
:108AF0007469616C697A656400436F756C64206E9B
:108B00006F74206F627461696E20666C6173682097
:108B1000706172616D657465727300556E73757006
:108B2000706F7274656420777269746520626C6F0F
:108B3000636B2073697A6500556E61626C652074A1
:108B40006F20676574207061676520696E666F00CD
:108B5000496E76616C696420736563746F7220730B
:108B6000697A6500496E76616C6964207365637427
:108B70006F722073697A652C2073686F756C64203E
:108B80006265206174206C6561737420257A7500BC
:108B9000436F6E66696775726174696F6E20657286
:108BA000726F72202D20736563746F7220636F750E
:108BB0006E742062656C6F77206D696E696D756D7E
:108BC00020726571756972656D656E742028322931
:108BD000005A4D532056657273696F6E2069732079
:108BE0006E6F7420737570706F7274656400257594
:108BF00020536563746F7273206F66202575206241
:108C00007974657300616C6C6F63207772613A20D0
:108C1000256C6C752C20256C6C7800646174612067
:108C20007772613A20256C6C752C20256C6C78006D
:108C3000474320446F6E65206D61726B65722066DC
:108C40006F756E64004E6F20474320446F6E652041
:108C50006D61726B657220666F756E643A20726525
:108C60007374617274696E67206763004661696C32
:108C7000656420746F20636C6F7365207468652071
:108C8000736563746F722C2072657475726E65649F
:108C9000203D202564004761726261676520636F33
:108CA0006C6C656374696F6E206661696C65642CB9
:108CB0002072657475726E6564203D2025640066BF
:108CC000735F7A6D73006C6F6767696E67005745F5
:108CD00053545F544F504449522F7A6570687972EB
:108CE0002F7375627379732F6C6F6767696E672F67
:108CF0006C6F675F636F72652E63006C6F675F6296
:108D000061636B656E645F636F756E745F676574D6
:108D10002829203C2028283332202F203355292091
:108D20002D202831202B20302929006261636B65BA
:108D30006E64203C3D205F6C6F675F6261636B65B2
:108D40006E645F6C6973745F656E640009756E654F
:108D500078706563746564206C69737420656E64F3
:108D6000206C6F636174696F6E0A006C6F675F627D
:108D700061636B656E645F636F756E745F67657466
:108D80002829203E2030006C6F67006C6F675F6D94
:108D9000676D74004D6573736167652028222573C4
:108DA00022292064726F707065642062656361754A
:108DB00073652069742065786365656473207369E1
:108DC0007A65206C696D69746174696F6E202825FD
:108DD000752900574553545F544F504449522F7AD8
:108DE00065706879722F7375627379732F6C6F6712
:108DF00067696E672F6C6F675F6D73672E63006CBA
:108E0000656E203E3D203000574553545F544F500F
:108E10004449522F7A65706879722F73756273793D
:108E2000732F6C6F6767696E672F6C6F675F6F7505
:108E3000747075742E63006F75745F6374782D3E63
:108E4000636F6E74726F6C5F626C6F636B2D3E6FDD
:108E50006666736574203C3D206F75745F6374783B
:108E60002D3E73697A65001B5B306D006C6576651D
:108E70006C203C3D203400257320005B2530386C8D
:108E8000755D20005B253032753A253032753A2504
:108E90003032752E253033752C253033755D20002A
:108EA00025732F003C25733E200025733A20006572
:108EB0007272203E3D203000253032782000202084
:108EC00020007C00256300206D6573736167657306
:108ED0002064726F70706564202D2D2D0D0A1B5B50
:108EE000306D001B5B313B33316D2D2D2D20001B70
:108EF0005B313B33316D001B5B313B33336D0065C0
:108F000072720077726E00696E6600646267006C50
:108F10006F675F6261636B656E645F727474005744
:108F20004553545F544F504449522F7A65706879C5
:108F3000722F7375627379732F73657474696E67BA
:108F4000732F7372632F73657474696E67732E6306
:108F5000006368203C3D205F73657474696E6773BD
:108F60005F68616E646C65725F7374617469635F7E
:108F70006C6973745F656E64007365742D76616CE3
:108F80007565206661696C7572652E206B65793A2E
:108F9000202573206572726F7228256429004D6147
:108FA00078696D756D206861736820636F6C6C699A
:108FB00073696F6E732072656163686564004C69E4
:108FC0006E6B6564206C69737420666F72206861D3
:108FD000736865732069732062726F6B656E2C20F5
:108FE000547279696E6720746F207265636F76655D
:108FF00072002A2A2A20426F6F74696E67204D79A9
:10900000204170706C69636174696F6E2076332ED5
:10901000312E302D366530643533393636303838B8
:10902000202A2A2A0A002A2A2A205573696E6720D4
:109030006E524620436F6E6E6563742053444B201E
:1090400076332E312E302D36633665356233323429
:10905000393665202A2A2A0A002A2A2A20557369C5
:109060006E67205A6570687972204F532076342ECF
:10907000312E39392D31363132363833643430318E
:1090800030202A2A2A0A00029ECADC240EE5A9E022
:1090900093F3A3B50200406E029ECADC240EE5A93C
:1090A000E093F3A3B50200406E029ECADC240EE5F5
:1090B000A9E093F3A3B50300406E029ECADC240E20
:1090C000E5A9E093F3A3B50300406E029ECADC2439
:1090D0000EE5A9E093F3A3B50100406E62745F6EE4
:1090E0007573006170705F6576656E745F6D616E3B
:1090F000616765720072302F61313A202030782527
:10910000303878202072312F61323A202030782593
:10911000303878202072322F61333A202030782581
:109120003038780072332F61343A2020307825307F
:109130003878207231322F69703A2020307825300B
:109140003878207231342F6C723A202030782530F4
:1091500038780020787073723A20203078253038C3
:109160007800735B2532645D3A20203078253038F2
:10917000782020735B2532645D3A202030782530DA
:1091800038782020735B2532645D3A2020307825C2
:109190003038782020735B2532645D3A20203078A7
:1091A000253038780066707363723A202030782555
:1091B000303878004661756C74696E6720696E732B
:1091C0007472756374696F6E206164647265737321
:1091D00020287231352F7063293A203078253038B5
:1091E0007800556E68616E646C6564204952516EFA
:1091F0003A202564002A2A2A2A2A204D5055204642
:1092000041554C54202A2A2A2A2A002020537461CE
:10921000636B696E67206572726F722028636F6E70
:10922000746578742061726561206D696768742067
:109230006265206E6F742076616C6964290020205D
:10924000556E737461636B696E67206572726F72BD
:10925000002020446174612041636365737320566C
:10926000696F6C6174696F6E0020204D4D464152EC
:1092700020416464726573733A2030782578002049
:1092800020496E737472756374696F6E20416363F5
:109290006573732056696F6C6174696F6E0020206E
:1092A000466C6F6174696E672D706F696E74206CA7
:1092B000617A792073746174652070726573657268
:1092C000766174696F6E206572726F7200574553D4
:1092D000545F544F504449522F7A65706879722F09
:1092E000617263682F61726D2F636F72652F636F98
:1092F000727465785F6D2F6661756C742E630021E2
:109300002828285343425F54797065202A29202851
:109310002830784530303045303030554C29202BBE
:1093200020307830443030554C2920292D3E43469A
:1093300053522026202831554C203C3C20283055C3
:10934000202B2034552929290009537461636B6946
:109350006E67206F7220446174612041636365739E
:10936000732056696F6C6174696F6E206572726FDD
:109370007220776974686F757420737461636B20F1
:1093800067756172642C20757365722D6D6F6465ED
:10939000206F72206E756C6C2D706F696E746572C3
:1093A00020646574656374696F6E0A0A002A2A2A4C
:1093B0002A2A205553414745204641554C54202ADE
:1093C0002A2A2A2A0020204469766973696F6E2050
:1093D0006279207A65726F002020556E616C696732
:1093E0006E6564206D656D6F72792061636365736E
:1093F00073002020537461636B206F766572666C16
:109400006F772028636F6E74657874206172656170
:10941000206E6F742076616C6964290020204E6F85
:1094200020636F70726F636573736F7220696E7300
:109430007472756374696F6E73002020496C6C657B
:1094400067616C206C6F6164206F66204558435FD4
:1094500052455455524E20696E746F20504300207F
:1094600020496C6C6567616C20757365206F6620A0
:109470007468652045505352002020417474656D16
:10948000707420746F206578656375746520756EDF
:10949000646566696E656420696E73747275637461
:1094A000696F6E002A2A2A2A2A20425553204641F3
:1094B000554C54202A2A2A2A2A00202053746163FA
:1094C0006B696E67206572726F7200202050726542
:1094D00063697365206461746120627573206572CD
:1094E000726F7200202042464152204164647265CE
:1094F00073733A2030782578002020496D707265AA
:10950000636973652064617461206275732065729C
:10951000726F72002020496E737472756374696F84
:109520006E20627573206572726F7200526573658A
:109530007276656420457863657074696F6E202863
:109540000053707572696F757320696E74657272FD
:1095500075707420284952512000535053454C20B7
:10956000696E20746872656164206D6F6465206443
:109570006F6573206E6F7420696E646963617465D2
:10958000205053500065736620213D202828766FB7
:109590006964202A293029000945534620636F75E4
:1095A0006C64206E6F7420626520726574726965E8
:1095B000766564207375636365737366756C6C7927
:1095C0002E205368616C6C206E65766572206F6327
:1095D0006375722E0A002A2A2A2A2A2048415244F8
:1095E000204641554C54202A2A2A2A2A002020426B
:1095F0007573206661756C74206F6E207665637478
:109600006F72207461626C65207265616400202055
:109610004465627567206576656E7400202046613A
:10962000756C7420657363616C6174696F6E20285A
:109630007365652062656C6F772900415243485F0E
:1096400045584345505420776974682072656173AA
:109650006F6E2025780A00094661756C7420657369
:1096600063616C6174696F6E20776974686F75747B
:109670002046535220696E666F0A00094861726481
:109680004661756C7420776974686F7574204846FC
:10969000535220696E666F205368616C6C206E6552
:1096A000766572206F636375720A002A2A2A2A2A55
:1096B000204465627567206D6F6E69746F722065F6
:1096C0007863657074696F6E202A2A2A2A2A002A14
:1096D0002A2A2A2A20257320256429202A2A2A2A90
:1096E0002A00574553545F544F504449522F7A65CE
:1096F000706879722F617263682F61726D2F636F6A
:1097000072652F636F727465785F6D2F6972715F18
:109710006D616E6167652E63007072696F203C3DFC
:1097200020282831554C203C3C2028332929202D45
:109730002031290009696E76616C69642070726954
:109740006F7269747920256420666F722025642009
:10975000697271212076616C756573206D75737403
:10976000206265206C657373207468616E20256CBF
:10977000750A0A006D7075004661696C6564207435
:109780006F20616C6C6F63617465206E6577204D2E
:10979000505520726567696F6E2025750A0050610B
:1097A00072746974696F6E2025753A2073616E69F1
:1097B000747920636865636B206661696C65642EEB
:1097C00000496E76616C696420756E6465726C79AF
:1097D000696E6720726567696F6E20696E6465786F
:1097E00020257500574553545F544F504449522F1C
:1097F0007A65706879722F617263682F61726D2F5C
:10980000636F72652F6D70752F61726D5F6D70750E
:109810002E630009436F6E6669677572696E672013
:10982000257520737461746963204D5055207265ED
:1098300067696F6E73206661696C65640A0A000966
:109840004D61726B696E6720257520617265617369
:1098500020666F722064796E616D6963207265673E
:10986000696F6E73206661696C65640A0A0009524B
:1098700065717565737420746F20636F6E666967B8
:109880007572653A20257520726567696F6E732061
:1098900028737570706F727465643A202575290A93
:1098A0000A002128726567696F6E5B6964785D2EB6
:1098B00064745F617474722026202831554C203CFA
:1098C0003C202830292929000952414D5F4E4F4341
:1098D0004143484520776974682044545F4D454DA5
:1098E0005F434143484541424C452061747472696D
:1098F000627574650A0A00094661696C65642074C2
:109900006F20616C6C6F63617465204D50552072DF
:109910006567696F6E732066726F6D2044540A0A22
:1099200000464C4153485F30005352414D5F300078
:10993000574553545F544F504449522F7A657068CD
:1099400079722F6C69622F6C6962632F7069636F23
:109950006C6962632F6173736572742E630065783E
:10996000697400574553545F544F504449522F7AFD
:1099700065706879722F6C69622F6E65745F6275AD
:10998000662F6275662E63006275662D3E666C6199
:109990006773203D3D203055006275662D3E66722E
:1099A000616773203D3D202828766F6964202A294D
:1099B0003029007265715F73697A65203C3D2073C0
:1099C000697A6500090A0066726167006E65745FF6
:1099D00062756600574553545F544F504449522FA7
:1099E0007A65706879722F6C69622F6E65745F6238
:1099F00075662F6275665F73696D706C652E6300A6
:109A00006275662D3E6C656E203D3D2030550062CE
:109A100075662D3E6C656E203E3D206C656E006E59
:109A200065745F6275665F73696D706C655F6865AC
:109A30006164726F6F6D2862756629203E3D206CEF
:109A4000656E006E65745F6275665F73696D706CDC
:109A5000655F7461696C726F6F6D2862756629202D
:109A60003E3D206C656E006E65745F6275665F7367
:109A7000696D706C6500736F630000FFFFFFFFFF8F
:109A8000FF00000000000000FFFFFFFFFFFF0000DD
:109A900000000000303132333435363738396162F6
:109AA000636465660062745F72706100496E73750D
:109AB0006666696369656E74206E756D6265722095
:109AC0006F6620617267756D656E74730049676EAD
:109AD0006F72696E67206964656E74697469657315
:109AE0002073746F72656420696E20666C617368A0
:109AF00000496E76616C6964206C656E67746820DD
:109B00004944206164647265737320696E207374C4
:109B10006F726167650062742F25732F253032786C
:109B20002530327825303278253032782530327839
:109B30002530327825752F25730062742F25732FF9
:109B40002530327825303278253032782530327819
:109B50002530327825303278257500736574746944
:109B60006E67735F7375627379735F696E69742072
:109B70006661696C6564202865727220256429001D
:109B800062742F2573004661696C656420746F20D0
:109B90007361766520494420286572722025642906
:109BA00000556E61626C6520746F2073657475700A
:109BB00020616E206964656E7469747920616464E3
:109BC000726573730062740062745F7365747469A4
:109BD0006E6773004254204C572057510002FB34EB
:109BE0009B5F8000008000100000000000005745CF
:109BF00053545F544F504449522F7A6570687972BC
:109C00002F7375627379732F626C7565746F6F74DF
:109C1000682F686F73742F6275662E630074797095
:109C200065203D3D2042545F4255465F45565420D5
:109C30007C7C2074797065203D3D2042545F425504
:109C4000465F41434C5F494E207C7C2074797065AF
:109C5000203D3D2042545F4255465F49534F5F4986
:109C60004E0009496E76616C6964206275666665AE
:109C7000722074797065207265717565737465649E
:109C80000A00574553545F544F504449522F7A6548
:109C9000706879722F696E636C7564652F7A657070
:109CA0006879722F626C7565746F6F74682F627556
:109CB000662E68006D6574612D3E706172656E740C
:109CC0000076696577006E65745F6275665F6865CA
:109CD0006164726F6F6D28706172656E7429203EC9
:109CE0002030002162745F6275665F6861735F7621
:109CF00069657728706172656E74290062745F62AD
:109D000075660062745F646174610044617461200F
:109D1000627566666572206F766572666C6F772015
:109D2000286C696E6B20747970652030782530322C
:109D3000782900556E61626C6520746F206C6F6FBE
:109D40006B20757020636F6E6E2077697468206871
:109D5000616E646C6520257500556E61626C6520CE
:109D6000746F206C6F6F6B757020636F6E6E206602
:109D70006F722068616E646C6520257500486172A1
:109D80006477617265206572726F722C20686172EF
:109D9000647761726520636F64653A2025640043CF
:109DA0006F756C64206E6F74207375626D697420BA
:109DB00072785F776F726B3A20256400556E61622E
:109DC0006C6520746F20616C6C6F636174652062D8
:109DD000756666657200556E68616E646C656420B8
:109DE0006576656E7420307825303278206C656E2B
:109DF0002025753A202573004E6F2070656E6469CA
:109E00006E67207065726970686572616C20636F3F
:109E10006E6E656374696F6E00556E65787065630C
:109E200074656420737461747573203078253032E2
:109E300078202573004E6F20636F6D6D616E642016
:109E400073656E7420666F7220636D6420636F6D3E
:109E5000706C65746520307825303478004F70431D
:109E60006F64652030782530347820636F6D706CB6
:109E70006574656420696E7374656164206F662023
:109E800065787065637465642030782530347800B7
:109E9000574553545F544F504449522F7A65706868
:109EA00079722F7375627379732F626C7565746F35
:109EB0006F74682F686F73742F6863695F636F7264
:109EC000652E63002162756600546F6F20736D61AB
:109ED0006C6C20282575206279746573292065765D
:109EE000656E742030782530327800496E76616C6A
:109EF0006964204843492041434C207061636B658D
:109F0000742073697A6520282575290041434C2007
:109F100064617461206C656E677468206D69736D2F
:109F2000617463682028257520213D20257529004E
:109F3000556E61626C6520746F2066696E64206383
:109F40006F6E6E20666F722068616E646C6520258E
:109F50007500496E76616C696420484349206576D6
:109F6000656E742073697A652028257529006274EE
:109F70005F6863695F6576745F6765745F666C616F
:109F80006773286864722D3E657674292026202820
:109F900031554C203C3C202831292900556E6B6EF0
:109FA0006F776E2062756620747970652025750064
:109FB000556E68616E646C65642076656E646F7260
:109FC0002D7370656369666963206576656E7420BC
:109FD000307825303278206C656E2025753A202542
:109FE0007300696E74657276616C2065786365656F
:109FF0006473207468652076616C69642072616E98
:10A00000676520307825303478006C6174656E6344
:10A01000792065786365656473207468652076616E
:10A020006C69642072616E67652030782530347801
:10A0300000737570765F74696D656F7574206578EF
:10A040006365656473207468652076616C6964205B
:10A0500072616E67652030782530347800657674DB
:10A06000206E756D5F68616E646C657320283D2598
:10A07000752920746F6F206C617267652028257ABE
:10A0800075203E20257529004E6F20636F6E6E652A
:10A090006374696F6E20666F722068616E646C65B0
:10A0A000202575007061636B65747320636F756E36
:10A0B00074206D69736D617463680061746F6D699C
:10A0C000635F6765742826636F6E6E2D3E696E5FF1
:10A0D0006C6C29004661696C656420746F2073653F
:10A0E0007420726571756972656420736563757239
:10A0F000697479206C6576656C004E6F20636861C9
:10A100006E676520746F20656E6372797074696F15
:10A110006E2073746174652028656E637279707443
:10A12000203078253032782900756E6B6E6F776E2F
:10A13000006576745F666C61677320262028315550
:10A140004C203C3C202830292900496E76616C69FE
:10A1500064206275662074797065202575005B3017
:10A160005D00484349207472616E73706F72743A77
:10A1700020257300534443004964656E7469747903
:10A1800025733A202573004964656E746974795BA0
:10A1900025645D3A202573004843493A207665726C
:10A1A00073696F6E20257320283078253032782926
:10A1B000207265766973696F6E2030782530347847
:10A1C0002C206D616E7566616374757265722030E6
:10A1D0007825303478004C4D503A2076657273699A
:10A1E0006F6E20257320283078253032782920732F
:10A1F000756276657220307825303478004E6F2095
:10A20000494420616464726573732E20417070202C
:10A210006D7573742063616C6C2073657474696E02
:10A2200067735F6C6F6164282900556E61626C65AD
:10A2300020746F2073656E6420746F206472697679
:10A240006572202865727220256429004F7574207C
:10A250006F6620636F6D6D616E6420627566666502
:10A26000727300556E636C65617265642070656E13
:10A2700064696E672073656E745F636D64007375E7
:10A2800063636573730009636F6D6D616E64206F46
:10A2900070636F6465203078253034782074696D80
:10A2A000656F75740A0009436F6E74726F6C6C652C
:10A2B0007220756E726573706F6E736976652C208F
:10A2C000636F6D6D616E64206F70636F64652030C5
:10A2D00078253034782074696D656F7574207769DE
:10A2E0007468206572722025640A006F70636F6461
:10A2F000652030782530347820737461747573204C
:10A30000307825303278202573004661696C6564A9
:10A3100020746F207265616420444C45206D617823
:10A320002064617461206C656E0074785F6F637483
:10A33000657473206578636565647320746865204F
:10A3400076616C69642072616E67652025750074A2
:10A35000785F74696D6520657863656564732074E2
:10A3600068652076616C69642072616E676520257E
:10A3700075004E6F6E2D4C452063617061626C6597
:10A3800020636F6E74726F6C6C65722064657465A7
:10A390006374656421004E756D206F6620436F6E97
:10A3A00074726F6C6C657227732041434C2070612E
:10A3B000636B65747320213D2041434C2062745FC0
:10A3C000636F6E6E5F747820636F6E7465787473FC
:10A3D0002028257520213D202575290041434C204A
:10A3E00042522F4544522062756666657273206E34
:10A3F0006F7420696E697469616C697A656400566E
:10A40000656E646F722048434920657874656E7389
:10A41000696F6E73206E6F7420617661696C616222
:10A420006C6500485720506C6174666F726D3A20FD
:10A430002573202830782530347829004857205655
:10A44000617269616E743A20257320283078253056
:10A45000347829004669726D776172653A202573F8
:10A460002028307825303278292056657273696F3C
:10A470006E2025752E2575204275696C6420257522
:10A48000004661696C656420746F207265616420A8
:10A49000737570706F727465642076656E646F7228
:10A4A00020636F6D6D616E6473004661696C6564F5
:10A4B00020746F207265616420737570706F7274A0
:10A4C00065642076656E646F72206665617475726E
:10A4D0006573004843492064726976657220697328
:10A4E000206E6F7420726561647900425420525866
:10A4F0002057510048434920647269766572206F85
:10A5000070656E206661696C656420282564290089
:10A510006576742D3E737461747573203D3D2030F3
:10A52000783030004E6F2070656E64696E6720630E
:10A530006F6E6E20666F72207065657220257300E5
:10A54000556E657870656374656420484F53545F39
:10A550004E554D5F434F4D504C455445445F50411F
:10A56000434B4554532C20737461747573203078B9
:10A57000253032782025730091FBFBF3F4FBFBFBC5
:10A58000FBEA000909090901020909090909090980
:10A590000909090907090909090906090909090930
:10A5A000090909090909090909090905312E306252
:10A5B00000312E3100312E3200322E3000322E3159
:10A5C00000332E3000342E3000342E3100342E3241
:10A5D00000352E3000352E3100352E3200352E3329
:10A5E00000352E3400362E3000362E310053746183
:10A5F0006E6461726420426C7565746F6F7468205C
:10A60000636F6E74726F6C6C65720056656E646F0A
:10A610007220737065636966696320636F6E74721C
:10A620006F6C6C6572004669726D77617265206C43
:10A630006F616465720052657363756520696D6151
:10A640006765007265736572766564006E524635A3
:10A650003178006E5246353278006E524635337886
:10A66000006E524635344878006E524635344C7888
:10A6700000496E74656C20436F72706F726174690B
:10A680006F6E004E6F726469632053656D69636F0E
:10A690006E647563746F72004E58502053656D6917
:10A6A000636F6E647563746F72730062745F686366
:10A6B000695F636F726500636D6420646973616CC8
:10A6C0006C6F77656400574553545F544F5044494D
:10A6D000522F7A65706879722F7375627379732F50
:10A6E000626C7565746F6F74682F686F73742F690F
:10A6F000642E6300636F6E666C69637420213D2075
:10A700002828766F6964202A29302900636F6E66D5
:10A710006C6963742D3E63616E6469646174652065
:10A72000213D202828766F6964202A29302900726B
:10A7300065736964656E7420213D202828766F69F1
:10A7400064202A2930290028636F6E666C6963745F
:10A750002D3E63616E6469646174652D3E7374613E
:10A76000746520262042545F4B4559535F49445F2E
:10A77000414444454429203D3D2030004661696CF8
:10A78000656420746F2064697361626C6520616424
:10A790006472657373207265736F6C7574696F6E24
:10A7A000005265736F6C76696E67206C69737420F4
:10A7B00073697A652065786365656465642E2053E6
:10A7C0007769746368696E6720746F20686F73744B
:10A7D0002E004661696C656420746F20636C65614E
:10A7E00072207265736F6C7574696F6E206C69731B
:10A7F00074004661696C656420746F206164642034
:10A8000049524B20746F20636F6E74726F6C6C656D
:10A8100072005365742070726976616379206D6F80
:10A82000646520636F6D6D616E64206973206E6F67
:10A830007420737570706F72746564004661696C22
:10A84000656420746F20736574207072697661632B
:10A8500079206D6F64650062745F6465762E6C6547
:10A860002E726C5F656E7472696573203E203000D5
:10A8700044697361626C696E6720616464726573B8
:10A8800073207265736F6C7574696F6E2066616991
:10A890006C65642028657272202564290046616910
:10A8A0006C656420746F2072656D6F766520495207
:10A8B0004B2066726F6D20636F6E74726F6C6C6587
:10A8C00072004F6E6C792072616E646F6D207374CC
:10A8D00061746963206964656E7469747920616468
:10A8E000647265737320737570706F727465640041
:10A8F000496E76616C696420696E70757420706150
:10A9000072616D6574657273004661696C6564207F
:10A91000746F2072656164207075626C6963206178
:10A92000646472657373005265616420537461746A
:10A9300069632041646472657373657320636F6D2E
:10A940006D616E64206E6F7420617661696C616206
:10A950006C65004661696C656420746F2072656186
:10A9600064207374617469632061646472657373D5
:10A970006573004E6F207374617469632061646451
:10A980007265737365732073746F72656420696E8A
:10A9900020636F6E74726F6C6C65720043616E271A
:10A9A000742073657420626F7468204944454E5466
:10A9B0004954592026204E5250410062745F696408
:10A9C00000546F6F206269672061647665727469F4
:10A9D00073696E672064617461004661696C6564C7
:10A9E00020746F2073746172742061647665727470
:10A9F00069736572004661696C656420746F2073C9
:10AA0000746F70206164766572746973696E673AF9
:10AA100020256400436F6E74726F6C6C65722063E6
:10AA2000616E6E6F7420726573756D6520636F6EF5
:10AA30006E65637461626C652061647665727469C9
:10AA400073696E6720282564290062745F616476EB
:10AA500000574553545F544F504449522F7A657004
:10AA60006879722F696E636C7564652F7A6570689A
:10AA700079722F7379732F627974656F726465725E
:10AA80002E6800282870737263203C2070647374F1
:10AA9000202626202870737263202B206C656E6739
:10AAA000746829203C3D207064737429207C7C20CC
:10AAB0002870737263203E207064737420262620F1
:10AAC0002870647374202B206C656E67746829206D
:10AAD0003C3D207073726329290009536F757263BE
:10AAE0006520616E642064657374696E6174696F5A
:10AAF0006E2062756666657273206D757374206E64
:10AB00006F74206F7665726C61700A004661696CC3
:10AB1000656420746F2067656E6572617465204599
:10AB20004343206B6579202564004661696C656448
:10AB300020746F206578706F7274204543432070D5
:10AB400075626C6963206B657920256400466169D4
:10AB50006C656420746F206578706F727420454353
:10AB6000432070726976617465206B657920256475
:10AB7000004661696C656420746F2064657374724B
:10AB80006F7920454343206B657920494420256433
:10AB9000004661696C656420746F20696D706F7226
:10ABA00074207468652070726976617465206B65C5
:10ABB0007920666F72206B65792061677265656DBB
:10ABC000656E7420256400526177206B6579206181
:10ABD000677265656D656E74206661696C65642079
:10ABE0002564004661696C656420746F2064657338
:10ABF00074726F7920746865206B65792025640014
:10AC00007073615F696D706F72745F6B657928290D
:10AC10002072657475726E656420737461747573E7
:10AC2000202564004275737920706572666F726DBD
:10AC3000696E6720616E6F74686572204543444891
:10AC4000206F7065726174696F6E00E69D350E4805
:10AC50000103CCDBFDF4AC1191F4EFB9A5F9E9A740
:10AC6000832C5E2CBE97F2D203B0208BD28915D0F4
:10AC70008E1C742430ED8FC24563765C15525ABF2A
:10AC80009A32636DEB2A65499C80DC62745F656370
:10AC90006300574553545F544F504449522F7A65CF
:10ACA000706879722F7375627379732F626C756532
:10ACB000746F6F74682F686F73742F636F6E6E2E6E
:10ACC00063006362203C3D205F62745F636F6E6E61
:10ACD0005F63625F6C6973745F656E6400747800B3
:10ACE00069735F61636C5F636F6E6E28636F6E6E16
:10ACF00029004661696C6564207265616420726533
:10AD00006D6F7465206665617475726573202825A2
:10AD10006429004661696C6564204C452053657464
:10AD2000205048592028256429004661696C6564D3
:10AD300020746F207365742064617461206C656E8B
:10AD40002028256429006B5F63757272656E745FDD
:10AD50006765742829203D3D206B5F776F726B5FBC
:10AD600071756575655F7468726561645F67657448
:10AD70002874785F6E6F746966795F776F726B7134
:10AD8000756575655F6765742829290009636F75A6
:10AD90006C646E2774207375626D69742028657207
:10ADA00072202564290A00556E65787065637465A4
:10ADB00064206669727374204C324341502066727D
:10ADC000616D6500556E6578706563746564204CCF
:10ADD0003243415020636F6E74696E756174696FA0
:10ADE0006E004E6F7420656E6F75676820627566C1
:10ADF00066657220737061636520666F72204C32E5
:10AE0000434150206461746100556E6578706563DC
:10AE10007465642041434C20666C61677320283060
:10AE20007825303278290041434C206C656E206DC6
:10AE300069736D6174636820282575203E2025752F
:10AE40002900746D7020213D20636F6E6E0070725A
:10AE5000657620213D2026636F6E6E2D3E5F636F09
:10AE60006E6E5F72656164790009496E76616C6926
:10AE70006420636F6E6E656374696F6E20726566C1
:10AE80006572656E63650A006F6C64203E20300059
:10AE900009436F6E6E207265666572656E6365202C
:10AEA000636F756E74657220697320300A002875AF
:10AEB0006E6B6E6F776E29006E6F207472616E73A9
:10AEC0006974696F6E20257300496E76616C6964E0
:10AED0002028257529206F6C6420737461746500C7
:10AEE000636F6E6E202570206661696C65642074E6
:10AEF0006F2065737461626C6973682E20524620FE
:10AF00006E6F6973653F006E6F2076616C696420B7
:10AF10002825752920737461746520776173207307
:10AF2000657400696E636F6D70617469626C652031
:10AF300068616E646C6520257500696E64657820B3
:10AF40003E3D203020262620696E646578203C2016
:10AF5000282873697A655F742920282828696E7407
:10AF6000292073697A656F6628636861725B312096
:10AF70002D2032202A202128215F5F6275696C74A0
:10AF8000696E5F74797065735F636F6D706174690A
:10AF9000626C655F70285F5F747970656F665F5F74
:10AFA0002861636C5F636F6E6E73292C205F5F7422
:10AFB0007970656F665F5F28262861636C5F636FD9
:10AFC0006E6E73295B305D2929295D29202D203182
:10AFD00029202B202873697A656F662861636C5F6E
:10AFE000636F6E6E7329202F2073697A656F6628F0
:10AFF0002861636C5F636F6E6E73295B305D292916
:10B0000029290009496E76616C69642062745F6366
:10B010006F6E6E20706F696E7465720A00216B5FCF
:10B0200069735F696E5F69737228290054696D6581
:10B030006F7574206469736361726465642E204E59
:10B040006F20626C6F636B696E6720696E20737925
:10B050007377712E00556E61626C6520746F20618C
:10B060006C6C6F63617465206275666665722077CB
:10B07000697468696E2074696D656F75740009493B
:10B080006E76616C696420636F6E6E207479706592
:10B090002025750A00636F6E6E2025703A206E6F52
:10B0A0007420636F6E6E656374656400094E6F2073
:10B0B000636F6E74726F6C6C657220627566730A72
:10B0C00000094E6F20545820636F6E746578740ABF
:10B0D0000030207C7C20286275662D3E72656620DB
:10B0E0003D3D203129207C7C20286275662D3E72F2
:10B0F0006566203D3D203229002162745F627566DD
:10B100005F6861735F76696577286F7574736964CA
:10B110006529006672616720213D202828766F69C5
:10B1200064202A2930290009496E76616C696420FF
:10B13000636F6E6E656374696F6E207479706520DD
:10B1400025750A00466174616C206572726F722009
:10B15000282564292E20446973636F6E6E656374BD
:10B16000696E6720257000466F756E642076616C8D
:10B17000696420636F6E6E656374696F6E20282545
:10B180007029207769746820616464726573732024
:10B19000257320696E202573207374617465200007
:10B1A00053656E64204C4520706172616D2075702E
:10B1B00064617465206661696C65642028657272DB
:10B1C000202564290053656E64206175746F204CDE
:10B1D0004520706172616D207570646174652066D0
:10B1E00061696C6564202865727220256429006499
:10B1F0006973636F6E6E656374656400646973631D
:10B200006F6E6E6563742D636F6D706C6574650031
:10B210007363616E2D6265666F72652D696E697408
:10B22000696174696E6700696E6974696174696ED9
:10B23000672D66696C7465722D6C69737400616446
:10B24000762D636F6E6E65637461626C6500616418
:10B25000762D6469722D636F6E6E65637461626CC6
:10B260006500646973636F6E6E656374696E670011
:10B2700062745F636F6E6E00556E61626C65207400
:10B280006F20616C6C6F63617465206275666665C2
:10B290007220666F72206F7020307825303278000F
:10B2A0004E6F20617661696C61626C65204C32433F
:10B2B000415020636F6E7465787420666F722063EE
:10B2C0006F6E6E20257000574553545F544F5044A5
:10B2D00049522F7A65706879722F7375627379732A
:10B2E0002F626C7565746F6F74682F686F73742F3D
:10B2F0006C326361702E630073203D3D20266C65C7
:10B300005F6368616E2D3E5F7064755F7265616436
:10B3100079006F6C6400666368616E203C3D205F5D
:10B3200062745F6C326361705F66697865645F63E5
:10B3300068616E5F6C6973745F656E6400457870F8
:10B34000656374696E6720757020746F20256420B2
:10B35000726566732C20676F7420256400636F6EBE
:10B360006E2D3E7374617465203D3D2042545F43F1
:10B370004F4E4E5F434F4E4E454354454400616C23
:10B3800072656164792068617665207669657720E9
:10B390006F6E202570006669666F5F706475203D72
:10B3A0003D20706475004C32434150206C656E67DF
:10B3B0007468206D69736D61746368202825752039
:10B3C000213D2025752900496E76616C69642069EC
:10B3D00064656E742076616C756520696E204C32F0
:10B3E0004341502050445500496E76616C69642099
:10B3F0004C4520636F6E6E20706172616D207273B8
:10B40000702073697A652028257520213D20257AD2
:10B4100075290052656A656374696E6720756E6B85
:10B420006E6F776E204C324341502050445520635C
:10B430006F64652030782530327800546F6F207348
:10B440006D616C6C204C32434150207369676E61B2
:10B450006C696E672050445500546F6F20736D61A6
:10B460006C6C204C3243415020504455207265632F
:10B4700065697665640049676E6F72696E672064FE
:10B4800061746120666F7220756E6B6E6F776E20CF
:10B490006368616E6E656C204944203078253034D5
:10B4A000780062745F6C32636170004E6F20617669
:10B4B00061696C61626C652041545420636F6E74E5
:10B4C00065787420666F7220636F6E6E2025700041
:10B4D0004E6F20617661696C61626C6520415454E5
:10B4E000206368616E6E656C20666F7220636F6E9C
:10B4F0006E20257000556E61626C6520746F20634C
:10B50000726561746520555549443A2073697A65BE
:10B5100020257500556E61626C6520746F20637222
:10B520006561746520555549443A2073697A6520F0
:10B530002564004E6F7420636F6E6E65637465647E
:10B5400000556E61626C6520746F2066696E6420C0
:10B55000415454206368616E6E656C004154542000
:10B560006368616E6E656C206E6F7420636F6E6EC3
:10B57000656374656400574553545F544F504449A4
:10B58000522F7A65706879722F7375627379732F91
:10B59000626C7565746F6F74682F686F73742F6158
:10B5A00074742E63006E65745F6275665F706F6F92
:10B5B0006C5F676574286275662D3E706F6F6C5F97
:10B5C000696429203D3D20266174745F706F6F6C43
:10B5D000006275662D3E6C656E203E3D2073697A73
:10B5E000656F66287374727563742062745F61742A
:10B5F000745F68647229004572726F7220736967A4
:10B600006E696E6720646174610052616E206F75AF
:10B6100074206F66205458206275666665727320C8
:10B620006F7220636F6E74657874732E00476F7449
:10B63000206572722025642C206E6F742063616C0B
:10B640006C696E67204154542063620009556E6B2B
:10B650006E6F776E206F702074797065203078255A
:10B660003032580A00415454204D545520657863B7
:10B6700065656465642C206D61782025752C2077C4
:10B68000616E74656420257A7500546F6F20736D48
:10B69000616C6C20415454205044552072656365A0
:10B6A0006976656400556E68616E646C65642041FE
:10B6B000545420636F646520307825303278004917
:10B6C0006E76616C6964206C656E20257520666FEE
:10B6D0007220636F646520307825303278004E6FB9
:10B6E00020415454206368616E6E656C20666F72F1
:10B6F000204D545520257A75004E6F2070656E647C
:10B70000696E6720415454207265717565737400C9
:10B71000446973636F6E6E656374696E67206661FA
:10B72000696C656420286572722025642900415483
:10B73000542054696D656F757420666F722064655E
:10B74000766963652025732E20446973636F6E6E7E
:10B75000656374696E672E2E2E00726571006274C7
:10B760005F61747400434D4143207570646174657A
:10B77000206661696C6564202564004661696C65BA
:10B780006420746F206465636F64652076616C75F6
:10B7900065202865727220257A6429004661696CEB
:10B7A000656420746F207361766520446174616202
:10B7B0006173652048617368202865727220256472
:10B7C0002900574553545F544F504449522F7A65CE
:10B7D000706879722F7375627379732F626C7565F7
:10B7E000746F6F74682F686F73742F676174742E31
:10B7F0006300656C20213D202828766F6964202A2B
:10B80000293029000943616E277420736176652011
:10B810004346202F2043434320746F20666C61739E
:10B82000680A006661696C656420746F2073746FC8
:10B8300072652053432028657272202564290075A3
:10B840006E61626C6520746F20736176652053436E
:10B850003A206E6F20636667206C65667400546FD3
:10B860006F206D616E7920436C69656E742043684A
:10B8700061726163746572697374696320436F6E8A
:10B8800066696775726174696F6E2E2053656520F5
:10B89000434F4E4649475F42545F53455454494EC7
:10B8A00047535F4343435F53544F52455F4D4158A5
:10B8B0000A0076616C75655F6C656E206F66202589
:10B8C000752070726F766964656420666F72204EB1
:10B8D000554C4C2076616C756500496E76616C69DB
:10B8E00064206B6579006661696C656420746F2003
:10B8F00064656C6574652053432028657272202549
:10B900006429004661696C656420746F20636C650E
:10B91000617220534320256400556E61626C65207E
:10B92000746F206465636F6465206164647265731D
:10B930007320257300496E76616C6964206C6F63B7
:10B94000616C206964656E7469747920256C75007A
:10B95000556E61626C6520746F20726573746F72CE
:10B96000652053433A206E6F20636667206C6566DE
:10B9700074004E6F20737061636520746F20737460
:10B980006F72652043434320636667004E6F2073E8
:10B990007061636520746F2073746F726520436CEF
:10B9A00069656E7420537570706F7274656420469B
:10B9B0006561747572657300556E61626C652074A3
:10B9C0006F20726573746F72652043463A206E6F04
:10B9D00020636667206C656674004368616E676506
:10B9E0002D617761726520737461747573206E6F59
:10B9F0007420666F756E6420696E20736574746957
:10BA00006E67732C2064656661756C74696E67205F
:10BA1000706565722073746174757320746F206330
:10BA200068616E67652D756E61776172650052653C
:10BA30006164206261636B20626164206368616E8F
:10BA400067652D61776172652076616C75653A2056
:10BA5000307825782C2064656661756C74696E6732
:10BA600020706565722073746174757320746F2023
:10BA70006368616E67652D756E61776172650046FA
:10BA800061696C656420746F2073746F7265204304
:10BA90006C69656E742046656174757265732028E3
:10BAA00065727220256429007374617469635F7321
:10BAB0007663203C3D205F62745F676174745F73DE
:10BAC0006572766963655F7374617469635F6C69DD
:10BAD00073745F656E6400556E61626C6520746F8F
:10BAE00020696D706F727420746865206B657920B1
:10BAF000666F722041455320434D41432025640029
:10BB0000434D4143206F7065726174696F6E2069A7
:10BB10006E6974206661696C656420256400434D1C
:10BB200041432066696E697368206661696C65646B
:10BB30002025640062742F6363630009696E766177
:10BB40006C696420706172616D657465720A0A00C7
:10BB5000617474720052656164206D6574686F640D
:10BB6000206E6F7420736574004661696C65642093
:10BB7000746F207265616420617474726962757497
:10BB800065202570202865727220257A6429004975
:10BB90006E76616C69642072656164206C656E67A5
:10BBA00074683A20257A6400094E6F206D6F7265C3
:10BBB00020617474726962757465730A0A004C6955
:10BBC0006E6B206973206E6F7420656E637279707E
:10BBD00074656400446576696365206973206E6FDF
:10BBE00074207375627363726962656420746F2078
:10BBF0006368617261637465726973746963004E2E
:10BC00006F2062756666657220617661696C61623B
:10BC10006C6520746F2073656E6420696E6469635F
:10BC20006174696F6E00706172616D730009696E95
:10BC300076616C696420706172616D6574657273A0
:10BC40000A0A00706172616D732D3E617474722016
:10BC50007C7C20706172616D732D3E757569640026
:10BC60002161746F6D69635F746573745F62697479
:10BC70002873632D3E666C6167732C2053435F49C4
:10BC80004E4449434154455F50454E44494E47292F
:10BC90000009496E64696361746520616C72656155
:10BCA00064792070656E64696E670A0043434320BF
:10BCB0002570206E6F74207772697461626C650004
:10BCC000534320726573746F726520696E64696393
:10BCD0006174696F6E206661696C6564004E6F20E7
:10BCE00062756666657220617661696C61626C6519
:10BCF00020746F2073656E64206E6F74696669636B
:10BD00006174696F6E004661696C656420746F20B0
:10BD100073657420736563757269747920666F72D8
:10BD200020626F6E646564207065657220282564EA
:10BD300029004661696C656420746F2073746F72AA
:10BD400065204343437320286572722025642900CF
:10BD500062742F686173680062742F636600627496
:10BD60002F73630062745F6761747400556E616263
:10BD70006C6520746F2066696E6420534D5020639B
:10BD800068616E6E656C005075626C6963206B65EE
:10BD900079206E6F7420617661696C61626C6500F8
:10BDA0004661696C656420746F2067656E657261B9
:10BDB00074652044484B65790043616C63756C6120
:10BDC000746520636F6E6669726D206661696C656B
:10BDD0006400556E6B6E6F776E2070616972696E6C
:10BDE00067206D6574686F6420282575290043619C
:10BDF0006C63756C617465204C544B206661696C92
:10BE000065640043616C63756C617465206C6F637D
:10BE1000616C2044484B657920636865636B2066DC
:10BE200061696C65640043616C63756C6174652065
:10BE300072656D6F74652044484B65792063686551
:10BE4000636B206661696C65640052656D6F746533
:10BE5000207075626C6963206B65792072656A6514
:10BE6000637465640052656D6F7465206973207535
:10BE700073696E67204465627567205075626C69EE
:10BE800063206B6579005265636569766564206936
:10BE90006E76616C6964207075626C6963206B6595
:10BEA00079004E6F20617661696C61626C65205328
:10BEB0004D5020636F6E7465787420666F722063D6
:10BEC0006F6E6E20257000556E61626C6520746F18
:10BED00020676574206B65797320666F7220257307
:10BEE00000574553545F544F504449522F7A657060
:10BEF0006879722F7375627379732F626C756574CC
:10BF00006F6F74682F686F73742F736D702E63007A
:10BF10005075626C6963206B65792072652D676569
:10BF20006E65726174696F6E207265717565737488
:10BF3000206661696C65642028256429006D75742C
:10BF400065785F657272203D3D2030005075626CEF
:10BF50006963206B65792067656E65726174696FCE
:10BF60006E2074696D656F75740054686520696E24
:10BF70002D70726F67726573732070616972696E7C
:10BF80006720686173206265656E2064656C657406
:10BF900065642100534D5020646F6573206E6F748B
:10BFA00020616C6C6F7720612070616972696E67C7
:10BFB000206661696C7572652061742074686973AC
:10BFC00020706F696E742E204B6E6F776E206973D0
:10BFD0007375652E20446973636F6E6E6563746953
:10BFE0006E6720696E73746561642E00546F6F20F4
:10BFF000736D616C6C20534D502050445520726518
:10C0000063656976656400534D5020636F6D6D61A3
:10C010006E642028636F646520307825303278297B
:10C020002072656365697665642061667465722057
:10C0300074696D656F7574005265636569766564D2
:10C0400020726573657276656420534D5020636F6E
:10C0500064652030782530327800556E68616E64F2
:10C060006C656420534D5020636F646520307825E3
:10C0700030327800556E657870656374656420535E
:10C080004D5020636F646520307825303278004948
:10C090006E76616C6964206964656E746974792078
:10C0A0002573002128736D702D3E72656D6F746568
:10C0B0005F6469737420262030783032290052651D
:10C0C000667573696E67206E657720706169726945
:10C0D0006E672E20546865206F6C6420626F6E64FA
:10C0E000206D75737420626520756E70616972656C
:10C0F000642066697273742E002162745F69645FE4
:10C1000066696E645F636F6E666C696374286E65E2
:10C11000775F626F6E642C203029007061697269EC
:10C120006E67206661696C656420287065657220A1
:10C13000726561736F6E203078257829004E6F200C
:10C140006B65797320737061636520666F7220255B
:10C150007300534D502054696D656F757400000570
:10C16000061F1F2918120308020305080A00080108
:10C17000030401050405090607010106060800007D
:10C18000010001000301000302020100020000009F
:10C190000000020301000362745F736D7000574575
:10C1A00053545F544F504449522F7A6570687972E6
:10C1B0002F7375627379732F626C7565746F6F740A
:10C1C000682F686F73742F6B6579732E63006B65CE
:10C1D000797320213D202828766F6964202A293030
:10C1E00029006164647220213D202828766F6964EB
:10C1F000202A2930290066756E6320213D202828D9
:10C20000766F6964202A293029004661696C65646B
:10C2100020746F20726561642076616C75652028DA
:10C2200065727220257A642900556E61626C652002
:10C23000746F2066696E642064656C657465642043
:10C240006B65797320666F72202573004661696C97
:10C25000656420746F20616C6C6F63617465206B22
:10C2600065797320666F7220257300496E76616C64
:10C270006964206B6579206C656E67746820257A27
:10C280006420213D20257A75004661696C65642033
:10C29000746F2073617665206B65797320286572F1
:10C2A00072202564290062742F6B657973006274B3
:10C2B0005F6B657973006C888391AAF5A538603748
:10C2C0000BDB5A6083BE62745F63727970746F00B7
:10C2D0004661696C656420746F20696D706F72745B
:10C2E00020414553206B6579202564004661696CC7
:10C2F000656420746F20636F6D70757465204D41A7
:10C300004320256400446576696365206973206E67
:10C310006F7420636F6E6669677572656400574558
:10C3200053545F544F504449522F7A657068797264
:10C330002F647269766572732F617564696F2F64FB
:10C340006D69635F6E7266785F70646D2E63006402
:10C3500072765F646174612D3E636C6B5F6D6772B2
:10C3600020213D202828766F6964202A2930290061
:10C3700043616E6E6F7420636F6E66696775726578
:10C3800020646576696365207768696C65206974E7
:10C390002069732061637469766500526571756503
:10C3A0007374656420636F6E666967757261746922
:10C3B0006F6E206973206E6F7420737570706F726A
:10C3C000746564004F6E6C792031362D626974207B
:10C3D00073616D706C657320617265207375707028
:10C3E0006F727465640050444D20636C6F636B2002
:10C3F0006672657175656E63793A2025752C2061CA
:10C40000637475616C2050434D20726174653A20ED
:10C4100025750043616E6E6F742066696E642073CB
:10C4200075697461626C652050444D20636C6F6364
:10C430006B20636F6E66696775726174696F6E2ECB
:10C44000004661696C656420746F20696E69746967
:10C45000616C697A652050444D3A20307825303837
:10C4600078004661696C656420746F207374617232
:10C47000742050444D3A2030782530387800466199
:10C48000696C656420746F2072656C6561736520EA
:10C49000636C6F636B3A202564004661696C656468
:10C4A00020746F207265717565737420636C6F639F
:10C4B0006B3A20256400496E76616C696420636F75
:10C4C0006D6D616E643A202564004661696C656437
:10C4D00020746F20616C6C6F636174652062756697
:10C4E0006665723A20256400556E61626C65207441
:10C4F0006F20707574206D656D20736C61622069AA
:10C500006E207175657565004661696C656420749F
:10C510006F20736574206275666665723A203078A4
:10C5200025303878004E6F2062756666657273201C
:10C53000746F2066726565004E6F20726F6F6D209C
:10C54000696E2052582071756575650020003001B4
:10C5500032024003500460056406800770646D4039
:10C56000643030303000646D69635F6E7266785F8E
:10C5700070646D0063616368655F6E726678005712
:10C580004553545F544F504449522F7A657068792F
:10C59000722F647269766572732F636C6F636B5F61
:10C5A000636F6E74726F6C2F636C6F636B5F636F1E
:10C5B0006E74726F6C5F6E72662E63007479706554
:10C5C000203C20434C4F434B5F434F4E54524F4C03
:10C5D0005F4E52465F545950455F434F554E54008D
:10C5E000636C6F636B403130653030300068666378
:10C5F0006C6B006C66636C6B00636C6F636B5F638A
:10C600006F6E74726F6C00656E74726F70795F62BA
:10C61000745F686369007073612D726E6700727277
:10C62000616D2D636F6E74726F6C6C657240353026
:10C6300030346230303000666C6173685F6E7266F1
:10C640005F7272616D004661696C656420746F2071
:10C650006578697420445044202825642900576176
:10C660006974696E6720756E74696C20666C61739D
:10C6700068206973207265616479004661696C6540
:10C680006420746F207761697420756E74696C2002
:10C69000666C617368206973207265616479202813
:10C6A000256429004A454445432049442072656178
:10C6B00064206661696C65643A202564004465768F
:10C6C000696365206964202530327820253032780E
:10C6D000202530327820646F6573206E6F74206D72
:10C6E0006174636820636F6E6669672025303278F5
:10C6F0002025303278202530327800425020636C7B
:10C70000656172206661696C65643A2025640A007F
:10C71000556E61626C6520746F20656E7465722061
:10C72000342D62797465206D6F64653A2025640A42
:10C73000006D7832357236343335664030007370B0
:10C74000695F6E6F7200D810200C00000000574522
:10C7500053545F544F504449522F7A657068797230
:10C760002F696E636C7564652F7A65706879722FB6
:10C77000647269766572732F6770696F2F6770696D
:10C780006F5F7574696C732E6800094E6F2063616A
:10C790006C6C6261636B210A0063616C6C62616343
:10C7A0006B2D3E68616E646C657200094E6F20638C
:10C7B000616C6C6261636B2068616E646C65722190
:10C7C0000A00574553545F544F504449522F6D6FE0
:10C7D00064756C65732F68616C2F6E6F726469632A
:10C7E0002F6E7266782F68616C2F6E72665F67704D
:10C7F000696F2E68006E72665F6770696F5F70693F
:10C800006E5F70726573656E745F636865636B28D5
:10C810002A705F70696E2900574553545F544F501A
:10C820004449522F7A65706879722F64726976650F
:10C8300072732F6770696F2F6770696F5F6E7266B2
:10C84000782E6300657272203D3D204E5246585F3F
:10C8500053554343455353006770696F403130610E
:10C86000303030006770696F4064383230300067B4
:10C8700070696F4035303430300000010405020625
:10C8800008090F556E61626C6520746F20726561D6
:10C89000642070696E207374617465005745535449
:10C8A0005F544F504449522F7A65706879722F64F3
:10C8B0007269766572732F73657269616C2F756129
:10C8C00072745F6E7266785F75617274652E630054
:10C8D000094E52465F5359535F4556454E54206E9C
:10C8E0006565647320746F20626520656E61626C9B
:10C8F000656420746F207573652063726F73732095
:10C90000646F6D61696E2070696E732E0A0A00098A
:10C910005458206F6E6C7920554152544520696EF1
:10C920007374616E63650A007561727440633630BA
:10C93000303000756172745F6E7266785F75617217
:10C94000746500574553545F544F504449522F7AF1
:10C9500065706879722F696E636C7564652F7A658E
:10C96000706879722F647269766572732F67706967
:10C970006F2E6800286366672D3E706F72745F705B
:10C98000696E5F6D61736B202620286770696F5F29
:10C99000706F72745F70696E735F74292831554CC3
:10C9A000203C3C202870696E29292920213D203017
:10C9B000550009556E737570706F727465642070E0
:10C9C000696E0A004661696C656420746F20616C51
:10C9D0006C6F63617465204750494F54452063680C
:10C9E000616E6E656C20666F722057414B45004644
:10C9F00061696C656420746F20636F6E666967752A
:10CA000072652057414B452070696E0043532047A3
:10CA100050494F20706F72742025732070696E200A
:10CA20002564206973206E6F7420726561647900DB
:10CA300028666C616773202620282831203C3C2022
:10CA40003429207C202831203C3C203529292920EC
:10CA5000213D20282831203C3C203429207C2028DE
:10CA600031203C3C20352929000950756C6C20553B
:10CA70007020616E642050756C6C20446F776E205E
:10CA800073686F756C64206E6F7420626520656ECC
:10CA900061626C65642073696D756C74616E656F3D
:10CAA00075736C790A0028666C61677320262028EC
:10CAB00031203C3C2031292920213D2030207C7C24
:10CAC0002028666C6167732026202831203C3C209A
:10CAD000322929203D3D2030005570646174652065
:10CAE000657863656564732063757272656E742022
:10CAF0006275666665720048616C662D6475706C5F
:10CB00006578206E6F7420737570706F72746564D1
:10CB100000536C617665206D6F6465206973206ECB
:10CB20006F7420737570706F72746564206F6E20FF
:10CB30002573004C6F6F706261636B206D6F64656D
:10CB4000206973206E6F7420737570706F727465D6
:10CB50006400576F72642073697A6573206F74681C
:10CB60006572207468616E20382062697473206178
:10CB70007265206E6F7420737570706F7274656467
:10CB8000004672657175656E63696573206C6F77B9
:10CB90006572207468616E20313235206B487A20CE
:10CBA000617265206E6F7420737570706F7274653A
:10CBB00064004661696C656420746F20696E6974F5
:10CBC00069616C697A65206E726678206472697634
:10CBD00065723A20253038780057616974696E674C
:10CBE00020666F722057414B452061636B6E6F77F3
:10CBF0006C6564676D656E742074696D6564206F23
:10CC000075740054696D656F757420776169746916
:10CC10006E6720666F72207472616E736665722033
:10CC2000636F6D706C65746500737069403461305A
:10CC30003030007370695F6E7266785F7370696D13
:10CC400000574553545F544F504449522F7A6570F2
:10CC50006879722F647269766572732F74696D6575
:10CC6000722F6E72665F677274635F74696D65724E
:10CC70002E63002828282831554C203C3C202830A1
:10CC80002929207C202831554C203C3C2028312962
:10CC900029207C202831554C203C3C202832292951
:10CCA000207C202831554C203C3C20283329292049
:10CCB0007C202831554C203C3C2028342929207CDC
:10CCC000202831554C203C3C2028352929207C2027
:10CCD0002831554C203C3C2028362929207C20280E
:10CCE00031554C203C3C2028372929207C202831F4
:10CCF000554C203C3C2028382929207C20283155BF
:10CD00004C203C3C2028392929207C202831554CB6
:10CD1000203C3C202831302929207C202831554CCA
:10CD2000203C3C202831312929292026207E282812
:10CD300031554C203C3C2028332929207C202831A7
:10CD4000554C203C3C2028342929207C2028315572
:10CD50004C203C3C2028372929207C202831554C68
:10CD6000203C3C2028382929207C202831554C2083
:10CD70003C3C2028392929207C202831554C203C56
:10CD80003C202831302929207C202831554C203C5A
:10CD90003C20283131292929292026202831554CA9
:10CDA000203C3C20286368616E2929292026262002
:10CDB00028286368616E2920213D2073797374658A
:10CDC0006D5F636C6F636B5F6368616E6E656C5FF4
:10CDD000646174612E6368616E6E656C29002866FB
:10CDE0006C61677320262028283155203C3C203276
:10CDF0003129207C20283155203C3C20323229200A
:10CE00007C20283155203C3C20323329207C2028AE
:10CE10003155203C3C20323429207C2028315520BB
:10CE20003C3C20323529207C20283155203C3C20B8
:10CE30003236292929203D3D20300009496E74658C
:10CE4000727275707420666C616773206172652000
:10CE50006E6F7420737570706F727465640A002150
:10CE60002828666C616773202620283155203C3CB9
:10CE70002031362929202626202128666C616773F7
:10CE8000202620283155203C3C20313729292026D6
:10CE9000262028666C6167732026202831203C3CC0
:10CEA00020312929290009496E7075742063616E4B
:10CEB0006E6F7420626520656E61626C65642066C9
:10CEC0006F7220274F70656E20447261696E272C47
:10CED00020274F70656E20536F7572636527206D34
:10CEE0006F64657320776974686F7574204F75740B
:10CEF0007075740A0028666C6167732026202828E4
:10CF00003155203C3C20313829207C2028315520C7
:10CF10003C3C203139292929203D3D2030207C7C92
:10CF20002028666C616773202620283155203C3C00
:10CF3000203137292920213D203000094F75747098
:10CF40007574206E6565647320746F20626520655A
:10CF50006E61626C656420746F20626520696E6921
:10CF60007469616C697A6564206C6F77206F7220D8
:10CF7000686967680A0028666C6167732026202844
:10CF8000283155203C3C20313829207C202831553F
:10CF9000203C3C20313929292920213D20282831D5
:10CFA00055203C3C20313829207C20283155203C1C
:10CFB0003C203139292900094F757470757420633C
:10CFC000616E6E6F7420626520696E697469616C50
:10CFD000697A6564206C6F7720616E642068696788
:10CFE000680A0028666C616773202620282831555E
:10CFF000203C3C20323129207C20283155203C3CEB
:10D0000020323229292920213D2028283155203C51
:10D010003C20323129207C20283155203C3C2032D4
:10D02000322929000943616E6E6F7420626F746843
:10D0300020656E61626C6520616E64206469736155
:10D04000626C6520696E74657272757074730A0023
:10D0500028666C61677320262028283155203C3CC7
:10D0600020323129207C20283155203C3C2032328E
:10D0700029292920213D20305500094D7573742040
:10D0800065697468657220656E61626C65206F7297
:10D090002064697361626C6520696E746572727573
:10D0A0007074730A002828666C6167732026202834
:10D0B0003155203C3C2032322929203D3D20302969
:10D0C000207C7C202828666C61677320262028310C
:10D0D00055203C3C203234292920213D2030292074
:10D0E0007C7C202828666C616773202620282831E4
:10D0F00055203C3C20323529207C20283155203CCD
:10D100003C20323629292920213D2028283155204C
:10D110003C3C20323529207C20283155203C3C20C5
:10D12000323629292900094F6E6C79206F6E6520EF
:10D130006F66204750494F5F494E545F4C4F575FD1
:10D14000302C204750494F5F494E545F484947486B
:10D150005F312063616E20626520656E61626C657F
:10D160006420666F722061206C6576656C20696E44
:10D17000746572727570742E0A002828666C616777
:10D1800073202620283155203C3C2032322929208A
:10D190003D3D203029207C7C202828666C61677307
:10D1A00020262028283155203C3C20323529207C5F
:10D1B00020283155203C3C20323629292920213D88
:10D1C00020302900094174206C65617374206F6EF2
:10D1D00065206F66204750494F5F494E545F4C4F62
:10D1E000575F302C204750494F5F494E545F4849A4
:10D1F00047485F312068617320746F206265206545
:10D200006E61626C65642E0A004C454420696E6450
:10D210006578206F7574206F662074686520726170
:10D220006E67650043616E6E6F7420726561642085
:10D230006770696F2070696E0043616E6E6F742055
:10D240007772697465204C4544206770696F0047A8
:10D2500050494F2049525120636F6E6669672066BE
:10D2600061696C65642C206572723A202564004601
:10D2700061696C65642064697361626C696E6720C2
:10D28000696E74657272757074730043616E6E6F4F
:10D29000742064697361626C652063616C6C6261A7
:10D2A000636B730043616E6E6F7420656E61626CB8
:10D2B000652063616C6C6261636B730043616E6EC9
:10D2C0006F7420636F6E666967757265204C4544A4
:10D2D000206770696F0043616E6E6F7420636F6EBC
:10D2E00066696775726520627574746F6E20677009
:10D2F000696F0043616E6E6F742064697361626C64
:10D30000652063616C6C6261636B73282900436103
:10D310006E6E6F74206164642063616C6C62616323
:10D320006B00646B5F627574746F6E735F616E64C3
:10D330005F6C65647300574553545F544F504449C4
:10D34000522F6E72662F7375627379732F626C75CC
:10D3500065746F6F74682F636F6E74726F6C6C6539
:10D36000722F6863695F6472697665722E63000963
:10D37000536F667444657669636520436F6E74729B
:10D380006F6C6C6572204153534552543A2025739B
:10D390002C2025640A0A00574553545F544F5044CB
:10D3A00049522F7A65706879722F696E636C756463
:10D3B000652F7A65706879722F6472697665727309
:10D3C0002F656E74726F70792E68006170692D3EE2
:10D3D0006765745F656E74726F707920213D2028D7
:10D3E00028766F6964202A293029000943616C6C12
:10D3F0006261636B20706F696E7465722073686F11
:10D40000756C64206E6F74206265204E554C4C0A1A
:10D41000000954686520656E74726F707920736FAF
:10D42000757263652072657475726E656420616ED5
:10D43000206572726F7220696E206120626C6F636A
:10D440006B696E672063616C6C0A00574553545FCB
:10D45000544F504449522F6E72662F696E636C753B
:10D4600064652F6D70736C2F6D70736C5F776F7266
:10D470006B2E6800096B5F776F726B5F7375626DFF
:10D4800069745F746F5F71756575652829206661C1
:10D49000696C65642E0A00536F667444657669632F
:10D4A0006520436F6E74726F6C6C65722062756973
:10D4B0006C64207265766973696F6E3A2000456E00
:10D4C00074726F707920736F75726365206465760E
:10D4D000696365206E6F74207265616479004661CE
:10D4E000696C656420746F20726567697374657216
:10D4F0002072616E6420736F7572636520282564E5
:10D500002900416C6C6F6361746564206D656D6F9B
:10D51000727920746F6F206C6F773A202575203CEC
:10D52000202575004576656E7420627566666572A5
:10D5300020746F6F20736D616C6C2E202575203EFA
:10D5400020257500556E6578706563746564206D7F
:10D5500073675F747970653A2025752E2054686969
:10D56000732069662D656C7365206E656564732034
:10D5700061206E6577206272616E636800556E6B24
:10D580006E6F776E206572726F72207768656E209D
:10D5900070726F63657373696E6720686369206D6D
:10D5A0006573736167652025640062745F686369F1
:10D5B0005F7364630062745F7364635F6863695F71
:10D5C0006472697665720062745F7364635F63722C
:10D5D0007970746F00574553545F544F504449520B
:10D5E0002F6E72662F7375627379732F6D70736C03
:10D5F0002F696E69742F6D70736C5F696E69742E1C
:10D600006300094D50534C204153534552543A2026
:10D6100025732C2025640A0A00657272636F6465A5
:10D62000203D3D203000096B5F776F726B5F736345
:10D63000686564756C655F666F725F717565756549
:10D640002829206661696C65642E0A004D50534C90
:10D6500020576F726B006D70736C5F696E69740038
:10D66000556E737570706F72746564204846434CD4
:10D670004B206576656E743A2025640057455354F7
:10D680005F544F504449522F6E72662F6472697610
:10D690006572732F6D70736C2F636C6F636B5F6358
:10D6A0006F6E74726F6C2F6E7266785F636C6F63EF
:10D6B0006B5F6D70736C2E6300094E6F7420737511
:10D6C00070706F727465640A006E7266785F636C66
:10D6D0006F636B5F6D70736C00574553545F544FAD
:10D6E000504449522F6E72662F6472697665727368
:10D6F0002F6D70736C2F666C6173685F73796E63E6
:10D700002F666C6173685F73796E635F6D70736CA5
:10D710002E630073657373696F6E5F6964203D3DAE
:10D72000205F636F6E746578742E73657373696FB1
:10D730006E5F696400726574203D3D203000096DA4
:10D7400070736C5F74696D65736C6F745F72657113
:10D7500075657374206661696C65643A2025640A96
:10D760000009756E65787065637465642073696718
:10D770006E616C3A2025750A006D70736C5F746978
:10D780006D65736C6F745F73657373696F6E5F6FD4
:10D7900070656E206661696C65643A202564006B73
:10D7A0005F73656D5F636F756E745F676574282660
:10D7B0005F636F6E746578742E74696D656F7574D0
:10D7C0005F73656D29203D3D203000666C61736894
:10D7D0005F73796E635F6D70736C00574553545F70
:10D7E000544F504449522F6D6F64756C65732F68A8
:10D7F000616C2F6E6F726469632F6E7266782F642E
:10D800007269766572732F7372632F6E7266785FBA
:10D8100063726163656E2E63006D5F63622E696E75
:10D82000697469616C697A656420213D204E5246B5
:10D83000585F4452565F53544154455F554E494ECC
:10D84000495449414C495A454400574553545F5443
:10D850004F504449522F6D6F64756C65732F68612A
:10D860006C2F6E6F726469632F6E7266782F6861B9
:10D870006C2F6E72665F6770696F74652E680069E1
:10D880006E646578203C203800574553545F544FF0
:10D89000504449522F6D6F64756C65732F68616CCD
:10D8A0002F6E6F726469632F6E7266782F6472696F
:10D8B000766572732F7372632F6E7266785F67700E
:10D8C000696F74652E63006E7266795F6770696F49
:10D8D0005F70696E5F70726573656E745F636865B3
:10D8E000636B2870696E290070696E5F69735F6988
:10D8F0006E70757428705F696E7374616E63652CE9
:10D900002070696E290070696E5F6861735F747260
:10D91000696767657228705F696E7374616E6365AD
:10D920002C2070696E2900705F6368616E6E656C93
:10D9300000696E745F656E61626C65000007182394
:10D9400023232323232323232323232300010257D9
:10D950004553545F544F504449522F6D6F64756C5A
:10D9600065732F68616C2F6E6F726469632F6E72BE
:10D9700066782F68616C2F6E72665F677274632EB3
:10D98000680076616C7565203C3D2028283078461B
:10D99000464646554C203C3C202830554C292920F1
:10D9A0003E3E202830554C29290076616C75652053
:10D9B0003C3D20282830784646554C203C3C2028C9
:10D9C00030554C2929203E3E202830554C2929002D
:10D9D00063635F6368616E6E656C203C2028313242
:10D9E000554C2900574553545F544F504449522FCA
:10D9F0006D6F64756C65732F68616C2F6E6F7264E8
:10DA000069632F6E7266782F647269766572732F00
:10DA10007372632F6E7266785F677274632E630031
:10DA2000705F6368616E5F646174610063635F6807
:10DA3000203C3D202830784646464646554C203C02
:10DA40003C202830554C2929006D5F63622E737489
:10DA5000617465203D3D204E5246585F4452565FEA
:10DA600053544154455F494E495449414C495A45E4
:10DA70004400705F636F756E74657200705F6D61F6
:10DA8000696E5F63635F6368616E6E656C006D5F96
:10DA900063622E6368616E6E656C5F646174615B66
:10DAA000305D2E6368616E6E656C203D3D203000F8
:10DAB0006D5F63622E737461746520213D204E5248
:10DAC00046585F4452565F53544154455F554E4942
:10DAD0004E495449414C495A4544006D5F63622E9A
:10DAE0006368616E6E656C5F646174615B695D2E15
:10DAF0006368616E6E656C203D3D206964780057F7
:10DB00004553545F544F504449522F6D6F64756CA8
:10DB100065732F68616C2F6E6F726469632F6E720C
:10DB200066782F68616C2F6E72665F70646D2E6808
:10DB3000007072657363616C6572203E3D20283011
:10DB4000783034554C29007072657363616C65726E
:10DB5000203C3D202830783745554C290057455307
:10DB6000545F544F504449522F6D6F64756C657308
:10DB70002F68616C2F6E6F726469632F6E726678A6
:10DB80002F647269766572732F7372632F6E72667B
:10DB9000785F70646D2E6300705F636F6E66696797
:10DBA000006576656E745F68616E646C65720070A6
:10DBB0005F63622D3E6472765F73746174652021C9
:10DBC0003D204E5246585F4452565F53544154458F
:10DBD0005F554E494E495449414C495A45440057B6
:10DBE0004553545F544F504449522F6D6F64756CC8
:10DBF00065732F68616C2F6E6F726469632F6E722C
:10DC000066782F68616C2F6E72665F7272616D63E9
:10DC10002E6800705F636F6E6669672D3E7772696C
:10DC200074655F627566665F73697A65203C3D2046
:10DC30002830783230554C2900574553545F544FA3
:10DC4000504449522F6D6F64756C65732F68616C19
:10DC50002F6E6F726469632F6E7266782F68616CC5
:10DC60002F6E72665F7370696D2E680070726573D7
:10DC700063616C6572203E3D20282028705F7265CC
:10DC800067203D3D2028284E52465F5350494D5F46
:10DC9000547970652A29203078353030344130305D
:10DCA00030554C2929203F20283429203A2028307B
:10DCB000783032554C2929007072657363616C6548
:10DCC00072203C3D20282028705F726567203D3D12
:10DCD0002028284E52465F5350494D5F5479706555
:10DCE0002A292030783530303441303030554C29B5
:10DCF00029203F202831323629203A202830783711
:10DD000045554C2929002828287072657363616C79
:10DD10006572292025203229203D3D2030290057D9
:10DD20004553545F544F504449522F6D6F64756C86
:10DD300065732F68616C2F6E6F726469632F6E72EA
:10DD400066782F647269766572732F7372632F6EB3
:10DD50007266785F7370696D2E6300705F63622D09
:10DD60003E737461746520213D204E5246585F44D5
:10DD700052565F53544154455F554E494E4954499C
:10DD8000414C495A454400705F786665725F64652E
:10DD900073632D3E705F74785F627566666572208E
:10DDA000213D202828766F6964202A293029207C8B
:10DDB0007C20705F786665725F646573632D3E7466
:10DDC000785F6C656E677468203D3D203000705F41
:10DDD000786665725F646573632D3E705F72785F0D
:10DDE00062756666657220213D202828766F696419
:10DDF000202A293029207C7C20705F786665725F3C
:10DE0000646573632D3E72785F6C656E677468201D
:10DE10003D3D2030002828705F786665725F64653C
:10DE200073632D3E72785F6C656E677468203C206A
:10DE30002831554C203C3C202865617379646D6124
:10DE40005F737570706F72745F626974735B705F1B
:10DE5000696E7374616E63652D3E6472765F696E80
:10DE600073745F6964785D2929292026262028702B
:10DE70005F786665725F646573632D3E74785F6C6E
:10DE8000656E677468203C202831554C203C3C204E
:10DE90002865617379646D615F737570706F7274FA
:10DEA0005F626974735B705F696E7374616E6365E2
:10DEB0002D3E6472765F696E73745F6964785D2964
:10DEC000292929002128666C6167732026202831C2
:10DED000554C203C3C20332929207C7C2028705F35
:10DEE00063622D3E73735F70696E203D3D20307814
:10DEF00046464646464646462900705F63622D3ECA
:10DF000068616E646C6572005465726D696E616CF7
:10DF1000000000000000005454522052454747457D
:10DF20005300574553545F544F504449522F7A651C
:10DF3000706879722F6B65726E656C2F6465766997
:10DF400063652E6300646576203C3D205F646576E2
:10DF50006963655F6C6973745F656E640048616CCA
:10DF600074696E672073797374656D00556E6B6E9E
:10DF70006F776E206572726F72003E3E3E205A458A
:10DF80005048595220464154414C204552524F521C
:10DF90002025643A202573206F6E2043505520259C
:10DFA00064004661756C7420647572696E672069DF
:10DFB0006E746572727570742068616E646C696EDF
:10DFC000670A0043757272656E74207468726561C9
:10DFD000643A202570202825732900574553545F43
:10DFE000544F504449522F7A65706879722F6B658F
:10DFF000726E656C2F666174616C2E630072656170
:10E00000736F6E20213D204B5F4552525F4B45524E
:10E010004E454C5F50414E49430009417474656D53
:10E020007074656420746F207265636F766572200A
:10E0300066726F6D2061206B65726E656C20706119
:10E040006E696320636F6E646974696F6E0A004362
:10E05000505520657863657074696F6E00556E6801
:10E06000616E646C656420696E746572727570743B
:10E0700000537461636B206F766572666C6F770016
:10E080004B65726E656C206F6F7073004B65726EBE
:10E09000656C2070616E696300574553545F544F3F
:10E0A000504449522F7A65706879722F6B65726E91
:10E0B000656C2F696E69742E6300746872656164A3
:10E0C0005F64617461203C3D205F5F7374617469BB
:10E0D000635F7468726561645F646174615F6C69D9
:10E0E00073745F656E640069646C65006D61696E70
:10E0F000006F7300574553545F544F504449522F9B
:10E100007A65706879722F6B65726E656C2F6B68BB
:10E110006561702E630021617263685F69735F6976
:10E120006E5F6973722829207C7C20282874696DB1
:10E13000656F7574292E7469636B73203D3D2028CB
:10E1400028286B5F74696D656F75745F7429207B17
:10E15000307D29292E7469636B73290068656170AD
:10E16000203C3D205F6B5F686561705F6C69737414
:10E170005F656E6400574553545F544F5044495295
:10E180002F7A65706879722F6B65726E656C2F6D72
:10E19000656D5F736C61622E6300736C6162203C1D
:10E1A0003D205F6B5F6D656D5F736C61625F6C6975
:10E1B00073745F656E640028736C61622D3E6672D5
:10E1C00065655F6C697374203D3D202828766F6912
:10E1D00064202A29302920262620736C61622D3E76
:10E1E000696E666F2E6E756D5F75736564203D3D5B
:10E1F00020736C61622D3E696E666F2E6E756D5F69
:10E20000626C6F636B7329207C7C20736C61625F2E
:10E210007074725F69735F676F6F6428736C61629B
:10E220002C20736C61622D3E667265655F6C69734C
:10E2300074290009736C616220636F727275707467
:10E24000696F6E2064657465637465640A000949CA
:10E250006E76616C6964206D656D6F727920706F88
:10E26000696E7465722070726F76696465640A0005
:10E27000574553545F544F504449522F7A65706844
:10E2800079722F6B65726E656C2F696E636C756445
:10E29000652F6B73636865642E6800216172636823
:10E2A0005F6972715F756E6C6F636B6564286B6517
:10E2B0007929007468726561642D3E626173652E10
:10E2C00070656E6465645F6F6E00574553545F54AC
:10E2D0004F504449522F7A65706879722F6B65727E
:10E2E0006E656C2F69646C652E63005F6B65726E82
:10E2F000656C2E637075735B305D2E63757272652D
:10E300006E742D3E626173652E7072696F203E3DA2
:10E31000203000574553545F544F504449522F7A90
:10E3200065706879722F6B65726E656C2F6D73679F
:10E330005F712E63006D7367712D3E77726974652E
:10E340005F707472203E3D206D7367712D3E627563
:10E35000666665725F7374617274202626206D7321
:10E3600067712D3E77726974655F707472203C200E
:10E370006D7367712D3E6275666665725F656E646A
:10E3800000574553545F544F504449522F7A65709B
:10E390006879722F6B65726E656C2F6D7574657818
:10E3A0002E630021617263685F69735F696E5F69E4
:10E3B0007372282900096D7574657865732063612F
:10E3C0006E6E6F74206265207573656420696E736C
:10E3D00069646520495352730A006D757465782D20
:10E3E0003E6C6F636B5F636F756E74203E203055BB
:10E3F00000574553545F544F504449522F7A65702B
:10E400006879722F6B65726E656C2F73656D2E6304
:10E41000002828617263685F69735F696E5F697362
:10E42000722829203D3D203029207C7C202828741A
:10E43000696D656F7574292E7469636B73203D3D3A
:10E44000202828286B5F74696D656F75745F742967
:10E45000207B307D29292E7469636B732929007311
:10E460007973776F726B7100574553545F544F50F7
:10E470004449522F7A65706879722F6B65726E65A8
:10E480006C2F776F726B2E6300776F726B2D3E71FE
:10E490007565756520213D202828766F6964202ADE
:10E4A00029302900776F726B2D3E68616E646C6550
:10E4B0007220213D202828766F6964202A2930297E
:10E4C0000021666C61675F746573742826776F72CC
:10E4D0006B2D3E666C6167732C204B5F574F524B20
:10E4E0005F44454C415941424C455F4249542900E3
:10E4F00073796E6320213D202828766F6964202A75
:10E500002930290021666C61675F74657374282661
:10E5100071756575652D3E666C6167732C204B5F68
:10E52000574F524B5F51554555455F5354415254D7
:10E5300045445F4249542900737461636B006477FA
:10E540006F726B20213D202828766F6964202A296C
:10E55000302900574553545F544F504449522F7A45
:10E5600065706879722F6B65726E656C2F74687256
:10E570006561642E6300282828287072696F292934
:10E58000203D3D203135202626207A5F69735F6962
:10E59000646C655F7468726561645F656E747279DE
:10E5A0002828656E747279292929207C7C202828E6
:10E5B000283135202D203129203E3D2028282D319D
:10E5C000362929292026262028287072696F2929B2
:10E5D000203E3D2028282D31362929202626202896
:10E5E000287072696F2929203C3D20283135202D63
:10E5F00020312929290009696E76616C69642070CF
:10E6000072696F7269747920282564293B20616CD6
:10E610006C6F7765642072616E67653A20256420AF
:10E62000746F2025640A0009546872656164732060
:10E630006D6179206E6F742062652063726561740C
:10E64000656420696E20495352730A00574553543C
:10E650005F544F504449522F7A65706879722F6B1E
:10E6600065726E656C2F73636865642E6300217A32
:10E670005F69735F69646C655F7468726561645F2C
:10E680006F626A65637428746872656164290057F3
:10E690004553545F544F504449522F7A65706879FE
:10E6A000722F6B65726E656C2F696E636C75646535
:10E6B0002F6B7468726561642E68005F6B65726EA3
:10E6C000656C2E637075735B305D2E637572726559
:10E6D0006E7420213D202828766F6964202A293015
:10E6E000290073697A656F66285F73636865645F84
:10E6F0007370696E6C6F636B29203D3D2030207C08
:10E700007C206C6F636B20213D20265F73636865FE
:10E71000645F7370696E6C6F636B005F6B65726EC4
:10E72000656C2E637075735B305D2E6375727265F8
:10E730006E742D3E626173652E73636865645F6CF1
:10E740006F636B656420213D203155005F6B6572FE
:10E750006E656C2E637075735B305D2E63757272BF
:10E76000656E742D3E626173652E73636865645FC8
:10E770006C6F636B656420213D203055002174650A
:10E78000726D696E617465000961626F72746564AF
:10E79000205F63757272656E74206261636B2066C0
:10E7A000726F6D20646561640A0021657373656E24
:10E7B0007469616C000961626F72746564206573CD
:10E7C00073656E7469616C2074687265616420257C
:10E7D000700A00574553545F544F504449522F7AA2
:10E7E00065706879722F6B65726E656C2F74696DD8
:10E7F00065736C6963696E672E6300282874696DA0
:10E80000656F75742920262620282875696E747016
:10E8100074725F74292028736C6963655F74696D15
:10E82000656F7574732929203C3D20282875696E11
:10E83000747074725F7429202874696D656F7574C3
:10E84000292920262620282875696E747074725F25
:10E850007429202874696D656F75742929203C20FE
:10E86000282875696E747074725F742920282628B0
:10E87000736C6963655F74696D656F757473295B2B
:10E88000282873697A655F742920282828696E749E
:10E89000292073697A656F6628636861725B31202D
:10E8A0002D2032202A202128215F5F6275696C7437
:10E8B000696E5F74797065735F636F6D70617469A1
:10E8C000626C655F70285F5F747970656F665F5F0B
:10E8D00028736C6963655F74696D656F75747329FE
:10E8E0002C205F5F747970656F665F5F28262873E0
:10E8F0006C6963655F74696D656F757473295B30EE
:10E900005D2929295D29202D203129202B202873DC
:10E91000697A656F6628736C6963655F74696D6594
:10E920006F75747329202F2073697A656F662828A4
:10E93000736C6963655F74696D656F757473295B6A
:10E94000305D292929295D292920262620282828E3
:10E9500075696E747074725F7429202874696D65AE
:10E960006F75742929202D20282875696E7470749C
:10E97000725F74292028736C6963655F74696D65C3
:10E980006F75747329292920252073697A656F664C
:10E990002828736C6963655F74696D656F7574733E
:10E9A000295B305D29203D3D2030290057455354D7
:10E9B0005F544F504449522F7A65706879722F6BBB
:10E9C00065726E656C2F74696D656F75742E63006A
:10E9D000217379735F646E6F64655F69735F6C69DF
:10E9E0006E6B65642826746F2D3E6E6F646529001A
:10E9F000574553545F544F504449522F7A657068BD
:10EA000079722F6B65726E656C2F706F6C6C2E63F4
:10EA10000009696E76616C6964206576656E7420A4
:10EA200074797065202830782578290A0A0065767F
:10EA3000656E742D3E73656D20213D202828766F0C
:10EA40006964202A2930290009696E76616C69643D
:10EA50002073656D6170686F72650A0A006576657E
:10EA60006E742D3E717565756520213D20282876D0
:10EA70006F6964202A2930290009696E76616C6902
:10EA8000642071756575650A0A006576656E742D7A
:10EA90003E7369676E616C20213D202828766F697E
:10EAA00064202A2930290009696E76616C69642026
:10EAB000706F6C6C207369676E616C0A0A00657612
:10EAC000656E742D3E6D73677120213D2028287678
:10EAD0006F6964202A2930290009696E76616C69A2
:10EAE00064206D6573736167652071756575650A6E
:10EAF0000A006576656E742D3E7069706520213D53
:10EB0000202828766F6964202A2930290009696E37
:10EB100076616C696420706970650A0A0009696E23
:10EB200076616C6964206576656E742074797065B1
:10EB30000A0A00574553545F544F504449522F7AA4
:10EB400065706879722F6B65726E656C2F6D656D7F
:10EB5000706F6F6C2E630028616C69676E202620D1
:10EB600028616C69676E202D20312929203D3D20C8
:10EB7000300009616C69676E206D75737420626581
:10EB8000206120706F776572206F6620320A006105
:10EB90006C69676E203D3D2030207C7C20282875E4
:10EBA000696E747074725F74296D656D20262028FB
:10EBB000616C69676E202D20312929203D3D203070
:10EBC00000096D6973616C69676E6564206D656DC0
:10EBD0006F72792061742025702028616C69676EDE
:10EBE000203D20257A75290A00141400001C2030CD
:10EBF000401C2000001C20304000406372616365AF
:10EC00006E00574553545F544F504449522F6E7213
:10EC1000662F7375627379732F6E72665F736563A7
:10EC200075726974792F7372632F64726976657275
:10EC3000732F63726163656E2F63726163656E70BB
:10EC400073612F7372632F6C69625F6B6D752E63D6
:10EC5000002828282875696E747074725F74296B97
:10EC60006D755F7372632D3E646573742920252072
:10EC7000313629203D3D2030290009444553542098
:10EC80006D6973616C69676E65640A00574553541A
:10EC90005F544F504449522F6E72662F73756273E2
:10ECA00079732F6E72665F73656375726974792FFD
:10ECB0007372632F647269766572732F6372616316
:10ECC000656E2F63726163656E7073612F7372631B
:10ECD0002F6D61632E6300282828616C6729202628
:10ECE0002028287073615F616C676F726974686D4A
:10ECF0005F74292030783766303030303030292941
:10ED0000203D3D2028287073615F616C676F7269D8
:10ED100074686D5F74292030783033303030303093
:10ED200030292900141400001C2030401C20000051
:10ED30001C2030400040574553545F544F504449C5
:10ED4000522F6E72662F7375627379732F6E7266AF
:10ED50005F73656375726974792F7372632F647260
:10ED600069766572732F63726163656E2F6372617A
:10ED700063656E7073612F7372632F6B65795F6D5E
:10ED8000616E6167656D656E742E630064617461A8
:10ED90005F6C656E677468006B65795F6275666647
:10EDA0006572006B65795F6275666665725F6C653A
:10EDB0006E677468006B65795F6269747300010344
:10EDC00002574553545F544F504449522F6E726658
:10EDD0002F7375627379732F6E72665F73656375D7
:10EDE000726974792F7372632F64726976657273B6
:10EDF0002F63726163656E2F737873796D637279B7
:10EE000070742F7372632F706C6174666F726D2FE4
:10EE1000626172656D6574616C2F696E7465727282
:10EE2000757074732E630009556E68616E646C654D
:10EE30006420696E746572727570742E200A00FF0A
:10EE4000FFFFFF00000001000000000000000000C4
:10EE5000000000FFFFFFFFFFFFFFFFFFFFFFFFFFBF
:10EE6000FFFFFF00000000FFFFFFFFFFFFFFFFBCF1
:10EE7000E6FAADA7179E84F3B9CAC2FC6325516BAD
:10EE800017D1F2E12C4247F8BCE6E563A440F277E3
:10EE9000037D812DEB33A0F4A13945D898C2964F5C
:10EEA000E342E2FE1A7F9B8EE7EB4A7C0F9E162B15
:10EEB000CE33576B315ECECBB6406837BF51F5FFCE
:10EEC000FFFFFF0000000100000000000000000044
:10EED000000000FFFFFFFFFFFFFFFFFFFFFFFC5AE7
:10EEE000C635D8AA3A93E7B3EBBD55769886BC658C
:10EEF0001D06B0CC53B0F63BCE3C3E27D2604B2033
:10EF00003042574553545F544F504449522F6E720C
:10EF1000662F7375627379732F6E72665F736563A4
:10EF200075726974792F7372632F7574696C732F9E
:10EF30006E72665F73656375726974795F6D7574FF
:10EF4000657865732E6300574553545F544F5044A2
:10EF500049522F7A65706879722F6B65726E656C95
:10EF60002F6576656E74732E6300647261676F6FD0
:10EF70006E2F6C6962732F7363686564756C696E5C
:10EF8000672F7372632F72656D5F68616C5F657662
:10EF9000656E745F74696D65725F677274632E630A
:0CEFA000006E616E00286E756C6C29001C
:10EFB400FFFFFFFFFF1F00001F0000000000000014
:10EFC4005D40000000000000FFFFFFFF1FFF000086
:10EFD400BAABBABA10101010010000000000000013
:10EFE4000050085000000000000000000C00000069
:10EFF40000FF7F000000000000000000000000008F
:10F00400000000003D2C00000000000055BF00007F
:10F0140000000000552C00000000000075BF000037
:10F024000000000033BF00000000000000000000EA
:10F0340000000000000000000000000000000000CC
:10F0440000000000000000000000000000000000BC
:10F0540000000000000000000000000000000000AC
:10F06400000000000000000000000000000000009C
:10F07400000000000000000000000000000000008C
:10F08400000000000000000000000000000000007C
:10F09400000000000000000000000000000000006C
:10F0A400000000000000000000000000000000005C
:10F0B400000000000000000000000000000000004C
:10F0C400000000000000000000000000000000003C
:10F0D400000000000000000000000000000000002C
:10F0E400000000000000000000000000000000001C
:10F0F400000000000000000000000000000000000C
:10F1040000000000000000000000000000000000FB
:10F1140000000000000000000000000000000000EB
:10F1240000000000000000000000000000000000DB
:10F1340000000000000000000000000000000000CB
:10F1440000000000000000000000000000000000BB
:10F1540000000000000000000000000000000000AB
:10F16400000000000000000000000000000000009B
:10F17400000000000000000000000000000000008B
:10F18400000000000000000000000000000000007B
:10F19400000000000000000000000000000000006B
:10F1A400000000000000000000000000000000005B
:10F1B400000000000000000000000000000000004B
:10F1C400000000000000000000000000000000003B
:10F1D400000000000000000000000000000000002B
:10F1E400000000000000000000000000000000001B
:10F1F400000000000000000000000000000000000B
:10F2040000000000000000000000000000000000FA
:10F2140000000000000000000000000000000000EA
:10F2240000000000000000000000000000000000DA
:10F2340000000000000000000000000000000000CA
:10F2440000000000000000000000000000000000BA
:10F2540000000000000000000000000000000000AA
:10F26400000000000000000000000000000000009A
:10F274000000000000000000CC0700204FD5000073
:10F2840055D5000057D500007DD500005BD50000A2
:10F294008BD5000061D5000097D5000067D500002C
:10F2A4009DD5000073D5000077D5000069D5000016
:10F2B4006FD5000087D5000091D500000000000044
:10F2C400000000000000000000000000000000003A
:10F2D400000000000000000000000000000000002A
:10F2E400000000000000000000000000000000001A
:10F2F400000000000000000000000000000000000A
:10F3040000000000000000000000000000000000F9
:10F3140000000000000000000000000000000000E9
:10F3240000000000000000000000000000000000D9
:10F3340000000000000000000000000000000000C9
:10F3440000000000000000000000000000000000B9
:10F3540000000000000000000000000000000000A9
:10F364000000000000000000000000000000000099
:10F374000000000000000000000000000000000089
:10F3840000000000000000002D56010000000000F5
:10F394000000000000000000000000000000000069
:10F3A4000000000000000000000000000000000059
:10F3B4000000000000000000000000000000000049
:10F3C4000000000000000000000000000000000039
:10F3D4000000000000000000000000000000000029
:10F3E4000000000000000000000000000000000019
:10F3F4000000000000000000000000000000000009
:10F4040000000000000000000000000000000000F8
:10F4140000000000000000000000000000000000E8
:10F4240000000000000000000000000000000000D8
:10F43400640B04000000000000000000B9E50000B7
:10F4440000000000000100000000000000000000B7
:10F4540000000000000000000000000000000000A8
:10F464000000000000000000000000006700000031
:10F474000000000000000000000000000000000088
:10F484000000000000000000000000000000000078
:10F494000000000000000000000000000000000068
:10F4A4000000000000000000000000000000000058
:10F4B4000000000000000000000000000000000048
:10F4C4000000000000000000000000000000000038
:10F4D4000000000000000000000000000000000028
:10F4E4000000000000000000000000000000000018
:10F4F4000000000000000000C1EA0000000000005D
:10F50400000000006DE800001DE80000000000009D
:10F5140000000000B5E80000000000007DE90000E4
:10F52400000000007DEA000000000000199D0300B7
:10F53400C5A80300B5220100B7AD03008DAD0300DB
:10F54400000000003121010000000000B3AB030003
:10F554009890040000000C0000000000000000006F
:10F564000000000000000000000000000000000097
:10F57400FD2301000000000000000000BA90040018
:10F5840000001000A41F040000000000BFAE030030
:10F59400000000000000000000000000AD3E01007B
:10F5A40000000000000000000000000079B3030028
:10F5B400000000000000000000000000B14701004E
:10F5C400000000000000000000000000D1690100FC
:10F5D4000000000000000000000000009D68010021
:10F5E400000000000000000000000000517601004F
:10F5F400000000000000000000000000896E01000F
:10F604000000000000000000580B0020580B0020F0
:10F614000000000000000000B5860100F196010022
:10F62400B5C203000000000000000000B98E010014
:10F6340023C1030059C00300A98601000000000093
:10F6440000000000000000000000000000000000B6
:10F65400000000000DB401000000000000000000E4
:10F6640013C90300000000000000000000000000B7
:10F67400BC7A040000000200C87A040000000A00FA
:10F68400D87A040000002000000000000000000000
:10F694000000000000000000000000000000000066
:10F6A4000000000069C6030000000000EC7A0400BA
:10F6B40000000200F87A040000000200047B040049
:10F6C40000000200140C0020140C002000000000B4
:10F6D400000000000E000000280C0020280C002070
:10F6E40099C30100000000000000000043CD0300A6
:10F6F4000000000000000000902D00200000000029
:10F70400000000000000000000000000FC250400D0
:10F7140001000000640C0020640C002000000000C4
:10F7240001000000740C0020740C00207C0C0020EC
:10F734007C0C002000000000010000008C0C002064
:10F744008C0C0020000000000000000000000000FD
:10F7540000000000000000000000000000000000A5
:10F764000000000000000000A40B040000000000E2
:10F7740000000000717E0020697E002061F6010017
:10F7840000000000FF0000000090D003FF00000014
:10F794000F00000071020000E80C0020E80C0020BB
:10F7A40059E6030055E6030055050400677420007C
:10F7B400380E0020740E0020600E0020580F002028
:10F7C400480F00204C0E0020880E002087040400FF
:10F7D4008B040400970404009ECADC240EE5A9E00F
:0BF7E40093F3A3B50100406E06010185
:10F7EF00000000000000000000000000000000000A
:0DF7FF0000000000000000000000000000FD
:10F80C0000000000000000000000000000000000EC
:10F81C0000000000000000000000000000000000DC
:10F82C0000000000000000000000000000000000CC
:10F83C0000000000000000000000000000000000BC
:04F84C0000000000B8
:04F8500000000000B4
:10F85400A00D0020A00D002000000000D4590220BB
:10F864000000000002000000300000000000000062
:10F87400C00D0020C00D002000000000E015012094
:10F884000000000002000000B800000000000000BA
:10F89400E00D0020E00D0020000000009054012045
:10F8A400000000006400000080020000000000006E
:10F8B400000E0020000E002000000000345A022038
:10F8C40000000000030000001C0000000000000015
:10F8D400000000009044012000100000000000001F
:08F8E40000000000000000001C
:10F8EC00380E0020380E0020000000000000000040
:10F8FC000E0000004C0E00204C0E002000000000FA
:10F90C00000000000E000000600E0020600E0020C1
:10F91C0000000000000000000E000000740E00202B
:10F92C00740E002000000000000000000E0000001B
:10F93C00880E0020880E002000000000000000004F
:10F94C000E0000009C0E00209C0E00200000000009
:10F95C00000000000E000000B00E0020B00E0020D1
:10F96C0000000000000000000E000000C40E00208B
:10F97C00C40E002000000000000000000E0000007B
:10F98C00D80E0020D80E002000000000000000005F
:10F99C000E000000EC0E0020EC0E00200000000019
:08F9AC00000000000E00000045
:10F9B400000F0020000F00200000000001000000E4
:10F9C400100F0020100F0020180F0020180F002027
:10F9D4000000000001000000280F0020280F002074
:10F9E400300F0020300F002000000000FFFFFFFF59
:08F9F400400F0020400F00202D
:10F9FC00480F0020480F002000000000000000000D
:10FA0C00580F0020580F00200000000000000000DC
:10FA1C00000000000000000000000000740F002037
:10FA2C00740F00207C0F00207C0F002000000000D1
:10FA3C000000000000000000900F0020900F00203C
:10FA4C00980F0020980F002000000000000000001C
:10FA5C0000000000AC0F0020AC0F0020B40F002001
:04FA6C00B40F0020B3
:10FA7000000000000000000000000000C80F00208F
:10FA8000C80F0020D00F0020D00F00200000000081
:10FA90000300030010000000000000004C210400DF
:10FAA00000580220000000000000000000000000DC
:10FAB000FC0F0020FC0F0020041000200410002088
:10FAC000000000000300030010000000C98C0100CA
:10FAD000F42104005C590220000000000000000036
:10FAE00000000000301000203010002038100020EE
:10FAF0003810002000000000030003000000000098
:10FB000000000000182004004C54022000000000F7
:10FB100000000000000000006410002064100020BD
:10FB20006C1000206C100020000000000200020099
:10FB300010000000A16C01003C210400D0560220FE
:10FB400000000000000000000000000098100020ED
:10FB500098100020A0100020A0100020000000003D
:10FB60000300030000000000000000000821040062
:10FB70008856022000000000000000000000000085
:10FB8000CC100020CC100020D4100020D410002075
:10FB9000000000000D000D000400000031410100D4
:10FBA0000820040054520220000000000000000061
:10FBB00000000000001100200011002008110020AA
:10FBC00008110020000000000100010000000000FA
:0CFBD000000000002820040098550220CE
:10FBDC0012860400FCFB040000FC0400D1F30000BE
:08FBEC00000000000000000011
:08FBF40030850400FDF2000061
:04FBFC00F4FB040012
:04FC000015E015E016
:0400000310002B19A5
:00000001FF
